{
"type": "FeatureCollection",
"name": "wards_mumbai",
"features": [
{ "type": "Feature", "id": 0, "properties": { "Name": "\n    G/S\n   ", "tessellate": 1, "extrude": 0, "visibility": -1, "NAME2": "G/S\n", "OBJECTID": 1, "Shape__Area": 9741111.9145500008, "Shape__Length": 15974.681034 }, "geometry": { "type": "Polygon", "coordinates": [ [ [ 19.0192703, 72.8266139, 0.0 ], [ 19.0194151, 72.8268942, 0.0 ], [ 19.0196117, 72.8271867, 0.0 ], [ 19.0197772, 72.827479, 0.0 ], [ 19.0200681, 72.8279849, 0.0 ], [ 19.0201871, 72.8281599, 0.0 ], [ 19.0202286, 72.8282256, 0.0 ], [ 19.0202734, 72.8283017, 0.0 ], [ 19.0203867, 72.8284358, 0.0 ], [ 19.0205395, 72.8286194, 0.0 ], [ 19.0207493, 72.8288737, 0.0 ], [ 19.0208281, 72.8289672, 0.0 ], [ 19.0209931, 72.8291628, 0.0 ], [ 19.0211171, 72.829335, 0.0 ], [ 19.0213431, 72.8296332, 0.0 ], [ 19.0214753, 72.8297719, 0.0 ], [ 19.0216002, 72.8299103, 0.0 ], [ 19.0216682, 72.8299888, 0.0 ], [ 19.0217523, 72.8300861, 0.0 ], [ 19.0215795, 72.8302393, 0.0 ], [ 19.0214425, 72.830361, 0.0 ], [ 19.0214288, 72.8303731, 0.0 ], [ 19.0213304, 72.8304479, 0.0 ], [ 19.0210121, 72.8306796, 0.0 ], [ 19.0209426, 72.8307465, 0.0 ], [ 19.0206317, 72.8310877, 0.0 ], [ 19.0206187, 72.831102, 0.0 ], [ 19.020492, 72.8313034, 0.0 ], [ 19.0204329, 72.8313975, 0.0 ], [ 19.0201318, 72.8318175, 0.0 ], [ 19.0198765, 72.8321737, 0.0 ], [ 19.0198532, 72.8322063, 0.0 ], [ 19.0194732, 72.8318998, 0.0 ], [ 19.0189891, 72.8315094, 0.0 ], [ 19.018827, 72.8313812, 0.0 ], [ 19.0185414, 72.8311555, 0.0 ], [ 19.0183839, 72.8310309, 0.0 ], [ 19.0183017, 72.8309659, 0.0 ], [ 19.0182759, 72.8309372, 0.0 ], [ 19.017229, 72.8301316, 0.0 ], [ 19.0170596, 72.8300058, 0.0 ], [ 19.0169273, 72.8298688, 0.0 ], [ 19.0168542, 72.8300094, 0.0 ], [ 19.0165292, 72.8306342, 0.0 ], [ 19.0164398, 72.8308061, 0.0 ], [ 19.0163445, 72.8309893, 0.0 ], [ 19.0160928, 72.8314584, 0.0 ], [ 19.0160877, 72.831468, 0.0 ], [ 19.0158652, 72.8317769, 0.0 ], [ 19.0158401, 72.831802, 0.0 ], [ 19.0155801, 72.832062, 0.0 ], [ 19.015289, 72.8322788, 0.0 ], [ 19.0151822, 72.8323501, 0.0 ], [ 19.0149078, 72.8325332, 0.0 ], [ 19.0138387, 72.8332466, 0.0 ], [ 19.0136878, 72.8333473, 0.0 ], [ 19.0134894, 72.8334797, 0.0 ], [ 19.013402, 72.8335682, 0.0 ], [ 19.013363, 72.8336492, 0.0 ], [ 19.013213, 72.8335693, 0.0 ], [ 19.0128059, 72.8332668, 0.0 ], [ 19.0121815, 72.8338685, 0.0 ], [ 19.0118613, 72.8342227, 0.0 ], [ 19.0114431, 72.8346896, 0.0 ], [ 19.01107, 72.8351065, 0.0 ], [ 19.0109221, 72.8353186, 0.0 ], [ 19.0108586, 72.835387, 0.0 ], [ 19.0107093, 72.835498, 0.0 ], [ 19.0105772, 72.8356088, 0.0 ], [ 19.010233, 72.8359587, 0.0 ], [ 19.0097016, 72.8366969, 0.0 ], [ 19.009112, 72.837516, 0.0 ], [ 19.0089396, 72.8374017, 0.0 ], [ 19.0085083, 72.8371158, 0.0 ], [ 19.0082301, 72.8369311, 0.0 ], [ 19.0080648, 72.8368214, 0.0 ], [ 19.0079963, 72.8367759, 0.0 ], [ 19.007687, 72.8365745, 0.0 ], [ 19.0073951, 72.8363588, 0.0 ], [ 19.0072894, 72.83629, 0.0 ], [ 19.0072891, 72.8362898, 0.0 ], [ 19.0071834, 72.8362209, 0.0 ], [ 19.0070735, 72.8361493, 0.0 ], [ 19.0067581, 72.8359522, 0.0 ], [ 19.0064759, 72.8357805, 0.0 ], [ 19.0061859, 72.8356129, 0.0 ], [ 19.0059863, 72.835503, 0.0 ], [ 19.0056065, 72.8353141, 0.0 ], [ 19.0051504, 72.8350971, 0.0 ], [ 19.0051032, 72.8350746, 0.0 ], [ 19.0046491, 72.8348715, 0.0 ], [ 19.0043246, 72.8347379, 0.0 ], [ 19.0042345, 72.8347008, 0.0 ], [ 19.0037473, 72.8345046, 0.0 ], [ 19.0033087, 72.8343455, 0.0 ], [ 19.0029051, 72.8341963, 0.0 ], [ 19.0025776, 72.83409, 0.0 ], [ 19.0022201, 72.8339786, 0.0 ], [ 19.0012603, 72.8336464, 0.0 ], [ 19.0010676, 72.8336056, 0.0 ], [ 19.001, 72.8335902, 0.0 ], [ 19.0008469, 72.833558, 0.0 ], [ 18.9999038, 72.8333414, 0.0 ], [ 18.9983404, 72.8331046, 0.0 ], [ 18.9964019, 72.8330219, 0.0 ], [ 18.9950883, 72.8330684, 0.0 ], [ 18.9948617, 72.8330774, 0.0 ], [ 18.9925926, 72.8330268, 0.0 ], [ 18.991135, 72.8330411, 0.0 ], [ 18.9899246, 72.8330306, 0.0 ], [ 18.9896364, 72.833027, 0.0 ], [ 18.9894987, 72.8330268, 0.0 ], [ 18.9894986, 72.8330255, 0.0 ], [ 18.9894984, 72.833023, 0.0 ], [ 18.9894982, 72.8330203, 0.0 ], [ 18.9894902, 72.8330203, 0.0 ], [ 18.9881218, 72.8331335, 0.0 ], [ 18.9881192, 72.8331216, 0.0 ], [ 18.9879659, 72.8329835, 0.0 ], [ 18.9878514, 72.8328641, 0.0 ], [ 18.9878245, 72.8328403, 0.0 ], [ 18.9876656, 72.8326994, 0.0 ], [ 18.9875848, 72.8326278, 0.0 ], [ 18.9873607, 72.8324292, 0.0 ], [ 18.9872332, 72.8323162, 0.0 ], [ 18.9869518, 72.8320645, 0.0 ], [ 18.9867025, 72.8318299, 0.0 ], [ 18.9864706, 72.8316309, 0.0 ], [ 18.9862673, 72.8314657, 0.0 ], [ 18.9861865, 72.8314049, 0.0 ], [ 18.9861121, 72.8313387, 0.0 ], [ 18.9859076, 72.8311594, 0.0 ], [ 18.9855008, 72.8307734, 0.0 ], [ 18.9853003, 72.8305938, 0.0 ], [ 18.9848462, 72.8301595, 0.0 ], [ 18.9846615, 72.8299812, 0.0 ], [ 18.9844358, 72.8297671, 0.0 ], [ 18.9842423, 72.8295803, 0.0 ], [ 18.9840341, 72.829396, 0.0 ], [ 18.9836469, 72.8290382, 0.0 ], [ 18.9834687, 72.8288782, 0.0 ], [ 18.9830828, 72.8285237, 0.0 ], [ 18.9829433, 72.8284042, 0.0 ], [ 18.9822536, 72.8277877, 0.0 ], [ 18.9818721, 72.8274526, 0.0 ], [ 18.9814711, 72.8270984, 0.0 ], [ 18.9814221, 72.8270551, 0.0 ], [ 18.9814567, 72.8269577, 0.0 ], [ 18.981478, 72.8268877, 0.0 ], [ 18.9814867, 72.8268278, 0.0 ], [ 18.9814827, 72.8267549, 0.0 ], [ 18.9814788, 72.8266885, 0.0 ], [ 18.9814623, 72.8266323, 0.0 ], [ 18.9814267, 72.8265598, 0.0 ], [ 18.9813849, 72.8264906, 0.0 ], [ 18.9813242, 72.826435, 0.0 ], [ 18.9812796, 72.8263957, 0.0 ], [ 18.9812066, 72.8263701, 0.0 ], [ 18.9811434, 72.826361, 0.0 ], [ 18.9810738, 72.8263519, 0.0 ], [ 18.9810054, 72.8263554, 0.0 ], [ 18.9809724, 72.8261917, 0.0 ], [ 18.9809712, 72.8261855, 0.0 ], [ 18.980971, 72.8261845, 0.0 ], [ 18.9809576, 72.826118, 0.0 ], [ 18.9809045, 72.8258481, 0.0 ], [ 18.9808845, 72.8257602, 0.0 ], [ 18.9808315, 72.8254743, 0.0 ], [ 18.9806841, 72.8246989, 0.0 ], [ 18.9806337, 72.8244278, 0.0 ], [ 18.9805643, 72.8240779, 0.0 ], [ 18.9805423, 72.8239669, 0.0 ], [ 18.9804892, 72.8237362, 0.0 ], [ 18.9803721, 72.8231903, 0.0 ], [ 18.9801546, 72.8221761, 0.0 ], [ 18.9801366, 72.8220896, 0.0 ], [ 18.9800595, 72.8217209, 0.0 ], [ 18.9800494, 72.8216725, 0.0 ], [ 18.9800293, 72.8215765, 0.0 ], [ 18.9799944, 72.8214092, 0.0 ], [ 18.9799537, 72.8212147, 0.0 ], [ 18.9798133, 72.8205428, 0.0 ], [ 18.9798009, 72.8204833, 0.0 ], [ 18.9797682, 72.8203266, 0.0 ], [ 18.9797117, 72.8200565, 0.0 ], [ 18.9797087, 72.8200418, 0.0 ], [ 18.9796284, 72.8196526, 0.0 ], [ 18.9796021, 72.8195248, 0.0 ], [ 18.9795831, 72.8194262, 0.0 ], [ 18.9795728, 72.8193728, 0.0 ], [ 18.9795641, 72.8193299, 0.0 ], [ 18.9795501, 72.8192609, 0.0 ], [ 18.9795306, 72.8191647, 0.0 ], [ 18.9795136, 72.8190796, 0.0 ], [ 18.9794851, 72.8189368, 0.0 ], [ 18.9794491, 72.8187499, 0.0 ], [ 18.9790969, 72.8169227, 0.0 ], [ 18.9790286, 72.8165681, 0.0 ], [ 18.9790282, 72.8165664, 0.0 ], [ 18.9788905, 72.8158808, 0.0 ], [ 18.978564, 72.8142555, 0.0 ], [ 18.9785041, 72.8139573, 0.0 ], [ 18.9780611, 72.8117149, 0.0 ], [ 18.9780577, 72.8116643, 0.0 ], [ 18.9780537, 72.8116032, 0.0 ], [ 18.9780709, 72.8114615, 0.0 ], [ 18.9780771, 72.811451, 0.0 ], [ 18.978119, 72.8113803, 0.0 ], [ 18.9781577, 72.811315, 0.0 ], [ 18.9782017, 72.8112675, 0.0 ], [ 18.9781864, 72.8112331, 0.0 ], [ 18.9781876, 72.8111622, 0.0 ], [ 18.9782086, 72.8110112, 0.0 ], [ 18.9782194, 72.8109774, 0.0 ], [ 18.9782562, 72.8108594, 0.0 ], [ 18.978259, 72.810745, 0.0 ], [ 18.9782593, 72.8107009, 0.0 ], [ 18.9782599, 72.8106042, 0.0 ], [ 18.9782637, 72.8104095, 0.0 ], [ 18.9782645, 72.810371, 0.0 ], [ 18.978266, 72.810306, 0.0 ], [ 18.9782661, 72.8101798, 0.0 ], [ 18.9782661, 72.8101727, 0.0 ], [ 18.9782681, 72.8099189, 0.0 ], [ 18.9782709, 72.8098018, 0.0 ], [ 18.9782718, 72.8097489, 0.0 ], [ 18.9782727, 72.8096923, 0.0 ], [ 18.9782744, 72.8096083, 0.0 ], [ 18.9782803, 72.8095924, 0.0 ], [ 18.9783091, 72.8095946, 0.0 ], [ 18.9783307, 72.8095917, 0.0 ], [ 18.9783426, 72.8095781, 0.0 ], [ 18.9783513, 72.8095512, 0.0 ], [ 18.9783744, 72.8094972, 0.0 ], [ 18.9784184, 72.8094213, 0.0 ], [ 18.9784467, 72.8093768, 0.0 ], [ 18.9784786, 72.8093397, 0.0 ], [ 18.9785044, 72.8093147, 0.0 ], [ 18.9785256, 72.8093028, 0.0 ], [ 18.9785455, 72.8093073, 0.0 ], [ 18.9785888, 72.8093201, 0.0 ], [ 18.9786004, 72.8093139, 0.0 ], [ 18.9786036, 72.8092988, 0.0 ], [ 18.9786053, 72.8092889, 0.0 ], [ 18.9786391, 72.8092804, 0.0 ], [ 18.9786569, 72.809287, 0.0 ], [ 18.9787027, 72.8092955, 0.0 ], [ 18.9787567, 72.8092996, 0.0 ], [ 18.9787935, 72.8092963, 0.0 ], [ 18.978808, 72.809294, 0.0 ], [ 18.9788191, 72.8092769, 0.0 ], [ 18.9788257, 72.8092563, 0.0 ], [ 18.9788253, 72.8092541, 0.0 ], [ 18.9788231, 72.8092424, 0.0 ], [ 18.9787589, 72.8091873, 0.0 ], [ 18.9787584, 72.8091868, 0.0 ], [ 18.9786862, 72.8091167, 0.0 ], [ 18.9786059, 72.8090422, 0.0 ], [ 18.9786054, 72.8089985, 0.0 ], [ 18.9785708, 72.8089512, 0.0 ], [ 18.9785057, 72.8088805, 0.0 ], [ 18.9784448, 72.8088456, 0.0 ], [ 18.9783268, 72.8087835, 0.0 ], [ 18.9782507, 72.808711, 0.0 ], [ 18.9781982, 72.808528, 0.0 ], [ 18.9782066, 72.808323, 0.0 ], [ 18.9782606, 72.8080075, 0.0 ], [ 18.9783084, 72.8077755, 0.0 ], [ 18.9784662, 72.8073866, 0.0 ], [ 18.9786283, 72.8070583, 0.0 ], [ 18.9789037, 72.806554, 0.0 ], [ 18.9790987, 72.80617, 0.0 ], [ 18.9792887, 72.8058256, 0.0 ], [ 18.9804187, 72.806518, 0.0 ], [ 18.9814335, 72.8071233, 0.0 ], [ 18.9826167, 72.8078086, 0.0 ], [ 18.9836142, 72.8083846, 0.0 ], [ 18.983949, 72.8085779, 0.0 ], [ 18.9846369, 72.808971, 0.0 ], [ 18.985463, 72.8094132, 0.0 ], [ 18.9858912, 72.8095898, 0.0 ], [ 18.987541, 72.8102257, 0.0 ], [ 18.9883864, 72.8105267, 0.0 ], [ 18.988633, 72.8106145, 0.0 ], [ 18.9898668, 72.8110539, 0.0 ], [ 18.9911877, 72.8114095, 0.0 ], [ 18.9931814, 72.8118529, 0.0 ], [ 18.9945727, 72.8118706, 0.0 ], [ 18.9949451, 72.8118345, 0.0 ], [ 18.9959017, 72.8118716, 0.0 ], [ 18.9960486, 72.8118693, 0.0 ], [ 18.9963363, 72.8118649, 0.0 ], [ 18.9966471, 72.8118158, 0.0 ], [ 18.9971228, 72.811623, 0.0 ], [ 18.9981754, 72.811268, 0.0 ], [ 18.9982012, 72.8113685, 0.0 ], [ 18.9982031, 72.8113765, 0.0 ], [ 18.9982707, 72.8113592, 0.0 ], [ 18.9983567, 72.8113516, 0.0 ], [ 18.9984355, 72.8113482, 0.0 ], [ 18.9985465, 72.8113496, 0.0 ], [ 18.9985687, 72.8113497, 0.0 ], [ 18.9988486, 72.811351, 0.0 ], [ 18.9989209, 72.8113512, 0.0 ], [ 18.9996069, 72.811353, 0.0 ], [ 18.9996073, 72.811353, 0.0 ], [ 18.9998346, 72.8113255, 0.0 ], [ 18.9998773, 72.8113263, 0.0 ], [ 19.0002067, 72.811332, 0.0 ], [ 19.0002425, 72.8113318, 0.0 ], [ 19.0004503, 72.8113307, 0.0 ], [ 19.0006904, 72.8113305, 0.0 ], [ 19.0009036, 72.8113307, 0.0 ], [ 19.000921, 72.8113307, 0.0 ], [ 19.0010691, 72.8113295, 0.0 ], [ 19.0011486, 72.8113313, 0.0 ], [ 19.0012753, 72.8113401, 0.0 ], [ 19.0013757, 72.8113525, 0.0 ], [ 19.0014833, 72.8113715, 0.0 ], [ 19.0015173, 72.8113805, 0.0 ], [ 19.0015583, 72.8113914, 0.0 ], [ 19.0017139, 72.8114443, 0.0 ], [ 19.0018816, 72.8115193, 0.0 ], [ 19.0020011, 72.8115851, 0.0 ], [ 19.0021316, 72.8116615, 0.0 ], [ 19.0022385, 72.811721, 0.0 ], [ 19.0027084, 72.8119935, 0.0 ], [ 19.0028136, 72.8120545, 0.0 ], [ 19.0034143, 72.8123985, 0.0 ], [ 19.0038128, 72.8126251, 0.0 ], [ 19.0040585, 72.8127713, 0.0 ], [ 19.0041588, 72.812831, 0.0 ], [ 19.004663, 72.8131218, 0.0 ], [ 19.0047155, 72.8131534, 0.0 ], [ 19.0047629, 72.8131798, 0.0 ], [ 19.0048016, 72.8131997, 0.0 ], [ 19.004835, 72.8132152, 0.0 ], [ 19.0048949, 72.8132443, 0.0 ], [ 19.0049822, 72.8132836, 0.0 ], [ 19.004996, 72.8132892, 0.0 ], [ 19.0050497, 72.8133156, 0.0 ], [ 19.0051173, 72.8133458, 0.0 ], [ 19.0052429, 72.8134018, 0.0 ], [ 19.0053123, 72.8134279, 0.0 ], [ 19.0054679, 72.8134832, 0.0 ], [ 19.0056247, 72.8135313, 0.0 ], [ 19.0057467, 72.8135716, 0.0 ], [ 19.0058675, 72.8136086, 0.0 ], [ 19.0059994, 72.8136497, 0.0 ], [ 19.0061271, 72.8136881, 0.0 ], [ 19.0062644, 72.8137296, 0.0 ], [ 19.0064321, 72.81378, 0.0 ], [ 19.0066178, 72.8138364, 0.0 ], [ 19.0068103, 72.813895, 0.0 ], [ 19.0069556, 72.813938, 0.0 ], [ 19.0071096, 72.8139849, 0.0 ], [ 19.0071104, 72.8139851, 0.0 ], [ 19.0073232, 72.814052, 0.0 ], [ 19.0075328, 72.8141185, 0.0 ], [ 19.0078116, 72.8142069, 0.0 ], [ 19.0079847, 72.8142589, 0.0 ], [ 19.0080838, 72.8142887, 0.0 ], [ 19.0082554, 72.8143419, 0.0 ], [ 19.0083972, 72.8143918, 0.0 ], [ 19.0084918, 72.8144261, 0.0 ], [ 19.0086257, 72.8144833, 0.0 ], [ 19.0087251, 72.8145258, 0.0 ], [ 19.008811, 72.8145634, 0.0 ], [ 19.0089445, 72.8146272, 0.0 ], [ 19.009091, 72.8147015, 0.0 ], [ 19.0092227, 72.8147734, 0.0 ], [ 19.0093553, 72.814851, 0.0 ], [ 19.0094755, 72.8149197, 0.0 ], [ 19.0095321, 72.8149542, 0.0 ], [ 19.0103977, 72.8154803, 0.0 ], [ 19.0112204, 72.815977, 0.0 ], [ 19.0117915, 72.8163163, 0.0 ], [ 19.0119518, 72.816397, 0.0 ], [ 19.0120704, 72.8164513, 0.0 ], [ 19.0122213, 72.8165038, 0.0 ], [ 19.0123931, 72.8165647, 0.0 ], [ 19.012457, 72.8165873, 0.0 ], [ 19.0125912, 72.8166261, 0.0 ], [ 19.012701, 72.8166509, 0.0 ], [ 19.0129052, 72.8166882, 0.0 ], [ 19.0130575, 72.8167099, 0.0 ], [ 19.0131811, 72.8167194, 0.0 ], [ 19.0133906, 72.8167288, 0.0 ], [ 19.0135195, 72.8167297, 0.0 ], [ 19.013679, 72.8167251, 0.0 ], [ 19.013739, 72.8167179, 0.0 ], [ 19.0138027, 72.8167102, 0.0 ], [ 19.0139399, 72.8166873, 0.0 ], [ 19.0140997, 72.8166495, 0.0 ], [ 19.0141753, 72.8166222, 0.0 ], [ 19.0142578, 72.8166042, 0.0 ], [ 19.0142893, 72.8165914, 0.0 ], [ 19.0143728, 72.8165653, 0.0 ], [ 19.0145105, 72.8165295, 0.0 ], [ 19.0145978, 72.8165066, 0.0 ], [ 19.0146673, 72.8164894, 0.0 ], [ 19.0147396, 72.8164708, 0.0 ], [ 19.0148077, 72.8164551, 0.0 ], [ 19.0148595, 72.8164422, 0.0 ], [ 19.0148944, 72.8164332, 0.0 ], [ 19.0149066, 72.8164286, 0.0 ], [ 19.0149131, 72.8164261, 0.0 ], [ 19.0149212, 72.816422, 0.0 ], [ 19.0149293, 72.816418, 0.0 ], [ 19.0149524, 72.8164073, 0.0 ], [ 19.0149634, 72.8164002, 0.0 ], [ 19.0150468, 72.8163593, 0.0 ], [ 19.0151088, 72.8163264, 0.0 ], [ 19.0151985, 72.8162841, 0.0 ], [ 19.0152774, 72.8162468, 0.0 ], [ 19.0154424, 72.816145, 0.0 ], [ 19.0154927, 72.816109, 0.0 ], [ 19.0155708, 72.8160582, 0.0 ], [ 19.0156315, 72.8160226, 0.0 ], [ 19.0157265, 72.8159735, 0.0 ], [ 19.0157859, 72.8159465, 0.0 ], [ 19.015833, 72.8159271, 0.0 ], [ 19.0158857, 72.8159072, 0.0 ], [ 19.015937, 72.8158898, 0.0 ], [ 19.0160139, 72.8158671, 0.0 ], [ 19.0161103, 72.8158442, 0.0 ], [ 19.0162017, 72.8158281, 0.0 ], [ 19.0162624, 72.8158202, 0.0 ], [ 19.0181778, 72.8157057, 0.0 ], [ 19.0211145, 72.8155265, 0.0 ], [ 19.022306, 72.8154557, 0.0 ], [ 19.0238541, 72.8153582, 0.0 ], [ 19.0239072, 72.8153511, 0.0 ], [ 19.0239515, 72.8153439, 0.0 ], [ 19.0240152, 72.8153324, 0.0 ], [ 19.0240816, 72.8153188, 0.0 ], [ 19.0241312, 72.8153076, 0.0 ], [ 19.0241941, 72.8152922, 0.0 ], [ 19.0242444, 72.8152788, 0.0 ], [ 19.024312, 72.8152593, 0.0 ], [ 19.0243444, 72.8152494, 0.0 ], [ 19.0243787, 72.8152384, 0.0 ], [ 19.0243985, 72.8152318, 0.0 ], [ 19.0244143, 72.8152265, 0.0 ], [ 19.0244261, 72.8152225, 0.0 ], [ 19.024473, 72.8152058, 0.0 ], [ 19.0245092, 72.8151924, 0.0 ], [ 19.0245262, 72.8151859, 0.0 ], [ 19.0245555, 72.8151745, 0.0 ], [ 19.0245728, 72.8151675, 0.0 ], [ 19.0245919, 72.8151597, 0.0 ], [ 19.0246139, 72.8151505, 0.0 ], [ 19.0246503, 72.8151349, 0.0 ], [ 19.0246755, 72.8151238, 0.0 ], [ 19.0247092, 72.8151084, 0.0 ], [ 19.0247307, 72.8150983, 0.0 ], [ 19.024756, 72.8150863, 0.0 ], [ 19.0247765, 72.8150762, 0.0 ], [ 19.0247961, 72.8150665, 0.0 ], [ 19.0248171, 72.8150559, 0.0 ], [ 19.0248347, 72.8150468, 0.0 ], [ 19.0248712, 72.8150275, 0.0 ], [ 19.0248855, 72.8150198, 0.0 ], [ 19.0249046, 72.8150093, 0.0 ], [ 19.0249267, 72.8149969, 0.0 ], [ 19.025002, 72.8149531, 0.0 ], [ 19.0259271, 72.814431, 0.0 ], [ 19.0266776, 72.8140336, 0.0 ], [ 19.0268506, 72.8143949, 0.0 ], [ 19.0268786, 72.8146409, 0.0 ], [ 19.026588, 72.8150508, 0.0 ], [ 19.0262005, 72.8155175, 0.0 ], [ 19.0258973, 72.81583, 0.0 ], [ 19.0253601, 72.8164055, 0.0 ], [ 19.0245863, 72.8169136, 0.0 ], [ 19.0239854, 72.8173719, 0.0 ], [ 19.0228762, 72.8188853, 0.0 ], [ 19.022998, 72.818993, 0.0 ], [ 19.0230746, 72.8190608, 0.0 ], [ 19.0230867, 72.8190732, 0.0 ], [ 19.0230963, 72.8190863, 0.0 ], [ 19.0231039, 72.8191006, 0.0 ], [ 19.0231093, 72.8191145, 0.0 ], [ 19.0231129, 72.8191286, 0.0 ], [ 19.0231144, 72.8191391, 0.0 ], [ 19.0231151, 72.8191537, 0.0 ], [ 19.023114, 72.8191685, 0.0 ], [ 19.0231108, 72.8191849, 0.0 ], [ 19.0231055, 72.8192004, 0.0 ], [ 19.0231021, 72.8192078, 0.0 ], [ 19.0230961, 72.8192184, 0.0 ], [ 19.0230881, 72.8192295, 0.0 ], [ 19.0230791, 72.8192395, 0.0 ], [ 19.0230684, 72.8192488, 0.0 ], [ 19.0230594, 72.819255, 0.0 ], [ 19.0230505, 72.81926, 0.0 ], [ 19.0230434, 72.8192632, 0.0 ], [ 19.0230373, 72.8192656, 0.0 ], [ 19.0230329, 72.819267, 0.0 ], [ 19.0230273, 72.8192686, 0.0 ], [ 19.0230174, 72.8192705, 0.0 ], [ 19.0230075, 72.8192715, 0.0 ], [ 19.0229969, 72.8192716, 0.0 ], [ 19.0229909, 72.8192711, 0.0 ], [ 19.0229783, 72.8192692, 0.0 ], [ 19.0229606, 72.8192636, 0.0 ], [ 19.0229443, 72.8192554, 0.0 ], [ 19.0229273, 72.8192426, 0.0 ], [ 19.0224124, 72.8188252, 0.0 ], [ 19.0221016, 72.8185786, 0.0 ], [ 19.0219951, 72.8186268, 0.0 ], [ 19.0219443, 72.8186531, 0.0 ], [ 19.0218059, 72.8186831, 0.0 ], [ 19.0213463, 72.8187352, 0.0 ], [ 19.0210857, 72.8187309, 0.0 ], [ 19.0206603, 72.8187928, 0.0 ], [ 19.0198484, 72.8189186, 0.0 ], [ 19.0196002, 72.8189269, 0.0 ], [ 19.0195006, 72.8189538, 0.0 ], [ 19.0194256, 72.8189907, 0.0 ], [ 19.019049, 72.819267, 0.0 ], [ 19.0186618, 72.8195756, 0.0 ], [ 19.0186919, 72.8195962, 0.0 ], [ 19.0186827, 72.8196193, 0.0 ], [ 19.0186631, 72.819658, 0.0 ], [ 19.0186416, 72.8197138, 0.0 ], [ 19.0186297, 72.8197445, 0.0 ], [ 19.018594, 72.8198609, 0.0 ], [ 19.0185412, 72.8200528, 0.0 ], [ 19.018534, 72.8200933, 0.0 ], [ 19.0185325, 72.8201018, 0.0 ], [ 19.0185269, 72.8201408, 0.0 ], [ 19.0185249, 72.8201547, 0.0 ], [ 19.0185212, 72.8201987, 0.0 ], [ 19.018515, 72.8202732, 0.0 ], [ 19.0185069, 72.8203707, 0.0 ], [ 19.0185047, 72.8203969, 0.0 ], [ 19.0185003, 72.8204169, 0.0 ], [ 19.0184913, 72.8204413, 0.0 ], [ 19.0184904, 72.8204433, 0.0 ], [ 19.0184613, 72.8205022, 0.0 ], [ 19.0184503, 72.820524, 0.0 ], [ 19.0184233, 72.8205677, 0.0 ], [ 19.0184189, 72.8205748, 0.0 ], [ 19.0184165, 72.8205777, 0.0 ], [ 19.0184058, 72.820591, 0.0 ], [ 19.0184045, 72.8205927, 0.0 ], [ 19.0183961, 72.820602, 0.0 ], [ 19.018396, 72.8206021, 0.0 ], [ 19.0183696, 72.8206316, 0.0 ], [ 19.0183186, 72.820682, 0.0 ], [ 19.0182706, 72.8207233, 0.0 ], [ 19.0182301, 72.8207564, 0.0 ], [ 19.0182186, 72.8207651, 0.0 ], [ 19.0182128, 72.8207694, 0.0 ], [ 19.0181948, 72.8207809, 0.0 ], [ 19.018191, 72.8207826, 0.0 ], [ 19.018188, 72.820784, 0.0 ], [ 19.0181323, 72.8208135, 0.0 ], [ 19.0181083, 72.8208257, 0.0 ], [ 19.018005, 72.8208772, 0.0 ], [ 19.0179948, 72.8208828, 0.0 ], [ 19.0179661, 72.8208916, 0.0 ], [ 19.0179162, 72.8209, 0.0 ], [ 19.0179102, 72.820901, 0.0 ], [ 19.0179068, 72.8209013, 0.0 ], [ 19.0178526, 72.8209054, 0.0 ], [ 19.0178176, 72.8209044, 0.0 ], [ 19.0177152, 72.8215201, 0.0 ], [ 19.017677, 72.8220994, 0.0 ], [ 19.0176596, 72.8221814, 0.0 ], [ 19.0176072, 72.8222531, 0.0 ], [ 19.0175893, 72.8223006, 0.0 ], [ 19.0175701, 72.8227364, 0.0 ], [ 19.017591, 72.8228394, 0.0 ], [ 19.0176307, 72.823012, 0.0 ], [ 19.0176609, 72.8231396, 0.0 ], [ 19.0176953, 72.823295, 0.0 ], [ 19.017723, 72.8234501, 0.0 ], [ 19.0177539, 72.8235826, 0.0 ], [ 19.0177879, 72.8237305, 0.0 ], [ 19.0178284, 72.8238941, 0.0 ], [ 19.0178527, 72.8239716, 0.0 ], [ 19.0178842, 72.8240594, 0.0 ], [ 19.0179257, 72.8241682, 0.0 ], [ 19.0179982, 72.8243274, 0.0 ], [ 19.0181001, 72.8245258, 0.0 ], [ 19.01819, 72.8247166, 0.0 ], [ 19.0182884, 72.8249043, 0.0 ], [ 19.0184051, 72.8251153, 0.0 ], [ 19.0185192, 72.8253013, 0.0 ], [ 19.0186564, 72.8255441, 0.0 ], [ 19.0187736, 72.825753, 0.0 ], [ 19.0188777, 72.8259323, 0.0 ], [ 19.0189818, 72.8261183, 0.0 ], [ 19.0190015, 72.8261521, 0.0 ], [ 19.0190971, 72.8263137, 0.0 ], [ 19.0191868, 72.8264729, 0.0 ], [ 19.0192703, 72.8266139, 0.0 ] ] ] } },
{ "type": "Feature", "id": 1, "properties": { "Name": "\n    F/N\n   ", "tessellate": 1, "extrude": 0, "visibility": -1, "NAME2": "F/N\n", "OBJECTID": 2, "Shape__Area": 12853652.852, "Shape__Length": 16825.3683394 }, "geometry": { "type": "Polygon", "coordinates": [ [ [ 19.0097686, 72.8849784, 0.0 ], [ 19.0088072, 72.8836843, 0.0 ], [ 19.0083217, 72.8830309, 0.0 ], [ 19.0075026, 72.881942, 0.0 ], [ 19.0072497, 72.8807203, 0.0 ], [ 19.0066091, 72.8795664, 0.0 ], [ 19.0060282, 72.8784117, 0.0 ], [ 19.0058655, 72.8772516, 0.0 ], [ 19.0058414, 72.8751477, 0.0 ], [ 19.006181, 72.8735102, 0.0 ], [ 19.0064415, 72.8727845, 0.0 ], [ 19.0063454, 72.8722204, 0.0 ], [ 19.006101, 72.8717524, 0.0 ], [ 19.0054407, 72.8714781, 0.0 ], [ 19.0047198, 72.8711418, 0.0 ], [ 19.0044506, 72.870989, 0.0 ], [ 19.0073764, 72.8699016, 0.0 ], [ 19.0076641, 72.8697947, 0.0 ], [ 19.0082191, 72.8695884, 0.0 ], [ 19.0086742, 72.8694192, 0.0 ], [ 19.0086721, 72.8693939, 0.0 ], [ 19.0086701, 72.8693698, 0.0 ], [ 19.0086701, 72.8693691, 0.0 ], [ 19.0086104, 72.8692503, 0.0 ], [ 19.0085285, 72.869021, 0.0 ], [ 19.0087595, 72.8689646, 0.0 ], [ 19.0088066, 72.8689587, 0.0 ], [ 19.008857, 72.8689598, 0.0 ], [ 19.009082, 72.8689967, 0.0 ], [ 19.0091392, 72.8689986, 0.0 ], [ 19.0095074, 72.8689878, 0.0 ], [ 19.0095963, 72.8689681, 0.0 ], [ 19.0096641, 72.8689416, 0.0 ], [ 19.0097669, 72.8688881, 0.0 ], [ 19.0098571, 72.8688321, 0.0 ], [ 19.0099847, 72.8687439, 0.0 ], [ 19.0101204, 72.8686272, 0.0 ], [ 19.0102277, 72.8685277, 0.0 ], [ 19.0102892, 72.8684615, 0.0 ], [ 19.0103438, 72.8683812, 0.0 ], [ 19.0103575, 72.8683289, 0.0 ], [ 19.0103684, 72.8682527, 0.0 ], [ 19.0103655, 72.8680751, 0.0 ], [ 19.0103857, 72.8680103, 0.0 ], [ 19.0104013, 72.8679747, 0.0 ], [ 19.0104237, 72.8679497, 0.0 ], [ 19.0104546, 72.8679281, 0.0 ], [ 19.0104872, 72.8679153, 0.0 ], [ 19.0105401, 72.8679031, 0.0 ], [ 19.0106072, 72.8678872, 0.0 ], [ 19.0106643, 72.8678838, 0.0 ], [ 19.0108254, 72.8678535, 0.0 ], [ 19.0108757, 72.8678378, 0.0 ], [ 19.0109142, 72.8678214, 0.0 ], [ 19.0109517, 72.8677909, 0.0 ], [ 19.0109916, 72.8677568, 0.0 ], [ 19.0110347, 72.8676996, 0.0 ], [ 19.0110998, 72.8675803, 0.0 ], [ 19.0112124, 72.8674295, 0.0 ], [ 19.0112456, 72.8673964, 0.0 ], [ 19.0113116, 72.8673531, 0.0 ], [ 19.0114984, 72.8672234, 0.0 ], [ 19.0115533, 72.8671661, 0.0 ], [ 19.0116095, 72.8670832, 0.0 ], [ 19.0116961, 72.866869, 0.0 ], [ 19.0117611, 72.8667444, 0.0 ], [ 19.0117894, 72.866714, 0.0 ], [ 19.0118176, 72.8666845, 0.0 ], [ 19.0119309, 72.8665928, 0.0 ], [ 19.0121599, 72.8664661, 0.0 ], [ 19.0123653, 72.8663442, 0.0 ], [ 19.0125032, 72.8662646, 0.0 ], [ 19.0125889, 72.8661928, 0.0 ], [ 19.012627, 72.8661384, 0.0 ], [ 19.0126401, 72.8661117, 0.0 ], [ 19.0126563, 72.8660549, 0.0 ], [ 19.0126584, 72.8660186, 0.0 ], [ 19.0126474, 72.8657951, 0.0 ], [ 19.0126607, 72.8657092, 0.0 ], [ 19.0126702, 72.8656551, 0.0 ], [ 19.0127014, 72.8655893, 0.0 ], [ 19.0127659, 72.865493, 0.0 ], [ 19.0128197, 72.8654269, 0.0 ], [ 19.0129277, 72.8653097, 0.0 ], [ 19.0130617, 72.8651904, 0.0 ], [ 19.0131643, 72.8651201, 0.0 ], [ 19.0132663, 72.8650631, 0.0 ], [ 19.0133037, 72.8650246, 0.0 ], [ 19.0133856, 72.8649086, 0.0 ], [ 19.0134913, 72.8648171, 0.0 ], [ 19.0138835, 72.864554, 0.0 ], [ 19.0139719, 72.8644901, 0.0 ], [ 19.0140709, 72.8644013, 0.0 ], [ 19.0141093, 72.8643716, 0.0 ], [ 19.0141495, 72.8643587, 0.0 ], [ 19.0142767, 72.8643067, 0.0 ], [ 19.0143343, 72.864275, 0.0 ], [ 19.0143661, 72.8642543, 0.0 ], [ 19.014391, 72.8642336, 0.0 ], [ 19.0144093, 72.8642113, 0.0 ], [ 19.0144596, 72.864124, 0.0 ], [ 19.0145106, 72.8640314, 0.0 ], [ 19.0145373, 72.8640063, 0.0 ], [ 19.0145656, 72.8639856, 0.0 ], [ 19.0145815, 72.863981, 0.0 ], [ 19.0146, 72.8639808, 0.0 ], [ 19.0146455, 72.8639846, 0.0 ], [ 19.0147247, 72.8640021, 0.0 ], [ 19.0147727, 72.8640033, 0.0 ], [ 19.0147978, 72.8639959, 0.0 ], [ 19.0148178, 72.8639789, 0.0 ], [ 19.0148322, 72.8639595, 0.0 ], [ 19.0148389, 72.8639406, 0.0 ], [ 19.0148395, 72.8639015, 0.0 ], [ 19.0148292, 72.8638485, 0.0 ], [ 19.0148327, 72.8638274, 0.0 ], [ 19.0148775, 72.8637602, 0.0 ], [ 19.014913, 72.8637666, 0.0 ], [ 19.0149668, 72.8637717, 0.0 ], [ 19.0150429, 72.863783, 0.0 ], [ 19.0151558, 72.863791, 0.0 ], [ 19.0150935, 72.8635976, 0.0 ], [ 19.0150937, 72.8635974, 0.0 ], [ 19.0149913, 72.8632741, 0.0 ], [ 19.0149511, 72.8631682, 0.0 ], [ 19.0149255, 72.8631006, 0.0 ], [ 19.014925, 72.8630993, 0.0 ], [ 19.0152931, 72.8631917, 0.0 ], [ 19.0152675, 72.863155, 0.0 ], [ 19.0152187, 72.8630851, 0.0 ], [ 19.0149437, 72.8626912, 0.0 ], [ 19.0135288, 72.8606647, 0.0 ], [ 19.0133569, 72.8604185, 0.0 ], [ 19.0107277, 72.8565051, 0.0 ], [ 19.0105306, 72.8563045, 0.0 ], [ 19.0105868, 72.8562542, 0.0 ], [ 19.0106704, 72.8562762, 0.0 ], [ 19.0107318, 72.8559926, 0.0 ], [ 19.0107519, 72.8558999, 0.0 ], [ 19.0107537, 72.8558909, 0.0 ], [ 19.0107639, 72.8558404, 0.0 ], [ 19.0107676, 72.8558223, 0.0 ], [ 19.0107688, 72.8558151, 0.0 ], [ 19.0107847, 72.8557255, 0.0 ], [ 19.0107879, 72.8557113, 0.0 ], [ 19.0108378, 72.8554883, 0.0 ], [ 19.0108949, 72.8552141, 0.0 ], [ 19.0109495, 72.8549525, 0.0 ], [ 19.0109811, 72.8548118, 0.0 ], [ 19.0110145, 72.8548168, 0.0 ], [ 19.0111162, 72.8548318, 0.0 ], [ 19.0111792, 72.8548397, 0.0 ], [ 19.0112255, 72.8546812, 0.0 ], [ 19.011263, 72.8545223, 0.0 ], [ 19.0113038, 72.8543762, 0.0 ], [ 19.0113567, 72.8541613, 0.0 ], [ 19.0113718, 72.8541022, 0.0 ], [ 19.0113837, 72.8540553, 0.0 ], [ 19.0114008, 72.8539876, 0.0 ], [ 19.0114969, 72.8536056, 0.0 ], [ 19.0115719, 72.8533106, 0.0 ], [ 19.0115748, 72.8532984, 0.0 ], [ 19.011598, 72.8532021, 0.0 ], [ 19.0118356, 72.8522672, 0.0 ], [ 19.0119199, 72.8519359, 0.0 ], [ 19.0123284, 72.850331, 0.0 ], [ 19.0123928, 72.850081, 0.0 ], [ 19.0124029, 72.8500496, 0.0 ], [ 19.0124149, 72.8500089, 0.0 ], [ 19.0124215, 72.8499803, 0.0 ], [ 19.0124333, 72.8499084, 0.0 ], [ 19.0124405, 72.8498837, 0.0 ], [ 19.0125438, 72.8495078, 0.0 ], [ 19.012609, 72.8492903, 0.0 ], [ 19.0126364, 72.8492013, 0.0 ], [ 19.0126751, 72.8492169, 0.0 ], [ 19.0127403, 72.8491458, 0.0 ], [ 19.0127463, 72.8491026, 0.0 ], [ 19.0127751, 72.8489444, 0.0 ], [ 19.012816, 72.8487449, 0.0 ], [ 19.0128337, 72.8486582, 0.0 ], [ 19.0128471, 72.8485971, 0.0 ], [ 19.0128779, 72.8484943, 0.0 ], [ 19.0130155, 72.8480238, 0.0 ], [ 19.0130927, 72.8477629, 0.0 ], [ 19.0131505, 72.8475627, 0.0 ], [ 19.0131768, 72.8474826, 0.0 ], [ 19.0131926, 72.8474512, 0.0 ], [ 19.0132323, 72.8474042, 0.0 ], [ 19.0132799, 72.8473503, 0.0 ], [ 19.0133742, 72.8472521, 0.0 ], [ 19.0135746, 72.8470199, 0.0 ], [ 19.0136745, 72.8469051, 0.0 ], [ 19.0136981, 72.8468807, 0.0 ], [ 19.0137259, 72.8468516, 0.0 ], [ 19.0137808, 72.8468078, 0.0 ], [ 19.0139378, 72.8466837, 0.0 ], [ 19.0139948, 72.8465956, 0.0 ], [ 19.0140824, 72.8464493, 0.0 ], [ 19.0141734, 72.8463104, 0.0 ], [ 19.0143597, 72.8459835, 0.0 ], [ 19.0146025, 72.8456245, 0.0 ], [ 19.0146824, 72.8455092, 0.0 ], [ 19.0148348, 72.8453199, 0.0 ], [ 19.0148667, 72.8452788, 0.0 ], [ 19.0149569, 72.8451628, 0.0 ], [ 19.0151739, 72.844905, 0.0 ], [ 19.0153206, 72.8447161, 0.0 ], [ 19.0155049, 72.8444812, 0.0 ], [ 19.0155293, 72.8444501, 0.0 ], [ 19.0156614, 72.8443008, 0.0 ], [ 19.0158435, 72.8440959, 0.0 ], [ 19.0159289, 72.8439952, 0.0 ], [ 19.016315, 72.8435448, 0.0 ], [ 19.0163642, 72.8434918, 0.0 ], [ 19.0166254, 72.8432052, 0.0 ], [ 19.01681, 72.8430026, 0.0 ], [ 19.01681, 72.8430025, 0.0 ], [ 19.0169661, 72.8428405, 0.0 ], [ 19.0170023, 72.8428644, 0.0 ], [ 19.0170163, 72.842874, 0.0 ], [ 19.0170165, 72.8428742, 0.0 ], [ 19.0170618, 72.8429054, 0.0 ], [ 19.0170618, 72.8429054, 0.0 ], [ 19.0170888, 72.842924, 0.0 ], [ 19.0171088, 72.8429374, 0.0 ], [ 19.017159, 72.842971, 0.0 ], [ 19.0171639, 72.8429743, 0.0 ], [ 19.0171639, 72.8429743, 0.0 ], [ 19.0172147, 72.8430083, 0.0 ], [ 19.0173158, 72.8430773, 0.0 ], [ 19.0174476, 72.8431672, 0.0 ], [ 19.017455, 72.8431723, 0.0 ], [ 19.0176534, 72.8433084, 0.0 ], [ 19.0178621, 72.8434531, 0.0 ], [ 19.0179607, 72.8435225, 0.0 ], [ 19.0180626, 72.8435941, 0.0 ], [ 19.0181371, 72.8436447, 0.0 ], [ 19.0181373, 72.8436449, 0.0 ], [ 19.0181532, 72.8436557, 0.0 ], [ 19.0182992, 72.8437551, 0.0 ], [ 19.0183353, 72.84378, 0.0 ], [ 19.0183354, 72.8437801, 0.0 ], [ 19.0185405, 72.843922, 0.0 ], [ 19.0186533, 72.8440015, 0.0 ], [ 19.0187912, 72.8440992, 0.0 ], [ 19.0190351, 72.8442721, 0.0 ], [ 19.0191825, 72.8443766, 0.0 ], [ 19.0191862, 72.8443792, 0.0 ], [ 19.0192464, 72.8444208, 0.0 ], [ 19.019296, 72.8444551, 0.0 ], [ 19.0194618, 72.8445813, 0.0 ], [ 19.0195084, 72.8446095, 0.0 ], [ 19.0195432, 72.844636, 0.0 ], [ 19.0195651, 72.8446527, 0.0 ], [ 19.0195765, 72.8446607, 0.0 ], [ 19.0196212, 72.8446925, 0.0 ], [ 19.0197106, 72.8447561, 0.0 ], [ 19.0197904, 72.8448125, 0.0 ], [ 19.0200524, 72.8449952, 0.0 ], [ 19.0204082, 72.8452433, 0.0 ], [ 19.020453, 72.8452751, 0.0 ], [ 19.0204977, 72.8453068, 0.0 ], [ 19.0204977, 72.8453068, 0.0 ], [ 19.0206107, 72.845387, 0.0 ], [ 19.0206358, 72.8454028, 0.0 ], [ 19.0206358, 72.8454029, 0.0 ], [ 19.0206527, 72.8454135, 0.0 ], [ 19.0207839, 72.8455055, 0.0 ], [ 19.0207842, 72.8455057, 0.0 ], [ 19.0209128, 72.845596, 0.0 ], [ 19.021158, 72.8457671, 0.0 ], [ 19.0212311, 72.8458173, 0.0 ], [ 19.0212313, 72.8458175, 0.0 ], [ 19.0213997, 72.8459335, 0.0 ], [ 19.0215084, 72.8460071, 0.0 ], [ 19.0215085, 72.8460072, 0.0 ], [ 19.021826, 72.8462226, 0.0 ], [ 19.0220894, 72.8463932, 0.0 ], [ 19.0221072, 72.8464048, 0.0 ], [ 19.0222789, 72.8465238, 0.0 ], [ 19.0224056, 72.8466115, 0.0 ], [ 19.0224082, 72.8466133, 0.0 ], [ 19.022417, 72.8466195, 0.0 ], [ 19.0224924, 72.8466717, 0.0 ], [ 19.0228957, 72.8469598, 0.0 ], [ 19.0230994, 72.8471001, 0.0 ], [ 19.0233082, 72.8472445, 0.0 ], [ 19.0237561, 72.8475535, 0.0 ], [ 19.024042, 72.84775, 0.0 ], [ 19.0244197, 72.8480164, 0.0 ], [ 19.0244967, 72.848066, 0.0 ], [ 19.0244971, 72.8480663, 0.0 ], [ 19.0245195, 72.8480808, 0.0 ], [ 19.0246987, 72.8482045, 0.0 ], [ 19.0247355, 72.8482334, 0.0 ], [ 19.0247356, 72.8482335, 0.0 ], [ 19.0248901, 72.848355, 0.0 ], [ 19.0252376, 72.8486345, 0.0 ], [ 19.0254093, 72.8487729, 0.0 ], [ 19.0256621, 72.8489522, 0.0 ], [ 19.0256624, 72.8489524, 0.0 ], [ 19.0258942, 72.8491171, 0.0 ], [ 19.02647, 72.8495132, 0.0 ], [ 19.0265559, 72.8495711, 0.0 ], [ 19.026556, 72.8495712, 0.0 ], [ 19.0266681, 72.8496469, 0.0 ], [ 19.0270104, 72.8498834, 0.0 ], [ 19.0270124, 72.8498848, 0.0 ], [ 19.0270155, 72.8498869, 0.0 ], [ 19.0270181, 72.8498887, 0.0 ], [ 19.0270182, 72.8498888, 0.0 ], [ 19.0270185, 72.849889, 0.0 ], [ 19.0270203, 72.8498902, 0.0 ], [ 19.0270205, 72.8498903, 0.0 ], [ 19.0270392, 72.8499033, 0.0 ], [ 19.0274548, 72.850192, 0.0 ], [ 19.0275535, 72.8502571, 0.0 ], [ 19.027767, 72.8503978, 0.0 ], [ 19.0278679, 72.8504679, 0.0 ], [ 19.0278683, 72.8504682, 0.0 ], [ 19.0281707, 72.8506784, 0.0 ], [ 19.0286023, 72.8509723, 0.0 ], [ 19.0286947, 72.8510363, 0.0 ], [ 19.0287765, 72.851093, 0.0 ], [ 19.0299679, 72.851932, 0.0 ], [ 19.0300383, 72.8519642, 0.0 ], [ 19.0302295, 72.8520872, 0.0 ], [ 19.0305938, 72.8523361, 0.0 ], [ 19.0310125, 72.8526296, 0.0 ], [ 19.0310131, 72.8526299, 0.0 ], [ 19.0310173, 72.8526329, 0.0 ], [ 19.0310175, 72.8526331, 0.0 ], [ 19.0310175, 72.8526331, 0.0 ], [ 19.0310177, 72.8526332, 0.0 ], [ 19.0310182, 72.8526335, 0.0 ], [ 19.0310183, 72.8526336, 0.0 ], [ 19.0313021, 72.852831, 0.0 ], [ 19.0314229, 72.8529126, 0.0 ], [ 19.0317037, 72.8531024, 0.0 ], [ 19.031704, 72.8531026, 0.0 ], [ 19.0317368, 72.8531248, 0.0 ], [ 19.0317719, 72.8531492, 0.0 ], [ 19.031909, 72.8532447, 0.0 ], [ 19.0320232, 72.8533242, 0.0 ], [ 19.0321834, 72.8534301, 0.0 ], [ 19.0322906, 72.8535052, 0.0 ], [ 19.0325668, 72.8536991, 0.0 ], [ 19.0328697, 72.8539052, 0.0 ], [ 19.0328699, 72.8539053, 0.0 ], [ 19.0329372, 72.8539512, 0.0 ], [ 19.0331117, 72.8540693, 0.0 ], [ 19.0332746, 72.8541796, 0.0 ], [ 19.0334204, 72.8542775, 0.0 ], [ 19.0335313, 72.8543521, 0.0 ], [ 19.0335717, 72.8543791, 0.0 ], [ 19.0335717, 72.8543792, 0.0 ], [ 19.0335865, 72.8543891, 0.0 ], [ 19.0335867, 72.8543893, 0.0 ], [ 19.0335868, 72.8543893, 0.0 ], [ 19.0336092, 72.8544045, 0.0 ], [ 19.0336093, 72.8544045, 0.0 ], [ 19.0337347, 72.8544895, 0.0 ], [ 19.0337846, 72.8545232, 0.0 ], [ 19.0338257, 72.8545509, 0.0 ], [ 19.0338545, 72.8545703, 0.0 ], [ 19.0338548, 72.8545706, 0.0 ], [ 19.0339359, 72.8546255, 0.0 ], [ 19.0361505, 72.8560874, 0.0 ], [ 19.03621, 72.8561223, 0.0 ], [ 19.0365567, 72.8563538, 0.0 ], [ 19.0365807, 72.8563698, 0.0 ], [ 19.0367731, 72.8564982, 0.0 ], [ 19.0368028, 72.8565181, 0.0 ], [ 19.0398844, 72.858716, 0.0 ], [ 19.0401055, 72.8588737, 0.0 ], [ 19.0405851, 72.859216, 0.0 ], [ 19.0410065, 72.8595027, 0.0 ], [ 19.041137, 72.8595942, 0.0 ], [ 19.0413325, 72.859732, 0.0 ], [ 19.0414905, 72.8598423, 0.0 ], [ 19.0417019, 72.8599845, 0.0 ], [ 19.0419019, 72.8601234, 0.0 ], [ 19.0421478, 72.8602974, 0.0 ], [ 19.0424008, 72.8604738, 0.0 ], [ 19.0426285, 72.8606337, 0.0 ], [ 19.0429081, 72.8608317, 0.0 ], [ 19.0430368, 72.8609215, 0.0 ], [ 19.0434424, 72.8611839, 0.0 ], [ 19.0435472, 72.8612677, 0.0 ], [ 19.0437036, 72.8613709, 0.0 ], [ 19.0437822, 72.8614254, 0.0 ], [ 19.0439896, 72.8615681, 0.0 ], [ 19.0442215, 72.8617263, 0.0 ], [ 19.0444117, 72.8618571, 0.0 ], [ 19.0446007, 72.8619856, 0.0 ], [ 19.0446409, 72.8620077, 0.0 ], [ 19.0447771, 72.8620998, 0.0 ], [ 19.0448803, 72.8621692, 0.0 ], [ 19.0450154, 72.8622576, 0.0 ], [ 19.0452015, 72.8623869, 0.0 ], [ 19.0453788, 72.8625102, 0.0 ], [ 19.0455932, 72.8626598, 0.0 ], [ 19.0457026, 72.862732, 0.0 ], [ 19.0459097, 72.8628781, 0.0 ], [ 19.0462349, 72.863105, 0.0 ], [ 19.0462359, 72.8631057, 0.0 ], [ 19.0463121, 72.863159, 0.0 ], [ 19.0463317, 72.8631726, 0.0 ], [ 19.0463642, 72.863196, 0.0 ], [ 19.0463792, 72.8632065, 0.0 ], [ 19.0463851, 72.8632106, 0.0 ], [ 19.0463851, 72.8632106, 0.0 ], [ 19.0463852, 72.8632107, 0.0 ], [ 19.0463876, 72.8632124, 0.0 ], [ 19.0466643, 72.8634052, 0.0 ], [ 19.046874, 72.8635509, 0.0 ], [ 19.0469851, 72.8636252, 0.0 ], [ 19.0472062, 72.863775, 0.0 ], [ 19.0482463, 72.8645001, 0.0 ], [ 19.0483939, 72.8646009, 0.0 ], [ 19.0486073, 72.8647441, 0.0 ], [ 19.0487888, 72.8648658, 0.0 ], [ 19.0488959, 72.8649405, 0.0 ], [ 19.0490912, 72.865072, 0.0 ], [ 19.0493243, 72.8652328, 0.0 ], [ 19.0494546, 72.8653239, 0.0 ], [ 19.0495628, 72.8653973, 0.0 ], [ 19.0497343, 72.8655178, 0.0 ], [ 19.0499273, 72.865656, 0.0 ], [ 19.0500489, 72.8657417, 0.0 ], [ 19.0502099, 72.8658515, 0.0 ], [ 19.0503829, 72.86597, 0.0 ], [ 19.0505748, 72.8661039, 0.0 ], [ 19.0507184, 72.866203, 0.0 ], [ 19.0509788, 72.8663873, 0.0 ], [ 19.051132, 72.8664953, 0.0 ], [ 19.0511628, 72.866517, 0.0 ], [ 19.0513275, 72.8666464, 0.0 ], [ 19.051328, 72.8666467, 0.0 ], [ 19.0515291, 72.8667855, 0.0 ], [ 19.0515545, 72.8668033, 0.0 ], [ 19.051555, 72.8668037, 0.0 ], [ 19.051555, 72.8668037, 0.0 ], [ 19.0518736, 72.8670286, 0.0 ], [ 19.0522283, 72.8672753, 0.0 ], [ 19.0523739, 72.8673767, 0.0 ], [ 19.0524505, 72.8674308, 0.0 ], [ 19.052585, 72.8675257, 0.0 ], [ 19.0525366, 72.8676204, 0.0 ], [ 19.0525366, 72.8676205, 0.0 ], [ 19.0525244, 72.8676451, 0.0 ], [ 19.0525047, 72.8676836, 0.0 ], [ 19.0525013, 72.8676897, 0.0 ], [ 19.0525012, 72.8676898, 0.0 ], [ 19.0524839, 72.8677217, 0.0 ], [ 19.0524741, 72.8677406, 0.0 ], [ 19.0524283, 72.8678317, 0.0 ], [ 19.0524089, 72.8678716, 0.0 ], [ 19.0523663, 72.8679958, 0.0 ], [ 19.0522134, 72.8681739, 0.0 ], [ 19.0520719, 72.8682877, 0.0 ], [ 19.0518536, 72.8684046, 0.0 ], [ 19.0516449, 72.8685874, 0.0 ], [ 19.0516476, 72.8688695, 0.0 ], [ 19.0514126, 72.8688897, 0.0 ], [ 19.051385, 72.8689618, 0.0 ], [ 19.0513966, 72.8691069, 0.0 ], [ 19.0513841, 72.8691401, 0.0 ], [ 19.0513716, 72.8691735, 0.0 ], [ 19.0513216, 72.8693069, 0.0 ], [ 19.0513142, 72.869439, 0.0 ], [ 19.0513069, 72.8695696, 0.0 ], [ 19.051306, 72.8695925, 0.0 ], [ 19.0512998, 72.8697623, 0.0 ], [ 19.0513029, 72.8699154, 0.0 ], [ 19.0513111, 72.8700008, 0.0 ], [ 19.0513208, 72.8701013, 0.0 ], [ 19.0513383, 72.8702732, 0.0 ], [ 19.0513405, 72.8702952, 0.0 ], [ 19.0513104, 72.8704471, 0.0 ], [ 19.051193, 72.8709149, 0.0 ], [ 19.0511273, 72.8710334, 0.0 ], [ 19.0510884, 72.871081, 0.0 ], [ 19.0510809, 72.8710901, 0.0 ], [ 19.0509965, 72.8712205, 0.0 ], [ 19.0509294, 72.8712716, 0.0 ], [ 19.0508766, 72.8713518, 0.0 ], [ 19.0507389, 72.8714301, 0.0 ], [ 19.0504479, 72.8716308, 0.0 ], [ 19.0503285, 72.8717124, 0.0 ], [ 19.050262, 72.8717579, 0.0 ], [ 19.0501564, 72.8718367, 0.0 ], [ 19.0501479, 72.871843, 0.0 ], [ 19.0500763, 72.8718964, 0.0 ], [ 19.0499469, 72.8719925, 0.0 ], [ 19.0499668, 72.8720475, 0.0 ], [ 19.0500001, 72.872241, 0.0 ], [ 19.0500076, 72.8725514, 0.0 ], [ 19.050002, 72.8726843, 0.0 ], [ 19.0499857, 72.8730679, 0.0 ], [ 19.0499852, 72.873074, 0.0 ], [ 19.0499598, 72.8733953, 0.0 ], [ 19.049948, 72.8734533, 0.0 ], [ 19.0499423, 72.8734813, 0.0 ], [ 19.0498972, 72.8737027, 0.0 ], [ 19.0497751, 72.8740945, 0.0 ], [ 19.0497446, 72.8741924, 0.0 ], [ 19.0497279, 72.8742462, 0.0 ], [ 19.0496629, 72.8744243, 0.0 ], [ 19.0496157, 72.8745539, 0.0 ], [ 19.0494251, 72.8749758, 0.0 ], [ 19.049425, 72.874976, 0.0 ], [ 19.049168, 72.8753635, 0.0 ], [ 19.0491042, 72.8754549, 0.0 ], [ 19.0489616, 72.8756593, 0.0 ], [ 19.0489461, 72.8756876, 0.0 ], [ 19.048946, 72.8756879, 0.0 ], [ 19.0489086, 72.8757564, 0.0 ], [ 19.0488725, 72.8758652, 0.0 ], [ 19.0488572, 72.8759404, 0.0 ], [ 19.0488543, 72.8759547, 0.0 ], [ 19.0488562, 72.8760019, 0.0 ], [ 19.0488628, 72.876065, 0.0 ], [ 19.0488664, 72.8761021, 0.0 ], [ 19.048874, 72.8761286, 0.0 ], [ 19.0488787, 72.8761449, 0.0 ], [ 19.0488995, 72.8762191, 0.0 ], [ 19.0489409, 72.8763222, 0.0 ], [ 19.0489628, 72.8763682, 0.0 ], [ 19.0489855, 72.8764165, 0.0 ], [ 19.0489926, 72.8764333, 0.0 ], [ 19.0490016, 72.8764549, 0.0 ], [ 19.0490113, 72.8764826, 0.0 ], [ 19.0490135, 72.8764893, 0.0 ], [ 19.0490198, 72.8765077, 0.0 ], [ 19.0490297, 72.8765514, 0.0 ], [ 19.0490324, 72.8765809, 0.0 ], [ 19.0490321, 72.8765936, 0.0 ], [ 19.0490312, 72.8766194, 0.0 ], [ 19.0490312, 72.8766209, 0.0 ], [ 19.0490303, 72.8766264, 0.0 ], [ 19.0490291, 72.8766342, 0.0 ], [ 19.0490259, 72.8766542, 0.0 ], [ 19.049022, 72.8766796, 0.0 ], [ 19.0490164, 72.8766932, 0.0 ], [ 19.0490152, 72.8766958, 0.0 ], [ 19.0489971, 72.8767233, 0.0 ], [ 19.0489969, 72.8767235, 0.0 ], [ 19.0489402, 72.8767727, 0.0 ], [ 19.0488795, 72.8768177, 0.0 ], [ 19.0488018, 72.876875, 0.0 ], [ 19.0487401, 72.8769206, 0.0 ], [ 19.0486579, 72.8769313, 0.0 ], [ 19.0485006, 72.8769518, 0.0 ], [ 19.0482574, 72.8773104, 0.0 ], [ 19.0481565, 72.8774378, 0.0 ], [ 19.0478026, 72.8777936, 0.0 ], [ 19.0475541, 72.8780268, 0.0 ], [ 19.0476633, 72.8781217, 0.0 ], [ 19.0478236, 72.8782318, 0.0 ], [ 19.0478038, 72.8782957, 0.0 ], [ 19.0478036, 72.8782961, 0.0 ], [ 19.0477935, 72.8783289, 0.0 ], [ 19.0477899, 72.878348, 0.0 ], [ 19.0477916, 72.8783641, 0.0 ], [ 19.0477987, 72.8783822, 0.0 ], [ 19.0478274, 72.8784204, 0.0 ], [ 19.047852, 72.8784605, 0.0 ], [ 19.047879, 72.878526, 0.0 ], [ 19.047894, 72.8786326, 0.0 ], [ 19.047898, 72.8787121, 0.0 ], [ 19.0479004, 72.8787874, 0.0 ], [ 19.0478983, 72.8788416, 0.0 ], [ 19.0478942, 72.8788745, 0.0 ], [ 19.0478888, 72.8789175, 0.0 ], [ 19.0478836, 72.8789486, 0.0 ], [ 19.0478836, 72.8789487, 0.0 ], [ 19.0478823, 72.8789562, 0.0 ], [ 19.04787, 72.8790015, 0.0 ], [ 19.0478592, 72.8790408, 0.0 ], [ 19.0478344, 72.8791157, 0.0 ], [ 19.0478124, 72.879182, 0.0 ], [ 19.0478004, 72.8792177, 0.0 ], [ 19.0477728, 72.8792885, 0.0 ], [ 19.0477582, 72.8793204, 0.0 ], [ 19.0477388, 72.8793523, 0.0 ], [ 19.0477064, 72.8793969, 0.0 ], [ 19.0477063, 72.8793969, 0.0 ], [ 19.0476964, 72.8794102, 0.0 ], [ 19.0476392, 72.8794792, 0.0 ], [ 19.0476037, 72.8795182, 0.0 ], [ 19.0476036, 72.8795182, 0.0 ], [ 19.0475912, 72.8795318, 0.0 ], [ 19.0475754, 72.879548, 0.0 ], [ 19.0475519, 72.8795718, 0.0 ], [ 19.0475084, 72.8796019, 0.0 ], [ 19.0472673, 72.8797657, 0.0 ], [ 19.046915, 72.8799872, 0.0 ], [ 19.0467832, 72.8800185, 0.0 ], [ 19.0460927, 72.8798701, 0.0 ], [ 19.0456416, 72.8797872, 0.0 ], [ 19.0456349, 72.8797868, 0.0 ], [ 19.045624, 72.8797886, 0.0 ], [ 19.0456096, 72.8797911, 0.0 ], [ 19.0455975, 72.879793, 0.0 ], [ 19.0455768, 72.8798018, 0.0 ], [ 19.0455441, 72.8798121, 0.0 ], [ 19.0455073, 72.8798234, 0.0 ], [ 19.0454707, 72.8798329, 0.0 ], [ 19.0454706, 72.8798329, 0.0 ], [ 19.0454643, 72.8798345, 0.0 ], [ 19.0454565, 72.8798362, 0.0 ], [ 19.0454256, 72.8798425, 0.0 ], [ 19.0454243, 72.8798427, 0.0 ], [ 19.045392, 72.8798493, 0.0 ], [ 19.0453191, 72.8798626, 0.0 ], [ 19.045272, 72.8798717, 0.0 ], [ 19.045257, 72.8798766, 0.0 ], [ 19.0452291, 72.8798883, 0.0 ], [ 19.045229, 72.8798883, 0.0 ], [ 19.0452276, 72.8798889, 0.0 ], [ 19.0452255, 72.8798897, 0.0 ], [ 19.0451892, 72.8799098, 0.0 ], [ 19.0451888, 72.87991, 0.0 ], [ 19.0451801, 72.8799148, 0.0 ], [ 19.0451683, 72.8799197, 0.0 ], [ 19.0451528, 72.8799209, 0.0 ], [ 19.045129, 72.8799228, 0.0 ], [ 19.0451008, 72.8799305, 0.0 ], [ 19.0450941, 72.8799322, 0.0 ], [ 19.045069, 72.8799429, 0.0 ], [ 19.0450501, 72.8799479, 0.0 ], [ 19.045032, 72.879951, 0.0 ], [ 19.0450131, 72.8799512, 0.0 ], [ 19.0450018, 72.8799503, 0.0 ], [ 19.0449928, 72.8799493, 0.0 ], [ 19.0449894, 72.8799479, 0.0 ], [ 19.0449768, 72.8799422, 0.0 ], [ 19.044965, 72.8799357, 0.0 ], [ 19.0449599, 72.8799357, 0.0 ], [ 19.0449564, 72.8799356, 0.0 ], [ 19.0449487, 72.8799374, 0.0 ], [ 19.0449309, 72.8799462, 0.0 ], [ 19.0448768, 72.8799824, 0.0 ], [ 19.0448683, 72.8799872, 0.0 ], [ 19.0448682, 72.8799873, 0.0 ], [ 19.0448249, 72.8800115, 0.0 ], [ 19.0448054, 72.8800215, 0.0 ], [ 19.0447929, 72.8800276, 0.0 ], [ 19.0447886, 72.880029, 0.0 ], [ 19.0447763, 72.8800329, 0.0 ], [ 19.0447528, 72.8800413, 0.0 ], [ 19.0447475, 72.8800444, 0.0 ], [ 19.0447423, 72.8800475, 0.0 ], [ 19.0446998, 72.880069, 0.0 ], [ 19.0446783, 72.8800795, 0.0 ], [ 19.0446585, 72.8800857, 0.0 ], [ 19.0446488, 72.8800887, 0.0 ], [ 19.0446253, 72.8800918, 0.0 ], [ 19.0446139, 72.8800931, 0.0 ], [ 19.0445845, 72.8800913, 0.0 ], [ 19.0445844, 72.8800913, 0.0 ], [ 19.0445775, 72.8800919, 0.0 ], [ 19.0445531, 72.8800917, 0.0 ], [ 19.0445424, 72.8800889, 0.0 ], [ 19.0445226, 72.88008, 0.0 ], [ 19.0445142, 72.8800761, 0.0 ], [ 19.0444875, 72.8800635, 0.0 ], [ 19.0444783, 72.8800628, 0.0 ], [ 19.0444694, 72.8800618, 0.0 ], [ 19.0444597, 72.8800623, 0.0 ], [ 19.0444529, 72.8800625, 0.0 ], [ 19.0444321, 72.8800692, 0.0 ], [ 19.0444094, 72.8800802, 0.0 ], [ 19.0443926, 72.8800925, 0.0 ], [ 19.0443898, 72.8800946, 0.0 ], [ 19.0443698, 72.8801097, 0.0 ], [ 19.0443583, 72.8801208, 0.0 ], [ 19.0443558, 72.8801231, 0.0 ], [ 19.0443407, 72.8801376, 0.0 ], [ 19.0443312, 72.8801534, 0.0 ], [ 19.0443216, 72.8801718, 0.0 ], [ 19.0443199, 72.8801751, 0.0 ], [ 19.044317, 72.8801806, 0.0 ], [ 19.044308, 72.8801936, 0.0 ], [ 19.0442875, 72.8802082, 0.0 ], [ 19.0442874, 72.8802083, 0.0 ], [ 19.0442852, 72.8802098, 0.0 ], [ 19.0442508, 72.8802248, 0.0 ], [ 19.0441685, 72.8802507, 0.0 ], [ 19.0441247, 72.8802645, 0.0 ], [ 19.0441246, 72.8802645, 0.0 ], [ 19.0440671, 72.8802824, 0.0 ], [ 19.0440347, 72.8802933, 0.0 ], [ 19.0440346, 72.8802933, 0.0 ], [ 19.044002, 72.880304, 0.0 ], [ 19.0439516, 72.8803247, 0.0 ], [ 19.043931, 72.8803331, 0.0 ], [ 19.0438744, 72.8803562, 0.0 ], [ 19.0438244, 72.8803795, 0.0 ], [ 19.0437975, 72.8803871, 0.0 ], [ 19.0436626, 72.8804182, 0.0 ], [ 19.0436538, 72.8804202, 0.0 ], [ 19.0436535, 72.8804202, 0.0 ], [ 19.0435096, 72.880433, 0.0 ], [ 19.0435095, 72.880433, 0.0 ], [ 19.0434566, 72.8804375, 0.0 ], [ 19.0434553, 72.8804367, 0.0 ], [ 19.0434552, 72.8804367, 0.0 ], [ 19.0434257, 72.8804189, 0.0 ], [ 19.0433995, 72.8804204, 0.0 ], [ 19.0433872, 72.8804209, 0.0 ], [ 19.043387, 72.8804211, 0.0 ], [ 19.0433804, 72.8804316, 0.0 ], [ 19.0433724, 72.8804436, 0.0 ], [ 19.0433699, 72.8804474, 0.0 ], [ 19.0433544, 72.8804597, 0.0 ], [ 19.0433446, 72.8804638, 0.0 ], [ 19.0433296, 72.8804697, 0.0 ], [ 19.0432989, 72.8804782, 0.0 ], [ 19.0432553, 72.8804873, 0.0 ], [ 19.0432384, 72.8804894, 0.0 ], [ 19.0432233, 72.8804912, 0.0 ], [ 19.0432102, 72.8804951, 0.0 ], [ 19.0431951, 72.8804993, 0.0 ], [ 19.0431774, 72.8805038, 0.0 ], [ 19.0431527, 72.8805097, 0.0 ], [ 19.0431039, 72.8805227, 0.0 ], [ 19.0430306, 72.8805384, 0.0 ], [ 19.0429956, 72.8805459, 0.0 ], [ 19.0429955, 72.8805459, 0.0 ], [ 19.0429394, 72.8805574, 0.0 ], [ 19.0428993, 72.8805657, 0.0 ], [ 19.0428862, 72.8805684, 0.0 ], [ 19.0427811, 72.8805863, 0.0 ], [ 19.0427127, 72.8806018, 0.0 ], [ 19.0427119, 72.880602, 0.0 ], [ 19.0427041, 72.8806031, 0.0 ], [ 19.0426768, 72.8806068, 0.0 ], [ 19.042666, 72.8806087, 0.0 ], [ 19.0426445, 72.8806124, 0.0 ], [ 19.04264, 72.880613, 0.0 ], [ 19.0426365, 72.8806138, 0.0 ], [ 19.0426329, 72.8806144, 0.0 ], [ 19.0426226, 72.880617, 0.0 ], [ 19.0425003, 72.880645, 0.0 ], [ 19.0424632, 72.8806489, 0.0 ], [ 19.0424632, 72.8806489, 0.0 ], [ 19.0424598, 72.8806495, 0.0 ], [ 19.0424273, 72.8806552, 0.0 ], [ 19.0424057, 72.8806637, 0.0 ], [ 19.042392, 72.8806657, 0.0 ], [ 19.0423719, 72.8806684, 0.0 ], [ 19.042359, 72.8806695, 0.0 ], [ 19.0423542, 72.8806689, 0.0 ], [ 19.0423489, 72.8806683, 0.0 ], [ 19.0423399, 72.8806683, 0.0 ], [ 19.0423363, 72.8806688, 0.0 ], [ 19.0423331, 72.8806693, 0.0 ], [ 19.0423297, 72.8806706, 0.0 ], [ 19.0423173, 72.8806753, 0.0 ], [ 19.0422856, 72.8806888, 0.0 ], [ 19.0422615, 72.8806991, 0.0 ], [ 19.0422467, 72.8807051, 0.0 ], [ 19.0422348, 72.8807087, 0.0 ], [ 19.0422347, 72.8807088, 0.0 ], [ 19.0422276, 72.8807093, 0.0 ], [ 19.0422267, 72.8807094, 0.0 ], [ 19.0422215, 72.8807095, 0.0 ], [ 19.0422165, 72.8807101, 0.0 ], [ 19.04221, 72.8807106, 0.0 ], [ 19.0422042, 72.880711, 0.0 ], [ 19.0421992, 72.8807119, 0.0 ], [ 19.0421978, 72.8807121, 0.0 ], [ 19.0421725, 72.8807165, 0.0 ], [ 19.0421336, 72.8807277, 0.0 ], [ 19.042123, 72.8807322, 0.0 ], [ 19.042118, 72.8807338, 0.0 ], [ 19.0419256, 72.8807311, 0.0 ], [ 19.0419154, 72.8807312, 0.0 ], [ 19.0419096, 72.8807311, 0.0 ], [ 19.0418999, 72.8807314, 0.0 ], [ 19.0418038, 72.8807323, 0.0 ], [ 19.0417947, 72.8807323, 0.0 ], [ 19.0417669, 72.8807324, 0.0 ], [ 19.0417624, 72.8807321, 0.0 ], [ 19.0417488, 72.8807263, 0.0 ], [ 19.041738, 72.8807177, 0.0 ], [ 19.0417282, 72.8807082, 0.0 ], [ 19.0417277, 72.8807079, 0.0 ], [ 19.0417267, 72.8807069, 0.0 ], [ 19.0417217, 72.8807049, 0.0 ], [ 19.041717, 72.8807045, 0.0 ], [ 19.0417136, 72.8807053, 0.0 ], [ 19.0417132, 72.8807052, 0.0 ], [ 19.0417128, 72.8807052, 0.0 ], [ 19.0416945, 72.8807092, 0.0 ], [ 19.0416591, 72.8807169, 0.0 ], [ 19.0415669, 72.8806984, 0.0 ], [ 19.0415051, 72.8806859, 0.0 ], [ 19.0415049, 72.8806859, 0.0 ], [ 19.0415033, 72.8806872, 0.0 ], [ 19.0415016, 72.8806868, 0.0 ], [ 19.0414326, 72.8807443, 0.0 ], [ 19.041376, 72.8807773, 0.0 ], [ 19.0413714, 72.8807796, 0.0 ], [ 19.0413663, 72.8807821, 0.0 ], [ 19.041339, 72.8807865, 0.0 ], [ 19.0412117, 72.8808072, 0.0 ], [ 19.0411277, 72.8808215, 0.0 ], [ 19.0410437, 72.8808357, 0.0 ], [ 19.0409935, 72.880845, 0.0 ], [ 19.0409711, 72.8808489, 0.0 ], [ 19.0409328, 72.8808556, 0.0 ], [ 19.0408109, 72.8808748, 0.0 ], [ 19.040772, 72.88088, 0.0 ], [ 19.0407359, 72.8808873, 0.0 ], [ 19.0407356, 72.8808873, 0.0 ], [ 19.0407295, 72.8808879, 0.0 ], [ 19.0407182, 72.880889, 0.0 ], [ 19.0407182, 72.880889, 0.0 ], [ 19.0406747, 72.8808932, 0.0 ], [ 19.0406143, 72.880899, 0.0 ], [ 19.0406047, 72.8808999, 0.0 ], [ 19.0404339, 72.8809273, 0.0 ], [ 19.0403116, 72.8809421, 0.0 ], [ 19.040028, 72.8809773, 0.0 ], [ 19.0399573, 72.8809873, 0.0 ], [ 19.0398871, 72.8809973, 0.0 ], [ 19.0398256, 72.8810061, 0.0 ], [ 19.0397923, 72.8810109, 0.0 ], [ 19.0397429, 72.8810179, 0.0 ], [ 19.0397033, 72.8810202, 0.0 ], [ 19.0397032, 72.8810202, 0.0 ], [ 19.0396964, 72.8810206, 0.0 ], [ 19.0396963, 72.8810206, 0.0 ], [ 19.0396948, 72.8810205, 0.0 ], [ 19.0396822, 72.8810191, 0.0 ], [ 19.0396741, 72.88102, 0.0 ], [ 19.0396595, 72.8810245, 0.0 ], [ 19.0395773, 72.8810574, 0.0 ], [ 19.0394937, 72.8810833, 0.0 ], [ 19.0394721, 72.8810879, 0.0 ], [ 19.0394686, 72.8810886, 0.0 ], [ 19.0394607, 72.8810896, 0.0 ], [ 19.0392794, 72.8811125, 0.0 ], [ 19.0392101, 72.8811205, 0.0 ], [ 19.0392019, 72.881118, 0.0 ], [ 19.0391921, 72.8811149, 0.0 ], [ 19.0390238, 72.8811513, 0.0 ], [ 19.0390057, 72.8811553, 0.0 ], [ 19.0389236, 72.8811757, 0.0 ], [ 19.03888, 72.8811839, 0.0 ], [ 19.0388652, 72.8811853, 0.0 ], [ 19.0387893, 72.8811927, 0.0 ], [ 19.0387828, 72.8811933, 0.0 ], [ 19.0387013, 72.8812085, 0.0 ], [ 19.0387013, 72.8812085, 0.0 ], [ 19.0386619, 72.8812158, 0.0 ], [ 19.0385176, 72.8812453, 0.0 ], [ 19.038449, 72.8812593, 0.0 ], [ 19.0382547, 72.8812997, 0.0 ], [ 19.0382545, 72.8812997, 0.0 ], [ 19.0382544, 72.8812998, 0.0 ], [ 19.0380789, 72.8813351, 0.0 ], [ 19.0378427, 72.8813589, 0.0 ], [ 19.0376963, 72.8813724, 0.0 ], [ 19.037515, 72.8813816, 0.0 ], [ 19.0372057, 72.8813594, 0.0 ], [ 19.0371569, 72.8813559, 0.0 ], [ 19.037113, 72.881353, 0.0 ], [ 19.037069, 72.8813484, 0.0 ], [ 19.0370303, 72.8813443, 0.0 ], [ 19.0369958, 72.8813405, 0.0 ], [ 19.036959, 72.8813363, 0.0 ], [ 19.0368808, 72.8813283, 0.0 ], [ 19.0368678, 72.8813269, 0.0 ], [ 19.0368645, 72.8813265, 0.0 ], [ 19.0367667, 72.8813124, 0.0 ], [ 19.0367077, 72.8813025, 0.0 ], [ 19.0366401, 72.8812912, 0.0 ], [ 19.0365863, 72.881281, 0.0 ], [ 19.0365482, 72.8812796, 0.0 ], [ 19.0365477, 72.8812796, 0.0 ], [ 19.0365332, 72.8812789, 0.0 ], [ 19.0365202, 72.8812782, 0.0 ], [ 19.0365194, 72.8812782, 0.0 ], [ 19.0365063, 72.8812782, 0.0 ], [ 19.0365024, 72.8812782, 0.0 ], [ 19.0364933, 72.8812783, 0.0 ], [ 19.0362056, 72.8812214, 0.0 ], [ 19.0361789, 72.8812161, 0.0 ], [ 19.036175, 72.8812153, 0.0 ], [ 19.0361022, 72.8811953, 0.0 ], [ 19.0360722, 72.881187, 0.0 ], [ 19.0360544, 72.8811821, 0.0 ], [ 19.0360366, 72.8811773, 0.0 ], [ 19.0360201, 72.8811735, 0.0 ], [ 19.0359503, 72.8811596, 0.0 ], [ 19.035929, 72.8811565, 0.0 ], [ 19.0358863, 72.8811501, 0.0 ], [ 19.0358109, 72.8811351, 0.0 ], [ 19.0357758, 72.8811261, 0.0 ], [ 19.0357459, 72.8811184, 0.0 ], [ 19.0356684, 72.8810985, 0.0 ], [ 19.0355739, 72.8810717, 0.0 ], [ 19.0355326, 72.8810605, 0.0 ], [ 19.0354767, 72.8810453, 0.0 ], [ 19.0354664, 72.8810431, 0.0 ], [ 19.0354594, 72.8810416, 0.0 ], [ 19.0354421, 72.8810378, 0.0 ], [ 19.0354413, 72.8810373, 0.0 ], [ 19.0354228, 72.8810257, 0.0 ], [ 19.0354035, 72.8810135, 0.0 ], [ 19.0354033, 72.8810135, 0.0 ], [ 19.0354032, 72.8810135, 0.0 ], [ 19.0353637, 72.881006, 0.0 ], [ 19.0353209, 72.8809986, 0.0 ], [ 19.0352929, 72.8809938, 0.0 ], [ 19.0352365, 72.8809852, 0.0 ], [ 19.0352046, 72.8809804, 0.0 ], [ 19.0352022, 72.8809798, 0.0 ], [ 19.0351994, 72.8809791, 0.0 ], [ 19.0351984, 72.8809788, 0.0 ], [ 19.0351953, 72.8809756, 0.0 ], [ 19.0351952, 72.8809555, 0.0 ], [ 19.0351527, 72.8809437, 0.0 ], [ 19.0351107, 72.8809322, 0.0 ], [ 19.034973, 72.8808988, 0.0 ], [ 19.0349473, 72.8808917, 0.0 ], [ 19.0348752, 72.8808719, 0.0 ], [ 19.0347941, 72.8808523, 0.0 ], [ 19.0347849, 72.8808495, 0.0 ], [ 19.0347669, 72.8808439, 0.0 ], [ 19.0347634, 72.8808429, 0.0 ], [ 19.0347488, 72.8808401, 0.0 ], [ 19.034741, 72.8808385, 0.0 ], [ 19.0345992, 72.880783, 0.0 ], [ 19.0345331, 72.880755, 0.0 ], [ 19.0341826, 72.8806021, 0.0 ], [ 19.0331588, 72.8800896, 0.0 ], [ 19.0331312, 72.880073, 0.0 ], [ 19.0331301, 72.8800723, 0.0 ], [ 19.0331073, 72.8800569, 0.0 ], [ 19.0330827, 72.8800404, 0.0 ], [ 19.0329834, 72.8799753, 0.0 ], [ 19.0329616, 72.8799708, 0.0 ], [ 19.0328904, 72.8799279, 0.0 ], [ 19.03289, 72.8799276, 0.0 ], [ 19.0328715, 72.8799083, 0.0 ], [ 19.0328644, 72.8799049, 0.0 ], [ 19.0328549, 72.8799002, 0.0 ], [ 19.0327349, 72.8798314, 0.0 ], [ 19.0327302, 72.8798287, 0.0 ], [ 19.0326457, 72.8797804, 0.0 ], [ 19.0326457, 72.8797804, 0.0 ], [ 19.0326407, 72.8797774, 0.0 ], [ 19.0326328, 72.8797726, 0.0 ], [ 19.0323445, 72.8796286, 0.0 ], [ 19.0321564, 72.879533, 0.0 ], [ 19.0321539, 72.8795317, 0.0 ], [ 19.0321115, 72.8795079, 0.0 ], [ 19.0319951, 72.8794444, 0.0 ], [ 19.031933, 72.8794096, 0.0 ], [ 19.0318447, 72.8793602, 0.0 ], [ 19.0317215, 72.8792952, 0.0 ], [ 19.0316667, 72.8792676, 0.0 ], [ 19.0315258, 72.8791965, 0.0 ], [ 19.0313409, 72.8791088, 0.0 ], [ 19.0313166, 72.8790969, 0.0 ], [ 19.031305, 72.8790912, 0.0 ], [ 19.0312811, 72.879081, 0.0 ], [ 19.0312571, 72.8790708, 0.0 ], [ 19.0312045, 72.8790484, 0.0 ], [ 19.0311518, 72.8790261, 0.0 ], [ 19.0310366, 72.878978, 0.0 ], [ 19.0310031, 72.878964, 0.0 ], [ 19.0309463, 72.87894, 0.0 ], [ 19.0309463, 72.87894, 0.0 ], [ 19.0309035, 72.8789219, 0.0 ], [ 19.030802, 72.8788785, 0.0 ], [ 19.0307991, 72.8788762, 0.0 ], [ 19.0307293, 72.878819, 0.0 ], [ 19.0307292, 72.8788189, 0.0 ], [ 19.0306872, 72.8787844, 0.0 ], [ 19.0306475, 72.8787837, 0.0 ], [ 19.0306475, 72.8787837, 0.0 ], [ 19.0306385, 72.8787835, 0.0 ], [ 19.0305771, 72.8787785, 0.0 ], [ 19.0304963, 72.8787716, 0.0 ], [ 19.0304797, 72.8787699, 0.0 ], [ 19.0304692, 72.8787688, 0.0 ], [ 19.0303953, 72.8787476, 0.0 ], [ 19.0303713, 72.8787397, 0.0 ], [ 19.0303712, 72.8787397, 0.0 ], [ 19.030311, 72.8787198, 0.0 ], [ 19.0302723, 72.8787053, 0.0 ], [ 19.0302423, 72.8786889, 0.0 ], [ 19.030242, 72.8786888, 0.0 ], [ 19.030193, 72.8786619, 0.0 ], [ 19.0300472, 72.8786124, 0.0 ], [ 19.0299358, 72.8785741, 0.0 ], [ 19.0298496, 72.8785444, 0.0 ], [ 19.0298228, 72.8785354, 0.0 ], [ 19.0296165, 72.8784658, 0.0 ], [ 19.0295035, 72.8784291, 0.0 ], [ 19.029451, 72.878412, 0.0 ], [ 19.0293717, 72.8783863, 0.0 ], [ 19.0293383, 72.8783747, 0.0 ], [ 19.0292806, 72.8783546, 0.0 ], [ 19.0290492, 72.8782793, 0.0 ], [ 19.0289881, 72.8782571, 0.0 ], [ 19.0288932, 72.8782228, 0.0 ], [ 19.0288005, 72.8781899, 0.0 ], [ 19.0287075, 72.8781473, 0.0 ], [ 19.0286644, 72.8781304, 0.0 ], [ 19.0285863, 72.8781107, 0.0 ], [ 19.0284658, 72.8780776, 0.0 ], [ 19.0283248, 72.8780407, 0.0 ], [ 19.028156, 72.8779958, 0.0 ], [ 19.0280889, 72.877978, 0.0 ], [ 19.0277327, 72.8778847, 0.0 ], [ 19.0276595, 72.8778682, 0.0 ], [ 19.027505, 72.8778334, 0.0 ], [ 19.0274393, 72.8778182, 0.0 ], [ 19.0274335, 72.8778167, 0.0 ], [ 19.0272765, 72.8777787, 0.0 ], [ 19.0270414, 72.8777237, 0.0 ], [ 19.0268345, 72.8776787, 0.0 ], [ 19.0267744, 72.8776647, 0.0 ], [ 19.0266901, 72.8776417, 0.0 ], [ 19.0265341, 72.8775991, 0.0 ], [ 19.0261373, 72.8775132, 0.0 ], [ 19.0259849, 72.8774708, 0.0 ], [ 19.0257777, 72.8774202, 0.0 ], [ 19.0256549, 72.877393, 0.0 ], [ 19.0255767, 72.8773778, 0.0 ], [ 19.0255165, 72.8773689, 0.0 ], [ 19.0255025, 72.8773687, 0.0 ], [ 19.0254875, 72.8773685, 0.0 ], [ 19.0254867, 72.8773685, 0.0 ], [ 19.0254711, 72.8773683, 0.0 ], [ 19.0254357, 72.8773649, 0.0 ], [ 19.0254235, 72.8773638, 0.0 ], [ 19.0254102, 72.8773627, 0.0 ], [ 19.0253977, 72.8773615, 0.0 ], [ 19.0252594, 72.8773437, 0.0 ], [ 19.0251893, 72.8773332, 0.0 ], [ 19.0251893, 72.8773332, 0.0 ], [ 19.0251579, 72.8773285, 0.0 ], [ 19.0250757, 72.8773154, 0.0 ], [ 19.0250032, 72.8773137, 0.0 ], [ 19.0250015, 72.8773137, 0.0 ], [ 19.0249997, 72.8773136, 0.0 ], [ 19.0248949, 72.8772987, 0.0 ], [ 19.0247859, 72.8772947, 0.0 ], [ 19.0247518, 72.8772912, 0.0 ], [ 19.0246889, 72.8772824, 0.0 ], [ 19.0246876, 72.8772822, 0.0 ], [ 19.0246449, 72.8772802, 0.0 ], [ 19.0246125, 72.8772828, 0.0 ], [ 19.0245802, 72.8772853, 0.0 ], [ 19.0245727, 72.8772867, 0.0 ], [ 19.0245417, 72.8772856, 0.0 ], [ 19.0241395, 72.8773, 0.0 ], [ 19.0241379, 72.8773, 0.0 ], [ 19.0241186, 72.8772985, 0.0 ], [ 19.0239284, 72.8772974, 0.0 ], [ 19.0238713, 72.8772976, 0.0 ], [ 19.0238692, 72.8772976, 0.0 ], [ 19.023862, 72.8772991, 0.0 ], [ 19.0238383, 72.8773043, 0.0 ], [ 19.0237469, 72.8773242, 0.0 ], [ 19.0237173, 72.8773306, 0.0 ], [ 19.0236459, 72.8773515, 0.0 ], [ 19.023428, 72.87741, 0.0 ], [ 19.0234052, 72.8774139, 0.0 ], [ 19.0232925, 72.8774223, 0.0 ], [ 19.0232438, 72.8774259, 0.0 ], [ 19.0231318, 72.8774511, 0.0 ], [ 19.0228648, 72.8775569, 0.0 ], [ 19.0228439, 72.8775652, 0.0 ], [ 19.0227737, 72.877593, 0.0 ], [ 19.0226795, 72.8776269, 0.0 ], [ 19.0225601, 72.8776813, 0.0 ], [ 19.022466, 72.8777253, 0.0 ], [ 19.0223408, 72.8777808, 0.0 ], [ 19.0222387, 72.8778247, 0.0 ], [ 19.0221529, 72.8778657, 0.0 ], [ 19.0221484, 72.8778683, 0.0 ], [ 19.0220676, 72.8779136, 0.0 ], [ 19.0219112, 72.878004, 0.0 ], [ 19.0219111, 72.878004, 0.0 ], [ 19.0217672, 72.8780772, 0.0 ], [ 19.0216971, 72.8781196, 0.0 ], [ 19.0215298, 72.8782277, 0.0 ], [ 19.0214747, 72.8782527, 0.0 ], [ 19.0214119, 72.878297, 0.0 ], [ 19.0213156, 72.878365, 0.0 ], [ 19.021235, 72.8784339, 0.0 ], [ 19.0210403, 72.8785943, 0.0 ], [ 19.0207693, 72.8788012, 0.0 ], [ 19.0205235, 72.8789875, 0.0 ], [ 19.0201914, 72.8792525, 0.0 ], [ 19.0199596, 72.879424, 0.0 ], [ 19.019793, 72.8795474, 0.0 ], [ 19.0197064, 72.8796194, 0.0 ], [ 19.0196742, 72.879646, 0.0 ], [ 19.019638, 72.8796759, 0.0 ], [ 19.0196128, 72.8796967, 0.0 ], [ 19.0195997, 72.8797074, 0.0 ], [ 19.0195846, 72.8797217, 0.0 ], [ 19.0195703, 72.8797335, 0.0 ], [ 19.0195283, 72.879764, 0.0 ], [ 19.0195051, 72.87978, 0.0 ], [ 19.0194896, 72.879791, 0.0 ], [ 19.0194703, 72.8798074, 0.0 ], [ 19.0194397, 72.8798319, 0.0 ], [ 19.0194281, 72.879843, 0.0 ], [ 19.0194185, 72.8798503, 0.0 ], [ 19.0194057, 72.8798561, 0.0 ], [ 19.0193952, 72.8798635, 0.0 ], [ 19.0193837, 72.8798745, 0.0 ], [ 19.0193674, 72.8798888, 0.0 ], [ 19.0193442, 72.8799097, 0.0 ], [ 19.019328, 72.8799248, 0.0 ], [ 19.0193149, 72.8799354, 0.0 ], [ 19.0193002, 72.8799465, 0.0 ], [ 19.0192805, 72.8799661, 0.0 ], [ 19.0191869, 72.8800548, 0.0 ], [ 19.0187762, 72.8805119, 0.0 ], [ 19.0187563, 72.8805303, 0.0 ], [ 19.0186372, 72.8806404, 0.0 ], [ 19.0185711, 72.8807077, 0.0 ], [ 19.0185088, 72.8807711, 0.0 ], [ 19.018417, 72.8808629, 0.0 ], [ 19.0183427, 72.8809359, 0.0 ], [ 19.0182685, 72.8810089, 0.0 ], [ 19.018092, 72.8812004, 0.0 ], [ 19.0180171, 72.8812874, 0.0 ], [ 19.0179395, 72.8813777, 0.0 ], [ 19.0178483, 72.8814802, 0.0 ], [ 19.0177159, 72.8816529, 0.0 ], [ 19.0176294, 72.8817632, 0.0 ], [ 19.0175882, 72.8818078, 0.0 ], [ 19.0174704, 72.8819479, 0.0 ], [ 19.0173971, 72.8820391, 0.0 ], [ 19.0173944, 72.8820438, 0.0 ], [ 19.0173683, 72.8820886, 0.0 ], [ 19.0173493, 72.8821212, 0.0 ], [ 19.0172614, 72.8822458, 0.0 ], [ 19.017082, 72.8825022, 0.0 ], [ 19.0170597, 72.8825287, 0.0 ], [ 19.0170431, 72.8825486, 0.0 ], [ 19.0170407, 72.8825512, 0.0 ], [ 19.0168102, 72.8828063, 0.0 ], [ 19.0164254, 72.8833055, 0.0 ], [ 19.0161705, 72.8835751, 0.0 ], [ 19.0159641, 72.8837499, 0.0 ], [ 19.0157966, 72.8838643, 0.0 ], [ 19.015618, 72.8839504, 0.0 ], [ 19.0153609, 72.884048, 0.0 ], [ 19.0145194, 72.8842963, 0.0 ], [ 19.014219, 72.8843253, 0.0 ], [ 19.0138364, 72.8843581, 0.0 ], [ 19.0137715, 72.8843627, 0.0 ], [ 19.0136564, 72.8843728, 0.0 ], [ 19.0134689, 72.8843872, 0.0 ], [ 19.0134533, 72.8843886, 0.0 ], [ 19.0116949, 72.884546, 0.0 ], [ 19.0109868, 72.8846878, 0.0 ], [ 19.0102534, 72.8848346, 0.0 ], [ 19.0101788, 72.8848568, 0.0 ], [ 19.0100502, 72.8848949, 0.0 ], [ 19.0097686, 72.8849784, 0.0 ] ] ] } },
{ "type": "Feature", "id": 2, "properties": { "Name": "\n    M/W\n   ", "tessellate": 1, "extrude": 0, "visibility": -1, "NAME2": "M/W\n", "OBJECTID": 3, "Shape__Area": 17620181.5264, "Shape__Length": 25266.956309500001 }, "geometry": { "type": "Polygon", "coordinates": [ [ [ 19.0728472, 72.9039132, 0.0 ], [ 19.07267, 72.9041618, 0.0 ], [ 19.0724657, 72.9044485, 0.0 ], [ 19.0723174, 72.9046565, 0.0 ], [ 19.0723003, 72.9046807, 0.0 ], [ 19.0721566, 72.904769, 0.0 ], [ 19.0715815, 72.9052151, 0.0 ], [ 19.0716071, 72.9053546, 0.0 ], [ 19.0716359, 72.9055121, 0.0 ], [ 19.071666, 72.9056765, 0.0 ], [ 19.0717067, 72.9058985, 0.0 ], [ 19.0717151, 72.9059545, 0.0 ], [ 19.0717343, 72.9060814, 0.0 ], [ 19.0717517, 72.9061961, 0.0 ], [ 19.0717738, 72.9063425, 0.0 ], [ 19.0717796, 72.9063758, 0.0 ], [ 19.071831, 72.9066742, 0.0 ], [ 19.0718392, 72.9067213, 0.0 ], [ 19.0718846, 72.9069493, 0.0 ], [ 19.0719101, 72.9070697, 0.0 ], [ 19.0719593, 72.9073021, 0.0 ], [ 19.0718719, 72.907348, 0.0 ], [ 19.0718514, 72.9073587, 0.0 ], [ 19.0717314, 72.9074196, 0.0 ], [ 19.0707484, 72.907598, 0.0 ], [ 19.0703524, 72.9076793, 0.0 ], [ 19.070399, 72.9082453, 0.0 ], [ 19.0703994, 72.9084808, 0.0 ], [ 19.0704007, 72.9092505, 0.0 ], [ 19.0695128, 72.9095076, 0.0 ], [ 19.0695638, 72.9098669, 0.0 ], [ 19.0695244, 72.9098709, 0.0 ], [ 19.0680816, 72.9101128, 0.0 ], [ 19.0679157, 72.9102662, 0.0 ], [ 19.0675459, 72.9106081, 0.0 ], [ 19.0671586, 72.9106555, 0.0 ], [ 19.0651001, 72.9117388, 0.0 ], [ 19.0650935, 72.9117246, 0.0 ], [ 19.0650188, 72.9115638, 0.0 ], [ 19.0649469, 72.911773, 0.0 ], [ 19.0649423, 72.9117862, 0.0 ], [ 19.0648131, 72.9116668, 0.0 ], [ 19.0645956, 72.9114658, 0.0 ], [ 19.0645266, 72.911402, 0.0 ], [ 19.0641126, 72.9110195, 0.0 ], [ 19.0638465, 72.9107736, 0.0 ], [ 19.0635153, 72.9104675, 0.0 ], [ 19.0634858, 72.9104402, 0.0 ], [ 19.0633276, 72.9102776, 0.0 ], [ 19.0632216, 72.9101686, 0.0 ], [ 19.0631658, 72.9101166, 0.0 ], [ 19.06297, 72.9099417, 0.0 ], [ 19.0629144, 72.909892, 0.0 ], [ 19.0627773, 72.9097749, 0.0 ], [ 19.0627643, 72.9097637, 0.0 ], [ 19.0623768, 72.9094283, 0.0 ], [ 19.0620723, 72.9091577, 0.0 ], [ 19.0617855, 72.9088944, 0.0 ], [ 19.0616517, 72.9087832, 0.0 ], [ 19.0614299, 72.908599, 0.0 ], [ 19.0612631, 72.9084522, 0.0 ], [ 19.0612603, 72.9084497, 0.0 ], [ 19.0611479, 72.9083349, 0.0 ], [ 19.0611479, 72.9083349, 0.0 ], [ 19.0610785, 72.908264, 0.0 ], [ 19.0610745, 72.9082599, 0.0 ], [ 19.0610232, 72.9082138, 0.0 ], [ 19.0608092, 72.9080217, 0.0 ], [ 19.0607486, 72.9079677, 0.0 ], [ 19.0606727, 72.9079, 0.0 ], [ 19.0604029, 72.9076594, 0.0 ], [ 19.0603009, 72.9075684, 0.0 ], [ 19.0602456, 72.9076322, 0.0 ], [ 19.0602064, 72.9076774, 0.0 ], [ 19.0601242, 72.9077722, 0.0 ], [ 19.0600156, 72.908, 0.0 ], [ 19.0599015, 72.9078965, 0.0 ], [ 19.0598045, 72.9078016, 0.0 ], [ 19.0597309, 72.9077258, 0.0 ], [ 19.0596777, 72.9078409, 0.0 ], [ 19.0595621, 72.9080908, 0.0 ], [ 19.0594371, 72.9083609, 0.0 ], [ 19.0593148, 72.9086282, 0.0 ], [ 19.0592492, 72.9087771, 0.0 ], [ 19.059195, 72.9089001, 0.0 ], [ 19.0590697, 72.9091594, 0.0 ], [ 19.0588363, 72.9096051, 0.0 ], [ 19.0586429, 72.9099573, 0.0 ], [ 19.058429, 72.9103467, 0.0 ], [ 19.0582351, 72.9106997, 0.0 ], [ 19.0581097, 72.910928, 0.0 ], [ 19.0579942, 72.9111383, 0.0 ], [ 19.057865, 72.9113492, 0.0 ], [ 19.0577848, 72.9114801, 0.0 ], [ 19.0576881, 72.9116379, 0.0 ], [ 19.057603, 72.9117752, 0.0 ], [ 19.0573661, 72.9121532, 0.0 ], [ 19.0572267, 72.9123733, 0.0 ], [ 19.0571993, 72.9123541, 0.0 ], [ 19.0570833, 72.912273, 0.0 ], [ 19.056974, 72.9121958, 0.0 ], [ 19.0568245, 72.9120893, 0.0 ], [ 19.0566748, 72.9119829, 0.0 ], [ 19.0565491, 72.9118974, 0.0 ], [ 19.0564473, 72.9118281, 0.0 ], [ 19.0563334, 72.9117483, 0.0 ], [ 19.0562633, 72.9116995, 0.0 ], [ 19.0561647, 72.9116311, 0.0 ], [ 19.0561054, 72.9115897, 0.0 ], [ 19.0560458, 72.911548, 0.0 ], [ 19.0559652, 72.9114913, 0.0 ], [ 19.0559023, 72.9114475, 0.0 ], [ 19.0558453, 72.9114081, 0.0 ], [ 19.0557431, 72.9113387, 0.0 ], [ 19.0556932, 72.9113057, 0.0 ], [ 19.0556146, 72.9112591, 0.0 ], [ 19.0555345, 72.9112153, 0.0 ], [ 19.0554412, 72.9111734, 0.0 ], [ 19.0554116, 72.9111612, 0.0 ], [ 19.0553675, 72.911143, 0.0 ], [ 19.0552813, 72.911115, 0.0 ], [ 19.055172, 72.9110841, 0.0 ], [ 19.0540237, 72.9108832, 0.0 ], [ 19.053466, 72.9107997, 0.0 ], [ 19.0511716, 72.9105364, 0.0 ], [ 19.05094, 72.910517, 0.0 ], [ 19.0509015, 72.9105138, 0.0 ], [ 19.0507907, 72.9105031, 0.0 ], [ 19.050709, 72.910495, 0.0 ], [ 19.0501282, 72.9103638, 0.0 ], [ 19.0500372, 72.910344, 0.0 ], [ 19.0498371, 72.9103004, 0.0 ], [ 19.0495732, 72.9102438, 0.0 ], [ 19.049421, 72.9102111, 0.0 ], [ 19.0493656, 72.9101992, 0.0 ], [ 19.0492693, 72.9101783, 0.0 ], [ 19.0490079, 72.9101197, 0.0 ], [ 19.048976, 72.9101128, 0.0 ], [ 19.0471902, 72.9096178, 0.0 ], [ 19.0465768, 72.9095138, 0.0 ], [ 19.0464248, 72.9094881, 0.0 ], [ 19.0461353, 72.9094278, 0.0 ], [ 19.0460748, 72.9094152, 0.0 ], [ 19.0458795, 72.9093746, 0.0 ], [ 19.0457562, 72.9093447, 0.0 ], [ 19.0457135, 72.90934, 0.0 ], [ 19.045717, 72.9092471, 0.0 ], [ 19.0457247, 72.9090443, 0.0 ], [ 19.0457275, 72.908972, 0.0 ], [ 19.0457354, 72.9087618, 0.0 ], [ 19.0457422, 72.9085831, 0.0 ], [ 19.0457468, 72.9084346, 0.0 ], [ 19.045755, 72.908164, 0.0 ], [ 19.0457656, 72.9078161, 0.0 ], [ 19.0457726, 72.907589, 0.0 ], [ 19.0457872, 72.9071094, 0.0 ], [ 19.0457956, 72.9066109, 0.0 ], [ 19.0458049, 72.90606, 0.0 ], [ 19.0458051, 72.9057233, 0.0 ], [ 19.0458053, 72.9054578, 0.0 ], [ 19.0458058, 72.9050825, 0.0 ], [ 19.0457699, 72.9037124, 0.0 ], [ 19.0457799, 72.9035864, 0.0 ], [ 19.0458257, 72.9030425, 0.0 ], [ 19.0458334, 72.9029517, 0.0 ], [ 19.0458527, 72.9027226, 0.0 ], [ 19.0458997, 72.9021822, 0.0 ], [ 19.0459284, 72.9019397, 0.0 ], [ 19.045947, 72.9017837, 0.0 ], [ 19.0460266, 72.9011164, 0.0 ], [ 19.0460432, 72.900977, 0.0 ], [ 19.0460715, 72.9007402, 0.0 ], [ 19.0460806, 72.9006635, 0.0 ], [ 19.0460842, 72.9006336, 0.0 ], [ 19.0460891, 72.9006005, 0.0 ], [ 19.0461179, 72.9004038, 0.0 ], [ 19.0461423, 72.9002371, 0.0 ], [ 19.0461533, 72.9001623, 0.0 ], [ 19.0461537, 72.8996524, 0.0 ], [ 19.0461472, 72.8993678, 0.0 ], [ 19.0461303, 72.8991788, 0.0 ], [ 19.0460955, 72.8989067, 0.0 ], [ 19.0460899, 72.8988542, 0.0 ], [ 19.0460867, 72.8988282, 0.0 ], [ 19.0452343, 72.8989498, 0.0 ], [ 19.0451237, 72.8989567, 0.0 ], [ 19.0450944, 72.8989553, 0.0 ], [ 19.0450298, 72.8989509, 0.0 ], [ 19.0447617, 72.8988094, 0.0 ], [ 19.0446594, 72.8987481, 0.0 ], [ 19.044584, 72.898671, 0.0 ], [ 19.0445283, 72.8985396, 0.0 ], [ 19.0444194, 72.8982521, 0.0 ], [ 19.0440573, 72.8972902, 0.0 ], [ 19.0437922, 72.896564, 0.0 ], [ 19.0437215, 72.896504, 0.0 ], [ 19.0432728, 72.8963606, 0.0 ], [ 19.04305, 72.8962623, 0.0 ], [ 19.0428574, 72.8961718, 0.0 ], [ 19.042785, 72.8961468, 0.0 ], [ 19.0424284, 72.8960784, 0.0 ], [ 19.0423984, 72.8960475, 0.0 ], [ 19.0423792, 72.8960208, 0.0 ], [ 19.0423585, 72.8959842, 0.0 ], [ 19.0423536, 72.8959119, 0.0 ], [ 19.0423556, 72.8958508, 0.0 ], [ 19.04239, 72.8956744, 0.0 ], [ 19.0424043, 72.8956189, 0.0 ], [ 19.0424413, 72.8955517, 0.0 ], [ 19.0426469, 72.8952845, 0.0 ], [ 19.0422102, 72.8952864, 0.0 ], [ 19.0415215, 72.8952581, 0.0 ], [ 19.0414903, 72.8952429, 0.0 ], [ 19.0414577, 72.8952263, 0.0 ], [ 19.0414196, 72.8951927, 0.0 ], [ 19.0413539, 72.8951127, 0.0 ], [ 19.041314, 72.8950479, 0.0 ], [ 19.0413, 72.8950026, 0.0 ], [ 19.0412506, 72.8946995, 0.0 ], [ 19.0411904, 72.8943867, 0.0 ], [ 19.041179, 72.8943357, 0.0 ], [ 19.0411623, 72.8942891, 0.0 ], [ 19.0409417, 72.8938865, 0.0 ], [ 19.0405589, 72.8941125, 0.0 ], [ 19.0404075, 72.8942049, 0.0 ], [ 19.0402541, 72.8943031, 0.0 ], [ 19.0398888, 72.8945339, 0.0 ], [ 19.0397216, 72.8946072, 0.0 ], [ 19.0396501, 72.8946318, 0.0 ], [ 19.0393699, 72.8947129, 0.0 ], [ 19.0392784, 72.8947374, 0.0 ], [ 19.0391627, 72.894766, 0.0 ], [ 19.0391067, 72.8947762, 0.0 ], [ 19.0390738, 72.8947823, 0.0 ], [ 19.0389058, 72.8948097, 0.0 ], [ 19.0388055, 72.8948219, 0.0 ], [ 19.0386258, 72.8948407, 0.0 ], [ 19.0384458, 72.8948566, 0.0 ], [ 19.0382775, 72.8948718, 0.0 ], [ 19.0381588, 72.8948837, 0.0 ], [ 19.0381134, 72.8948891, 0.0 ], [ 19.0379964, 72.8949026, 0.0 ], [ 19.0379066, 72.8949127, 0.0 ], [ 19.0378167, 72.8949223, 0.0 ], [ 19.0377267, 72.8949303, 0.0 ], [ 19.0375954, 72.894943, 0.0 ], [ 19.0375075, 72.8949521, 0.0 ], [ 19.0373938, 72.8949641, 0.0 ], [ 19.0372773, 72.8949767, 0.0 ], [ 19.037123, 72.894995, 0.0 ], [ 19.0370835, 72.8950003, 0.0 ], [ 19.0370083, 72.8950106, 0.0 ], [ 19.0369188, 72.8950232, 0.0 ], [ 19.0368295, 72.8950376, 0.0 ], [ 19.0367181, 72.8950536, 0.0 ], [ 19.0366505, 72.8950629, 0.0 ], [ 19.036561, 72.8950756, 0.0 ], [ 19.036472, 72.8950914, 0.0 ], [ 19.036318, 72.8951254, 0.0 ], [ 19.0362296, 72.8951478, 0.0 ], [ 19.0361211, 72.8951806, 0.0 ], [ 19.0360344, 72.8952073, 0.0 ], [ 19.0359141, 72.8952469, 0.0 ], [ 19.0350425, 72.8955624, 0.0 ], [ 19.0343362, 72.8958052, 0.0 ], [ 19.0336928, 72.8960403, 0.0 ], [ 19.0326598, 72.8964254, 0.0 ], [ 19.0324541, 72.8964857, 0.0 ], [ 19.0323819, 72.8965036, 0.0 ], [ 19.0323016, 72.8965158, 0.0 ], [ 19.0319549, 72.8965583, 0.0 ], [ 19.0318306, 72.896588, 0.0 ], [ 19.0317919, 72.8965998, 0.0 ], [ 19.0317052, 72.8966375, 0.0 ], [ 19.0316185, 72.8966752, 0.0 ], [ 19.0315452, 72.8967156, 0.0 ], [ 19.03148, 72.8967517, 0.0 ], [ 19.0314466, 72.8967676, 0.0 ], [ 19.0312502, 72.8968222, 0.0 ], [ 19.0312048, 72.8968341, 0.0 ], [ 19.031162, 72.8968403, 0.0 ], [ 19.0306958, 72.8968705, 0.0 ], [ 19.0304973, 72.8968843, 0.0 ], [ 19.0303877, 72.8968919, 0.0 ], [ 19.0302963, 72.8968982, 0.0 ], [ 19.0302136, 72.8969039, 0.0 ], [ 19.0301409, 72.896909, 0.0 ], [ 19.0300889, 72.8969126, 0.0 ], [ 19.0300041, 72.8969167, 0.0 ], [ 19.0299036, 72.8969204, 0.0 ], [ 19.0298441, 72.8969232, 0.0 ], [ 19.0297842, 72.8969265, 0.0 ], [ 19.0294877, 72.8969175, 0.0 ], [ 19.0293957, 72.8969613, 0.0 ], [ 19.029038, 72.8971561, 0.0 ], [ 19.0286832, 72.8973477, 0.0 ], [ 19.0284741, 72.8974126, 0.0 ], [ 19.0284252, 72.8974302, 0.0 ], [ 19.0282052, 72.8975092, 0.0 ], [ 19.0280578, 72.8975607, 0.0 ], [ 19.0279885, 72.8975849, 0.0 ], [ 19.0279385, 72.8976056, 0.0 ], [ 19.0279114, 72.8976067, 0.0 ], [ 19.0278715, 72.8976099, 0.0 ], [ 19.0278561, 72.8976115, 0.0 ], [ 19.0278186, 72.8976137, 0.0 ], [ 19.027802, 72.897616, 0.0 ], [ 19.0277511, 72.8976264, 0.0 ], [ 19.0274917, 72.8976794, 0.0 ], [ 19.0274652, 72.8976826, 0.0 ], [ 19.02746, 72.8976831, 0.0 ], [ 19.0273311, 72.8976914, 0.0 ], [ 19.0272522, 72.8976964, 0.0 ], [ 19.0271081, 72.8977036, 0.0 ], [ 19.0270121, 72.8977106, 0.0 ], [ 19.0267986, 72.8977202, 0.0 ], [ 19.026594, 72.8977294, 0.0 ], [ 19.0265697, 72.8977304, 0.0 ], [ 19.0263334, 72.8977423, 0.0 ], [ 19.0262323, 72.8977474, 0.0 ], [ 19.0259922, 72.8977441, 0.0 ], [ 19.0258218, 72.897737, 0.0 ], [ 19.0256453, 72.8977371, 0.0 ], [ 19.025622, 72.8977392, 0.0 ], [ 19.0254365, 72.8977406, 0.0 ], [ 19.0253341, 72.8977453, 0.0 ], [ 19.0248287, 72.8977688, 0.0 ], [ 19.0243851, 72.8977894, 0.0 ], [ 19.0238622, 72.8978136, 0.0 ], [ 19.0238368, 72.8978148, 0.0 ], [ 19.0237065, 72.8978209, 0.0 ], [ 19.0234616, 72.8978322, 0.0 ], [ 19.0234452, 72.897833, 0.0 ], [ 19.0232402, 72.8978442, 0.0 ], [ 19.0231231, 72.8978487, 0.0 ], [ 19.0227302, 72.8978638, 0.0 ], [ 19.02265, 72.8978669, 0.0 ], [ 19.0221342, 72.8978872, 0.0 ], [ 19.0217948, 72.8978992, 0.0 ], [ 19.0217643, 72.8979002, 0.0 ], [ 19.0214646, 72.8979099, 0.0 ], [ 19.0213305, 72.8979122, 0.0 ], [ 19.02128, 72.8979147, 0.0 ], [ 19.0209073, 72.8979334, 0.0 ], [ 19.0209044, 72.8979335, 0.0 ], [ 19.0206212, 72.897944, 0.0 ], [ 19.0205402, 72.8979469, 0.0 ], [ 19.0202176, 72.8979587, 0.0 ], [ 19.0198765, 72.8979711, 0.0 ], [ 19.0198026, 72.8979895, 0.0 ], [ 19.0191385, 72.8980383, 0.0 ], [ 19.0190844, 72.8980381, 0.0 ], [ 19.0186884, 72.8980352, 0.0 ], [ 19.018629, 72.8980626, 0.0 ], [ 19.0181944, 72.8980784, 0.0 ], [ 19.0174309, 72.8981041, 0.0 ], [ 19.0172936, 72.8981053, 0.0 ], [ 19.0168252, 72.8981093, 0.0 ], [ 19.0158588, 72.8981463, 0.0 ], [ 19.0157295, 72.8981521, 0.0 ], [ 19.0153441, 72.8981693, 0.0 ], [ 19.014798, 72.898193, 0.0 ], [ 19.0143969, 72.898211, 0.0 ], [ 19.0136287, 72.8982456, 0.0 ], [ 19.0125177, 72.8983078, 0.0 ], [ 19.0121167, 72.8983302, 0.0 ], [ 19.0120631, 72.8983411, 0.0 ], [ 19.0113131, 72.8983689, 0.0 ], [ 19.0111012, 72.8983789, 0.0 ], [ 19.0110062, 72.8983842, 0.0 ], [ 19.0108809, 72.898389, 0.0 ], [ 19.0107804, 72.8983857, 0.0 ], [ 19.010509, 72.8984, 0.0 ], [ 19.0095556, 72.8984501, 0.0 ], [ 19.0093342, 72.8984677, 0.0 ], [ 19.0090891, 72.8989244, 0.0 ], [ 19.0090669, 72.8989837, 0.0 ], [ 19.0088482, 72.8998561, 0.0 ], [ 19.0088138, 72.8999373, 0.0 ], [ 19.0087893, 72.8999835, 0.0 ], [ 19.0084922, 72.9003587, 0.0 ], [ 19.0079631, 72.9009816, 0.0 ], [ 19.0079406, 72.9010146, 0.0 ], [ 19.0079202, 72.9010455, 0.0 ], [ 19.0079061, 72.9010893, 0.0 ], [ 19.0077155, 72.901874, 0.0 ], [ 19.0072389, 72.9038334, 0.0 ], [ 19.0069115, 72.9052031, 0.0 ], [ 19.0068751, 72.905291, 0.0 ], [ 19.0068383, 72.9053417, 0.0 ], [ 19.0068074, 72.905364, 0.0 ], [ 19.0067702, 72.9053863, 0.0 ], [ 19.0067246, 72.9053956, 0.0 ], [ 19.0058503, 72.9052776, 0.0 ], [ 19.0044181, 72.9050749, 0.0 ], [ 19.0031314, 72.9049106, 0.0 ], [ 19.0031013, 72.9047987, 0.0 ], [ 19.0030898, 72.9047596, 0.0 ], [ 19.0029681, 72.9043222, 0.0 ], [ 19.0027108, 72.9043305, 0.0 ], [ 19.0019586, 72.9043548, 0.0 ], [ 19.0014155, 72.9043722, 0.0 ], [ 19.0005547, 72.9043999, 0.0 ], [ 18.9996764, 72.9044282, 0.0 ], [ 18.9992533, 72.9044418, 0.0 ], [ 18.9989378, 72.9044238, 0.0 ], [ 18.9988077, 72.9044164, 0.0 ], [ 18.9985198, 72.9043966, 0.0 ], [ 18.9982254, 72.9043763, 0.0 ], [ 18.9973348, 72.9043148, 0.0 ], [ 18.9971142, 72.9042996, 0.0 ], [ 18.9971141, 72.9042989, 0.0 ], [ 18.9947752, 72.9042558, 0.0 ], [ 18.9946054, 72.904258, 0.0 ], [ 18.9944549, 72.9042995, 0.0 ], [ 18.9939889, 72.9044453, 0.0 ], [ 18.9940245, 72.904214, 0.0 ], [ 18.9942084, 72.9035895, 0.0 ], [ 18.9950026, 72.9012311, 0.0 ], [ 18.9952121, 72.9003453, 0.0 ], [ 18.9952358, 72.8999035, 0.0 ], [ 18.9952713, 72.8988292, 0.0 ], [ 18.9952941, 72.8966411, 0.0 ], [ 18.9952084, 72.8958192, 0.0 ], [ 18.9951181, 72.895429, 0.0 ], [ 18.9948017, 72.8944695, 0.0 ], [ 18.994584, 72.8937998, 0.0 ], [ 18.9945197, 72.8931784, 0.0 ], [ 18.9945624, 72.8927363, 0.0 ], [ 18.9945446, 72.8921443, 0.0 ], [ 18.994465, 72.8918302, 0.0 ], [ 18.9943617, 72.8914003, 0.0 ], [ 18.9943294, 72.8912829, 0.0 ], [ 18.9939319, 72.8905639, 0.0 ], [ 18.9937629, 72.8902069, 0.0 ], [ 18.9935112, 72.8898262, 0.0 ], [ 18.9929967, 72.8891391, 0.0 ], [ 18.9923058, 72.8884667, 0.0 ], [ 18.9917221, 72.8879044, 0.0 ], [ 18.9916479, 72.8875957, 0.0 ], [ 18.9917282, 72.8874089, 0.0 ], [ 18.9919032, 72.8872581, 0.0 ], [ 18.9922198, 72.8871303, 0.0 ], [ 18.9924428, 72.8870531, 0.0 ], [ 18.99289, 72.8870103, 0.0 ], [ 18.9932313, 72.8869813, 0.0 ], [ 18.993832, 72.8869737, 0.0 ], [ 18.9949025, 72.8868363, 0.0 ], [ 18.9958201, 72.8867257, 0.0 ], [ 18.9973294, 72.8868428, 0.0 ], [ 18.998118, 72.8867833, 0.0 ], [ 18.9995957, 72.8866233, 0.0 ], [ 18.9995399, 72.8857488, 0.0 ], [ 18.9996267, 72.8854964, 0.0 ], [ 19.0001017, 72.8852392, 0.0 ], [ 19.0006383, 72.8851382, 0.0 ], [ 19.0012033, 72.8849112, 0.0 ], [ 19.0016478, 72.8845915, 0.0 ], [ 19.0022697, 72.8841125, 0.0 ], [ 19.0024748, 72.8837645, 0.0 ], [ 19.0030977, 72.8833797, 0.0 ], [ 19.0036951, 72.8833721, 0.0 ], [ 19.004652, 72.8834542, 0.0 ], [ 19.0058494, 72.8836589, 0.0 ], [ 19.0077333, 72.8838236, 0.0 ], [ 19.0086301, 72.883875, 0.0 ], [ 19.0088072, 72.8836843, 0.0 ], [ 19.0097686, 72.8849784, 0.0 ], [ 19.0100502, 72.8848949, 0.0 ], [ 19.0101788, 72.8848568, 0.0 ], [ 19.0102534, 72.8848346, 0.0 ], [ 19.0116949, 72.884546, 0.0 ], [ 19.0134533, 72.8843886, 0.0 ], [ 19.0134689, 72.8843872, 0.0 ], [ 19.0136564, 72.8843728, 0.0 ], [ 19.0137715, 72.8843627, 0.0 ], [ 19.0138364, 72.8843581, 0.0 ], [ 19.014219, 72.8843253, 0.0 ], [ 19.0145194, 72.8842963, 0.0 ], [ 19.0153609, 72.884048, 0.0 ], [ 19.015618, 72.8839504, 0.0 ], [ 19.0157966, 72.8838643, 0.0 ], [ 19.0159641, 72.8837499, 0.0 ], [ 19.0161705, 72.8835751, 0.0 ], [ 19.0164254, 72.8833055, 0.0 ], [ 19.0168102, 72.8828063, 0.0 ], [ 19.0170407, 72.8825512, 0.0 ], [ 19.0170431, 72.8825486, 0.0 ], [ 19.0170597, 72.8825287, 0.0 ], [ 19.017082, 72.8825022, 0.0 ], [ 19.0172614, 72.8822458, 0.0 ], [ 19.0173493, 72.8821212, 0.0 ], [ 19.0173683, 72.8820886, 0.0 ], [ 19.0173944, 72.8820438, 0.0 ], [ 19.0173971, 72.8820391, 0.0 ], [ 19.0174704, 72.8819479, 0.0 ], [ 19.0175882, 72.8818078, 0.0 ], [ 19.0176294, 72.8817632, 0.0 ], [ 19.0177159, 72.8816529, 0.0 ], [ 19.0178483, 72.8814802, 0.0 ], [ 19.0179395, 72.8813777, 0.0 ], [ 19.0180171, 72.8812874, 0.0 ], [ 19.018092, 72.8812004, 0.0 ], [ 19.0182685, 72.8810089, 0.0 ], [ 19.0183427, 72.8809359, 0.0 ], [ 19.018417, 72.8808629, 0.0 ], [ 19.0185088, 72.8807711, 0.0 ], [ 19.0185711, 72.8807077, 0.0 ], [ 19.0186372, 72.8806404, 0.0 ], [ 19.0187563, 72.8805303, 0.0 ], [ 19.0187762, 72.8805119, 0.0 ], [ 19.0191869, 72.8800548, 0.0 ], [ 19.0192805, 72.8799661, 0.0 ], [ 19.0193002, 72.8799465, 0.0 ], [ 19.0193149, 72.8799354, 0.0 ], [ 19.019328, 72.8799248, 0.0 ], [ 19.0193442, 72.8799097, 0.0 ], [ 19.0193674, 72.8798888, 0.0 ], [ 19.0193837, 72.8798745, 0.0 ], [ 19.0193952, 72.8798635, 0.0 ], [ 19.0194057, 72.8798561, 0.0 ], [ 19.0194185, 72.8798503, 0.0 ], [ 19.0194281, 72.879843, 0.0 ], [ 19.0194397, 72.8798319, 0.0 ], [ 19.0194703, 72.8798074, 0.0 ], [ 19.0194896, 72.879791, 0.0 ], [ 19.0195051, 72.87978, 0.0 ], [ 19.0195283, 72.879764, 0.0 ], [ 19.0195703, 72.8797335, 0.0 ], [ 19.0195846, 72.8797217, 0.0 ], [ 19.0195997, 72.8797074, 0.0 ], [ 19.0196128, 72.8796967, 0.0 ], [ 19.019638, 72.8796759, 0.0 ], [ 19.0196742, 72.879646, 0.0 ], [ 19.0197064, 72.8796194, 0.0 ], [ 19.019793, 72.8795474, 0.0 ], [ 19.0199596, 72.879424, 0.0 ], [ 19.0201914, 72.8792525, 0.0 ], [ 19.0205235, 72.8789875, 0.0 ], [ 19.0207693, 72.8788012, 0.0 ], [ 19.0210403, 72.8785943, 0.0 ], [ 19.021235, 72.8784339, 0.0 ], [ 19.0213156, 72.878365, 0.0 ], [ 19.0214119, 72.878297, 0.0 ], [ 19.0214747, 72.8782527, 0.0 ], [ 19.0215298, 72.8782277, 0.0 ], [ 19.0216971, 72.8781196, 0.0 ], [ 19.0217672, 72.8780772, 0.0 ], [ 19.0219111, 72.878004, 0.0 ], [ 19.0219112, 72.878004, 0.0 ], [ 19.0220676, 72.8779136, 0.0 ], [ 19.0221484, 72.8778683, 0.0 ], [ 19.0221529, 72.8778657, 0.0 ], [ 19.0222387, 72.8778247, 0.0 ], [ 19.0223408, 72.8777808, 0.0 ], [ 19.022466, 72.8777253, 0.0 ], [ 19.0225601, 72.8776813, 0.0 ], [ 19.0226795, 72.8776269, 0.0 ], [ 19.0227737, 72.877593, 0.0 ], [ 19.0228439, 72.8775652, 0.0 ], [ 19.0228648, 72.8775569, 0.0 ], [ 19.0231318, 72.8774511, 0.0 ], [ 19.0232438, 72.8774259, 0.0 ], [ 19.0232925, 72.8774223, 0.0 ], [ 19.0234052, 72.8774139, 0.0 ], [ 19.023428, 72.87741, 0.0 ], [ 19.0236459, 72.8773515, 0.0 ], [ 19.0237173, 72.8773306, 0.0 ], [ 19.0237469, 72.8773242, 0.0 ], [ 19.0238383, 72.8773043, 0.0 ], [ 19.023862, 72.8772991, 0.0 ], [ 19.0238692, 72.8772976, 0.0 ], [ 19.0238713, 72.8772976, 0.0 ], [ 19.0239284, 72.8772974, 0.0 ], [ 19.0241186, 72.8772985, 0.0 ], [ 19.0241379, 72.8773, 0.0 ], [ 19.0241395, 72.8773, 0.0 ], [ 19.0245417, 72.8772856, 0.0 ], [ 19.0245727, 72.8772867, 0.0 ], [ 19.0245802, 72.8772853, 0.0 ], [ 19.0246125, 72.8772828, 0.0 ], [ 19.0246449, 72.8772802, 0.0 ], [ 19.0246876, 72.8772822, 0.0 ], [ 19.0246889, 72.8772824, 0.0 ], [ 19.0247518, 72.8772912, 0.0 ], [ 19.0247859, 72.8772947, 0.0 ], [ 19.0248949, 72.8772987, 0.0 ], [ 19.0249997, 72.8773136, 0.0 ], [ 19.0250015, 72.8773137, 0.0 ], [ 19.0250032, 72.8773137, 0.0 ], [ 19.0250757, 72.8773154, 0.0 ], [ 19.0251579, 72.8773285, 0.0 ], [ 19.0251893, 72.8773332, 0.0 ], [ 19.0251893, 72.8773332, 0.0 ], [ 19.0252594, 72.8773437, 0.0 ], [ 19.0253977, 72.8773615, 0.0 ], [ 19.0254102, 72.8773627, 0.0 ], [ 19.0254235, 72.8773638, 0.0 ], [ 19.0254357, 72.8773649, 0.0 ], [ 19.0254711, 72.8773683, 0.0 ], [ 19.0254867, 72.8773685, 0.0 ], [ 19.0254875, 72.8773685, 0.0 ], [ 19.0255025, 72.8773687, 0.0 ], [ 19.0255165, 72.8773689, 0.0 ], [ 19.0255767, 72.8773778, 0.0 ], [ 19.0256549, 72.877393, 0.0 ], [ 19.0257777, 72.8774202, 0.0 ], [ 19.0259849, 72.8774708, 0.0 ], [ 19.0261373, 72.8775132, 0.0 ], [ 19.0265341, 72.8775991, 0.0 ], [ 19.0266901, 72.8776417, 0.0 ], [ 19.0267744, 72.8776647, 0.0 ], [ 19.0268345, 72.8776787, 0.0 ], [ 19.0270414, 72.8777237, 0.0 ], [ 19.0272765, 72.8777787, 0.0 ], [ 19.0274335, 72.8778167, 0.0 ], [ 19.0274393, 72.8778182, 0.0 ], [ 19.027505, 72.8778334, 0.0 ], [ 19.0276595, 72.8778682, 0.0 ], [ 19.0277327, 72.8778847, 0.0 ], [ 19.0280889, 72.877978, 0.0 ], [ 19.028156, 72.8779958, 0.0 ], [ 19.0283248, 72.8780407, 0.0 ], [ 19.0284658, 72.8780776, 0.0 ], [ 19.0285863, 72.8781107, 0.0 ], [ 19.0286644, 72.8781304, 0.0 ], [ 19.0287075, 72.8781473, 0.0 ], [ 19.0288005, 72.8781899, 0.0 ], [ 19.0288932, 72.8782228, 0.0 ], [ 19.0289881, 72.8782571, 0.0 ], [ 19.0290492, 72.8782793, 0.0 ], [ 19.0292806, 72.8783546, 0.0 ], [ 19.0293383, 72.8783747, 0.0 ], [ 19.0293717, 72.8783863, 0.0 ], [ 19.029451, 72.878412, 0.0 ], [ 19.0295035, 72.8784291, 0.0 ], [ 19.0296165, 72.8784658, 0.0 ], [ 19.0298228, 72.8785354, 0.0 ], [ 19.0298496, 72.8785444, 0.0 ], [ 19.0299358, 72.8785741, 0.0 ], [ 19.0300472, 72.8786124, 0.0 ], [ 19.030193, 72.8786619, 0.0 ], [ 19.030242, 72.8786888, 0.0 ], [ 19.0302423, 72.8786889, 0.0 ], [ 19.0302723, 72.8787053, 0.0 ], [ 19.030311, 72.8787198, 0.0 ], [ 19.0303712, 72.8787397, 0.0 ], [ 19.0303713, 72.8787397, 0.0 ], [ 19.0303953, 72.8787476, 0.0 ], [ 19.0304692, 72.8787688, 0.0 ], [ 19.0304797, 72.8787699, 0.0 ], [ 19.0304963, 72.8787716, 0.0 ], [ 19.0305771, 72.8787785, 0.0 ], [ 19.0306385, 72.8787835, 0.0 ], [ 19.0306475, 72.8787837, 0.0 ], [ 19.0306475, 72.8787837, 0.0 ], [ 19.0306872, 72.8787844, 0.0 ], [ 19.0307292, 72.8788189, 0.0 ], [ 19.0307293, 72.878819, 0.0 ], [ 19.0307991, 72.8788762, 0.0 ], [ 19.030802, 72.8788785, 0.0 ], [ 19.0309035, 72.8789219, 0.0 ], [ 19.0309463, 72.87894, 0.0 ], [ 19.0309463, 72.87894, 0.0 ], [ 19.0310031, 72.878964, 0.0 ], [ 19.0310366, 72.878978, 0.0 ], [ 19.0311518, 72.8790261, 0.0 ], [ 19.0312045, 72.8790484, 0.0 ], [ 19.0312571, 72.8790708, 0.0 ], [ 19.0312811, 72.879081, 0.0 ], [ 19.031305, 72.8790912, 0.0 ], [ 19.0313166, 72.8790969, 0.0 ], [ 19.0313409, 72.8791088, 0.0 ], [ 19.0315258, 72.8791965, 0.0 ], [ 19.0316667, 72.8792676, 0.0 ], [ 19.0317215, 72.8792952, 0.0 ], [ 19.0318447, 72.8793602, 0.0 ], [ 19.031933, 72.8794096, 0.0 ], [ 19.0319951, 72.8794444, 0.0 ], [ 19.0321115, 72.8795079, 0.0 ], [ 19.0321539, 72.8795317, 0.0 ], [ 19.0321564, 72.879533, 0.0 ], [ 19.0323445, 72.8796286, 0.0 ], [ 19.0326328, 72.8797726, 0.0 ], [ 19.0326407, 72.8797774, 0.0 ], [ 19.0326457, 72.8797804, 0.0 ], [ 19.0326457, 72.8797804, 0.0 ], [ 19.0327302, 72.8798287, 0.0 ], [ 19.0327349, 72.8798314, 0.0 ], [ 19.0328549, 72.8799002, 0.0 ], [ 19.0328644, 72.8799049, 0.0 ], [ 19.0328715, 72.8799083, 0.0 ], [ 19.03289, 72.8799276, 0.0 ], [ 19.0328904, 72.8799279, 0.0 ], [ 19.0329616, 72.8799708, 0.0 ], [ 19.0329834, 72.8799753, 0.0 ], [ 19.0330827, 72.8800404, 0.0 ], [ 19.0331073, 72.8800569, 0.0 ], [ 19.0331301, 72.8800723, 0.0 ], [ 19.0331312, 72.880073, 0.0 ], [ 19.0331588, 72.8800896, 0.0 ], [ 19.0341826, 72.8806021, 0.0 ], [ 19.0345331, 72.880755, 0.0 ], [ 19.0345992, 72.880783, 0.0 ], [ 19.034741, 72.8808385, 0.0 ], [ 19.0347488, 72.8808401, 0.0 ], [ 19.0347634, 72.8808429, 0.0 ], [ 19.0347669, 72.8808439, 0.0 ], [ 19.0347849, 72.8808495, 0.0 ], [ 19.0347941, 72.8808523, 0.0 ], [ 19.0348752, 72.8808719, 0.0 ], [ 19.0349473, 72.8808917, 0.0 ], [ 19.034973, 72.8808988, 0.0 ], [ 19.0351107, 72.8809322, 0.0 ], [ 19.0351527, 72.8809437, 0.0 ], [ 19.0351952, 72.8809555, 0.0 ], [ 19.0351953, 72.8809756, 0.0 ], [ 19.0351984, 72.8809788, 0.0 ], [ 19.0351994, 72.8809791, 0.0 ], [ 19.0352022, 72.8809798, 0.0 ], [ 19.0352046, 72.8809804, 0.0 ], [ 19.0352365, 72.8809852, 0.0 ], [ 19.0352929, 72.8809938, 0.0 ], [ 19.0353209, 72.8809986, 0.0 ], [ 19.0353637, 72.881006, 0.0 ], [ 19.0354032, 72.8810135, 0.0 ], [ 19.0354033, 72.8810135, 0.0 ], [ 19.0354035, 72.8810135, 0.0 ], [ 19.0354228, 72.8810257, 0.0 ], [ 19.0354413, 72.8810373, 0.0 ], [ 19.0354421, 72.8810378, 0.0 ], [ 19.0354594, 72.8810416, 0.0 ], [ 19.0354664, 72.8810431, 0.0 ], [ 19.0354767, 72.8810453, 0.0 ], [ 19.0355326, 72.8810605, 0.0 ], [ 19.0355739, 72.8810717, 0.0 ], [ 19.0356684, 72.8810985, 0.0 ], [ 19.0357459, 72.8811184, 0.0 ], [ 19.0357758, 72.8811261, 0.0 ], [ 19.0358109, 72.8811351, 0.0 ], [ 19.0358863, 72.8811501, 0.0 ], [ 19.035929, 72.8811565, 0.0 ], [ 19.0359503, 72.8811596, 0.0 ], [ 19.0360201, 72.8811735, 0.0 ], [ 19.0360366, 72.8811773, 0.0 ], [ 19.0360544, 72.8811821, 0.0 ], [ 19.0360722, 72.881187, 0.0 ], [ 19.0361022, 72.8811953, 0.0 ], [ 19.036175, 72.8812153, 0.0 ], [ 19.0361789, 72.8812161, 0.0 ], [ 19.0362056, 72.8812214, 0.0 ], [ 19.0364933, 72.8812783, 0.0 ], [ 19.0365024, 72.8812782, 0.0 ], [ 19.0365063, 72.8812782, 0.0 ], [ 19.0365194, 72.8812782, 0.0 ], [ 19.0365202, 72.8812782, 0.0 ], [ 19.0365332, 72.8812789, 0.0 ], [ 19.0365477, 72.8812796, 0.0 ], [ 19.0365482, 72.8812796, 0.0 ], [ 19.0365863, 72.881281, 0.0 ], [ 19.0366401, 72.8812912, 0.0 ], [ 19.0367077, 72.8813025, 0.0 ], [ 19.0367667, 72.8813124, 0.0 ], [ 19.0368645, 72.8813265, 0.0 ], [ 19.0368678, 72.8813269, 0.0 ], [ 19.0368808, 72.8813283, 0.0 ], [ 19.036959, 72.8813363, 0.0 ], [ 19.0369958, 72.8813405, 0.0 ], [ 19.0370303, 72.8813443, 0.0 ], [ 19.037069, 72.8813484, 0.0 ], [ 19.037113, 72.881353, 0.0 ], [ 19.0371569, 72.8813559, 0.0 ], [ 19.0372057, 72.8813594, 0.0 ], [ 19.037515, 72.8813816, 0.0 ], [ 19.0376963, 72.8813724, 0.0 ], [ 19.0378427, 72.8813589, 0.0 ], [ 19.0380789, 72.8813351, 0.0 ], [ 19.0382544, 72.8812998, 0.0 ], [ 19.0382545, 72.8812997, 0.0 ], [ 19.0382547, 72.8812997, 0.0 ], [ 19.038449, 72.8812593, 0.0 ], [ 19.0385176, 72.8812453, 0.0 ], [ 19.0386619, 72.8812158, 0.0 ], [ 19.0387013, 72.8812085, 0.0 ], [ 19.0387013, 72.8812085, 0.0 ], [ 19.0387828, 72.8811933, 0.0 ], [ 19.0387893, 72.8811927, 0.0 ], [ 19.0388652, 72.8811853, 0.0 ], [ 19.03888, 72.8811839, 0.0 ], [ 19.0389236, 72.8811757, 0.0 ], [ 19.0390057, 72.8811553, 0.0 ], [ 19.0390238, 72.8811513, 0.0 ], [ 19.0391921, 72.8811149, 0.0 ], [ 19.0392019, 72.881118, 0.0 ], [ 19.0392101, 72.8811205, 0.0 ], [ 19.0392794, 72.8811125, 0.0 ], [ 19.0394607, 72.8810896, 0.0 ], [ 19.0394686, 72.8810886, 0.0 ], [ 19.0394721, 72.8810879, 0.0 ], [ 19.0394937, 72.8810833, 0.0 ], [ 19.0395773, 72.8810574, 0.0 ], [ 19.0396595, 72.8810245, 0.0 ], [ 19.0396741, 72.88102, 0.0 ], [ 19.0396822, 72.8810191, 0.0 ], [ 19.0396948, 72.8810205, 0.0 ], [ 19.0396963, 72.8810206, 0.0 ], [ 19.0396964, 72.8810206, 0.0 ], [ 19.0397032, 72.8810202, 0.0 ], [ 19.0397033, 72.8810202, 0.0 ], [ 19.0397429, 72.8810179, 0.0 ], [ 19.0397923, 72.8810109, 0.0 ], [ 19.0398256, 72.8810061, 0.0 ], [ 19.0398871, 72.8809973, 0.0 ], [ 19.0399573, 72.8809873, 0.0 ], [ 19.040028, 72.8809773, 0.0 ], [ 19.0403116, 72.8809421, 0.0 ], [ 19.0404339, 72.8809273, 0.0 ], [ 19.0406047, 72.8808999, 0.0 ], [ 19.0406143, 72.880899, 0.0 ], [ 19.0406747, 72.8808932, 0.0 ], [ 19.0407182, 72.880889, 0.0 ], [ 19.0407182, 72.880889, 0.0 ], [ 19.0407295, 72.8808879, 0.0 ], [ 19.0407356, 72.8808873, 0.0 ], [ 19.0407359, 72.8808873, 0.0 ], [ 19.040772, 72.88088, 0.0 ], [ 19.0408109, 72.8808748, 0.0 ], [ 19.0409328, 72.8808556, 0.0 ], [ 19.0409711, 72.8808489, 0.0 ], [ 19.0409935, 72.880845, 0.0 ], [ 19.0410437, 72.8808357, 0.0 ], [ 19.0411277, 72.8808215, 0.0 ], [ 19.0412117, 72.8808072, 0.0 ], [ 19.041339, 72.8807865, 0.0 ], [ 19.0413663, 72.8807821, 0.0 ], [ 19.0413714, 72.8807796, 0.0 ], [ 19.041376, 72.8807773, 0.0 ], [ 19.0414326, 72.8807443, 0.0 ], [ 19.0415016, 72.8806868, 0.0 ], [ 19.0415033, 72.8806872, 0.0 ], [ 19.0415049, 72.8806859, 0.0 ], [ 19.0415051, 72.8806859, 0.0 ], [ 19.0415669, 72.8806984, 0.0 ], [ 19.0416591, 72.8807169, 0.0 ], [ 19.0416945, 72.8807092, 0.0 ], [ 19.0417128, 72.8807052, 0.0 ], [ 19.0417132, 72.8807052, 0.0 ], [ 19.0417136, 72.8807053, 0.0 ], [ 19.041717, 72.8807045, 0.0 ], [ 19.0417217, 72.8807049, 0.0 ], [ 19.0417267, 72.8807069, 0.0 ], [ 19.0417277, 72.8807079, 0.0 ], [ 19.0417282, 72.8807082, 0.0 ], [ 19.041738, 72.8807177, 0.0 ], [ 19.0417488, 72.8807263, 0.0 ], [ 19.0417624, 72.8807321, 0.0 ], [ 19.0417669, 72.8807324, 0.0 ], [ 19.0417947, 72.8807323, 0.0 ], [ 19.0418038, 72.8807323, 0.0 ], [ 19.0418999, 72.8807314, 0.0 ], [ 19.0419096, 72.8807311, 0.0 ], [ 19.0419154, 72.8807312, 0.0 ], [ 19.0419256, 72.8807311, 0.0 ], [ 19.042118, 72.8807338, 0.0 ], [ 19.042123, 72.8807322, 0.0 ], [ 19.0421336, 72.8807277, 0.0 ], [ 19.0421725, 72.8807165, 0.0 ], [ 19.0421978, 72.8807121, 0.0 ], [ 19.0421992, 72.8807119, 0.0 ], [ 19.0422042, 72.880711, 0.0 ], [ 19.04221, 72.8807106, 0.0 ], [ 19.0422165, 72.8807101, 0.0 ], [ 19.0422215, 72.8807095, 0.0 ], [ 19.0422267, 72.8807094, 0.0 ], [ 19.0422276, 72.8807093, 0.0 ], [ 19.0422347, 72.8807088, 0.0 ], [ 19.0422348, 72.8807087, 0.0 ], [ 19.0422467, 72.8807051, 0.0 ], [ 19.0422615, 72.8806991, 0.0 ], [ 19.0422856, 72.8806888, 0.0 ], [ 19.0423173, 72.8806753, 0.0 ], [ 19.0423297, 72.8806706, 0.0 ], [ 19.0423331, 72.8806693, 0.0 ], [ 19.0423363, 72.8806688, 0.0 ], [ 19.0423399, 72.8806683, 0.0 ], [ 19.0423489, 72.8806683, 0.0 ], [ 19.0423542, 72.8806689, 0.0 ], [ 19.042359, 72.8806695, 0.0 ], [ 19.0423719, 72.8806684, 0.0 ], [ 19.042392, 72.8806657, 0.0 ], [ 19.0424057, 72.8806637, 0.0 ], [ 19.0424273, 72.8806552, 0.0 ], [ 19.0424598, 72.8806495, 0.0 ], [ 19.0424632, 72.8806489, 0.0 ], [ 19.0424632, 72.8806489, 0.0 ], [ 19.0425003, 72.880645, 0.0 ], [ 19.0426226, 72.880617, 0.0 ], [ 19.0426329, 72.8806144, 0.0 ], [ 19.0426365, 72.8806138, 0.0 ], [ 19.04264, 72.880613, 0.0 ], [ 19.0426445, 72.8806124, 0.0 ], [ 19.042666, 72.8806087, 0.0 ], [ 19.0426768, 72.8806068, 0.0 ], [ 19.0427041, 72.8806031, 0.0 ], [ 19.0427119, 72.880602, 0.0 ], [ 19.0427127, 72.8806018, 0.0 ], [ 19.0427811, 72.8805863, 0.0 ], [ 19.0428862, 72.8805684, 0.0 ], [ 19.0428993, 72.8805657, 0.0 ], [ 19.0429394, 72.8805574, 0.0 ], [ 19.0429955, 72.8805459, 0.0 ], [ 19.0429956, 72.8805459, 0.0 ], [ 19.0430306, 72.8805384, 0.0 ], [ 19.0431039, 72.8805227, 0.0 ], [ 19.0431527, 72.8805097, 0.0 ], [ 19.0431774, 72.8805038, 0.0 ], [ 19.0431951, 72.8804993, 0.0 ], [ 19.0432102, 72.8804951, 0.0 ], [ 19.0432233, 72.8804912, 0.0 ], [ 19.0432384, 72.8804894, 0.0 ], [ 19.0432553, 72.8804873, 0.0 ], [ 19.0432989, 72.8804782, 0.0 ], [ 19.0433296, 72.8804697, 0.0 ], [ 19.0433446, 72.8804638, 0.0 ], [ 19.0433544, 72.8804597, 0.0 ], [ 19.0433699, 72.8804474, 0.0 ], [ 19.0433724, 72.8804436, 0.0 ], [ 19.0433804, 72.8804316, 0.0 ], [ 19.043387, 72.8804211, 0.0 ], [ 19.0433872, 72.8804209, 0.0 ], [ 19.0433995, 72.8804204, 0.0 ], [ 19.0434257, 72.8804189, 0.0 ], [ 19.0434552, 72.8804367, 0.0 ], [ 19.0434553, 72.8804367, 0.0 ], [ 19.0434566, 72.8804375, 0.0 ], [ 19.0435095, 72.880433, 0.0 ], [ 19.0435096, 72.880433, 0.0 ], [ 19.0436535, 72.8804202, 0.0 ], [ 19.0436538, 72.8804202, 0.0 ], [ 19.0436626, 72.8804182, 0.0 ], [ 19.0437975, 72.8803871, 0.0 ], [ 19.0438244, 72.8803795, 0.0 ], [ 19.0438744, 72.8803562, 0.0 ], [ 19.043931, 72.8803331, 0.0 ], [ 19.0439516, 72.8803247, 0.0 ], [ 19.044002, 72.880304, 0.0 ], [ 19.0440346, 72.8802933, 0.0 ], [ 19.0440347, 72.8802933, 0.0 ], [ 19.0440671, 72.8802824, 0.0 ], [ 19.0441246, 72.8802645, 0.0 ], [ 19.0441247, 72.8802645, 0.0 ], [ 19.0441685, 72.8802507, 0.0 ], [ 19.0442508, 72.8802248, 0.0 ], [ 19.0442852, 72.8802098, 0.0 ], [ 19.0442874, 72.8802083, 0.0 ], [ 19.0442875, 72.8802082, 0.0 ], [ 19.044308, 72.8801936, 0.0 ], [ 19.044317, 72.8801806, 0.0 ], [ 19.0443199, 72.8801751, 0.0 ], [ 19.0443216, 72.8801718, 0.0 ], [ 19.0443312, 72.8801534, 0.0 ], [ 19.0443407, 72.8801376, 0.0 ], [ 19.0443558, 72.8801231, 0.0 ], [ 19.0443583, 72.8801208, 0.0 ], [ 19.0443698, 72.8801097, 0.0 ], [ 19.0443898, 72.8800946, 0.0 ], [ 19.0443926, 72.8800925, 0.0 ], [ 19.0444094, 72.8800802, 0.0 ], [ 19.0444321, 72.8800692, 0.0 ], [ 19.0444529, 72.8800625, 0.0 ], [ 19.0444597, 72.8800623, 0.0 ], [ 19.0444694, 72.8800618, 0.0 ], [ 19.0444783, 72.8800628, 0.0 ], [ 19.0444875, 72.8800635, 0.0 ], [ 19.0445142, 72.8800761, 0.0 ], [ 19.0445226, 72.88008, 0.0 ], [ 19.0445424, 72.8800889, 0.0 ], [ 19.0445531, 72.8800917, 0.0 ], [ 19.0445775, 72.8800919, 0.0 ], [ 19.0445844, 72.8800913, 0.0 ], [ 19.0445845, 72.8800913, 0.0 ], [ 19.0446139, 72.8800931, 0.0 ], [ 19.0446253, 72.8800918, 0.0 ], [ 19.0446488, 72.8800887, 0.0 ], [ 19.0446585, 72.8800857, 0.0 ], [ 19.0446783, 72.8800795, 0.0 ], [ 19.0446998, 72.880069, 0.0 ], [ 19.0447423, 72.8800475, 0.0 ], [ 19.0447475, 72.8800444, 0.0 ], [ 19.0447528, 72.8800413, 0.0 ], [ 19.0447763, 72.8800329, 0.0 ], [ 19.0447886, 72.880029, 0.0 ], [ 19.0447929, 72.8800276, 0.0 ], [ 19.0448054, 72.8800215, 0.0 ], [ 19.0448249, 72.8800115, 0.0 ], [ 19.0448682, 72.8799873, 0.0 ], [ 19.0448683, 72.8799872, 0.0 ], [ 19.0448768, 72.8799824, 0.0 ], [ 19.0449309, 72.8799462, 0.0 ], [ 19.0449487, 72.8799374, 0.0 ], [ 19.0449564, 72.8799356, 0.0 ], [ 19.0449599, 72.8799357, 0.0 ], [ 19.044965, 72.8799357, 0.0 ], [ 19.0449768, 72.8799422, 0.0 ], [ 19.0449894, 72.8799479, 0.0 ], [ 19.0449928, 72.8799493, 0.0 ], [ 19.0450018, 72.8799503, 0.0 ], [ 19.0450131, 72.8799512, 0.0 ], [ 19.045032, 72.879951, 0.0 ], [ 19.0450501, 72.8799479, 0.0 ], [ 19.045069, 72.8799429, 0.0 ], [ 19.0450941, 72.8799322, 0.0 ], [ 19.0451008, 72.8799305, 0.0 ], [ 19.045129, 72.8799228, 0.0 ], [ 19.0451528, 72.8799209, 0.0 ], [ 19.0451683, 72.8799197, 0.0 ], [ 19.0451801, 72.8799148, 0.0 ], [ 19.0451888, 72.87991, 0.0 ], [ 19.0451892, 72.8799098, 0.0 ], [ 19.0452255, 72.8798897, 0.0 ], [ 19.0452276, 72.8798889, 0.0 ], [ 19.045229, 72.8798883, 0.0 ], [ 19.0452291, 72.8798883, 0.0 ], [ 19.045257, 72.8798766, 0.0 ], [ 19.045272, 72.8798717, 0.0 ], [ 19.0453191, 72.8798626, 0.0 ], [ 19.045392, 72.8798493, 0.0 ], [ 19.0454243, 72.8798427, 0.0 ], [ 19.0454256, 72.8798425, 0.0 ], [ 19.0454565, 72.8798362, 0.0 ], [ 19.0454643, 72.8798345, 0.0 ], [ 19.0454706, 72.8798329, 0.0 ], [ 19.0454707, 72.8798329, 0.0 ], [ 19.0455073, 72.8798234, 0.0 ], [ 19.0455441, 72.8798121, 0.0 ], [ 19.0455768, 72.8798018, 0.0 ], [ 19.0455975, 72.879793, 0.0 ], [ 19.0456096, 72.8797911, 0.0 ], [ 19.045624, 72.8797886, 0.0 ], [ 19.0456349, 72.8797868, 0.0 ], [ 19.0456416, 72.8797872, 0.0 ], [ 19.0460927, 72.8798701, 0.0 ], [ 19.0467832, 72.8800185, 0.0 ], [ 19.046915, 72.8799872, 0.0 ], [ 19.0472673, 72.8797657, 0.0 ], [ 19.0475084, 72.8796019, 0.0 ], [ 19.0475519, 72.8795718, 0.0 ], [ 19.0475754, 72.879548, 0.0 ], [ 19.0475912, 72.8795318, 0.0 ], [ 19.0476036, 72.8795182, 0.0 ], [ 19.0476037, 72.8795182, 0.0 ], [ 19.0476392, 72.8794792, 0.0 ], [ 19.0476964, 72.8794102, 0.0 ], [ 19.0477063, 72.8793969, 0.0 ], [ 19.0477064, 72.8793969, 0.0 ], [ 19.0477388, 72.8793523, 0.0 ], [ 19.0477582, 72.8793204, 0.0 ], [ 19.0477728, 72.8792885, 0.0 ], [ 19.0478004, 72.8792177, 0.0 ], [ 19.0478124, 72.879182, 0.0 ], [ 19.0478344, 72.8791157, 0.0 ], [ 19.0478592, 72.8790408, 0.0 ], [ 19.04787, 72.8790015, 0.0 ], [ 19.0478823, 72.8789562, 0.0 ], [ 19.0478836, 72.8789487, 0.0 ], [ 19.0478836, 72.8789486, 0.0 ], [ 19.0478888, 72.8789175, 0.0 ], [ 19.0478942, 72.8788745, 0.0 ], [ 19.0478983, 72.8788416, 0.0 ], [ 19.0479004, 72.8787874, 0.0 ], [ 19.047898, 72.8787121, 0.0 ], [ 19.047894, 72.8786326, 0.0 ], [ 19.047879, 72.878526, 0.0 ], [ 19.047852, 72.8784605, 0.0 ], [ 19.0478274, 72.8784204, 0.0 ], [ 19.0477987, 72.8783822, 0.0 ], [ 19.0477916, 72.8783641, 0.0 ], [ 19.0477899, 72.878348, 0.0 ], [ 19.0477935, 72.8783289, 0.0 ], [ 19.0478038, 72.8782957, 0.0 ], [ 19.0478236, 72.8782318, 0.0 ], [ 19.0478237, 72.8782318, 0.0 ], [ 19.047954, 72.8783394, 0.0 ], [ 19.0479694, 72.8783544, 0.0 ], [ 19.0480536, 72.8783787, 0.0 ], [ 19.0502013, 72.8798607, 0.0 ], [ 19.0505747, 72.8801184, 0.0 ], [ 19.0507018, 72.8802273, 0.0 ], [ 19.0508591, 72.8803494, 0.0 ], [ 19.0510567, 72.8804721, 0.0 ], [ 19.0518101, 72.8810074, 0.0 ], [ 19.0521596, 72.8812539, 0.0 ], [ 19.0524746, 72.881476, 0.0 ], [ 19.0525557, 72.8815374, 0.0 ], [ 19.0528874, 72.8817888, 0.0 ], [ 19.0529161, 72.8818074, 0.0 ], [ 19.0530218, 72.8818758, 0.0 ], [ 19.0530587, 72.8818997, 0.0 ], [ 19.0531154, 72.8819287, 0.0 ], [ 19.0531158, 72.8819289, 0.0 ], [ 19.0531511, 72.881947, 0.0 ], [ 19.0532222, 72.8819956, 0.0 ], [ 19.0534553, 72.882155, 0.0 ], [ 19.0534564, 72.8821558, 0.0 ], [ 19.0534799, 72.8821737, 0.0 ], [ 19.0537364, 72.8823686, 0.0 ], [ 19.053827, 72.8824374, 0.0 ], [ 19.0538757, 72.8824744, 0.0 ], [ 19.0541016, 72.8826461, 0.0 ], [ 19.0545736, 72.8830048, 0.0 ], [ 19.0558985, 72.8840117, 0.0 ], [ 19.0575202, 72.8851698, 0.0 ], [ 19.058478, 72.8858549, 0.0 ], [ 19.0585151, 72.8858815, 0.0 ], [ 19.05878, 72.8860709, 0.0 ], [ 19.0588427, 72.8861158, 0.0 ], [ 19.059707, 72.8867341, 0.0 ], [ 19.0637655, 72.8896831, 0.0 ], [ 19.0652079, 72.8907059, 0.0 ], [ 19.0652764, 72.8907545, 0.0 ], [ 19.0653939, 72.8908378, 0.0 ], [ 19.0656475, 72.8910176, 0.0 ], [ 19.0658832, 72.8911847, 0.0 ], [ 19.0659137, 72.8912063, 0.0 ], [ 19.0662897, 72.8914729, 0.0 ], [ 19.0681683, 72.892713, 0.0 ], [ 19.0682448, 72.8927723, 0.0 ], [ 19.0695165, 72.8937023, 0.0 ], [ 19.0707057, 72.8945718, 0.0 ], [ 19.0715392, 72.8951813, 0.0 ], [ 19.0715769, 72.8952549, 0.0 ], [ 19.0715959, 72.8955823, 0.0 ], [ 19.0715978, 72.8956142, 0.0 ], [ 19.0716027, 72.8956446, 0.0 ], [ 19.0717023, 72.8962615, 0.0 ], [ 19.0717577, 72.896416, 0.0 ], [ 19.0718217, 72.8967033, 0.0 ], [ 19.0718576, 72.8968645, 0.0 ], [ 19.0718676, 72.8969339, 0.0 ], [ 19.0719389, 72.897432, 0.0 ], [ 19.0719662, 72.8975453, 0.0 ], [ 19.0720032, 72.8976989, 0.0 ], [ 19.0720126, 72.8977698, 0.0 ], [ 19.0720275, 72.8979036, 0.0 ], [ 19.0720366, 72.8980877, 0.0 ], [ 19.0720366, 72.898088, 0.0 ], [ 19.0720405, 72.8982925, 0.0 ], [ 19.0720449, 72.8983605, 0.0 ], [ 19.0720545, 72.898507, 0.0 ], [ 19.0718496, 72.8987367, 0.0 ], [ 19.0718535, 72.8992282, 0.0 ], [ 19.0719216, 72.8994081, 0.0 ], [ 19.0720437, 72.8997351, 0.0 ], [ 19.072055, 72.8997654, 0.0 ], [ 19.0720733, 72.8998142, 0.0 ], [ 19.0721115, 72.8999166, 0.0 ], [ 19.0722952, 72.9004087, 0.0 ], [ 19.072396, 72.9005968, 0.0 ], [ 19.0724197, 72.900641, 0.0 ], [ 19.0726005, 72.9009787, 0.0 ], [ 19.0726441, 72.9010926, 0.0 ], [ 19.0726579, 72.9011286, 0.0 ], [ 19.0727556, 72.9013839, 0.0 ], [ 19.0728008, 72.9015019, 0.0 ], [ 19.0728262, 72.9015682, 0.0 ], [ 19.072839, 72.9016017, 0.0 ], [ 19.0728532, 72.9016361, 0.0 ], [ 19.0729761, 72.9019344, 0.0 ], [ 19.0728047, 72.9022146, 0.0 ], [ 19.0727982, 72.9022251, 0.0 ], [ 19.072771, 72.9022696, 0.0 ], [ 19.0735395, 72.9026804, 0.0 ], [ 19.0736338, 72.902771, 0.0 ], [ 19.0736437, 72.902857, 0.0 ], [ 19.0736206, 72.9028992, 0.0 ], [ 19.0735934, 72.9029325, 0.0 ], [ 19.0735802, 72.9029487, 0.0 ], [ 19.0735341, 72.9030051, 0.0 ], [ 19.0733965, 72.9031736, 0.0 ], [ 19.073364, 72.9032174, 0.0 ], [ 19.0731078, 72.9035623, 0.0 ], [ 19.072973, 72.9037438, 0.0 ], [ 19.0728472, 72.9039132, 0.0 ] ] ] } },
{ "type": "Feature", "id": 3, "properties": { "Name": "\n    H/W\n   ", "tessellate": 1, "extrude": 0, "visibility": -1, "NAME2": "H/W\n", "OBJECTID": 4, "Shape__Area": 8650367.3971599992, "Shape__Length": 15873.614545500001 }, "geometry": { "type": "Polygon", "coordinates": [ [ [ 19.0904297, 72.8427616, 0.0 ], [ 19.0893626, 72.8426357, 0.0 ], [ 19.0887361, 72.8425618, 0.0 ], [ 19.0861683, 72.8422292, 0.0 ], [ 19.0847556, 72.842057, 0.0 ], [ 19.082527, 72.8417951, 0.0 ], [ 19.080675, 72.8415485, 0.0 ], [ 19.0785032, 72.8412508, 0.0 ], [ 19.0776941, 72.8411399, 0.0 ], [ 19.0772001, 72.8410722, 0.0 ], [ 19.0754819, 72.8408539, 0.0 ], [ 19.0746271, 72.8407046, 0.0 ], [ 19.0724171, 72.8404074, 0.0 ], [ 19.0721365, 72.8403752, 0.0 ], [ 19.0718554, 72.8403484, 0.0 ], [ 19.0715739, 72.840327, 0.0 ], [ 19.0712921, 72.840311, 0.0 ], [ 19.07101, 72.8403003, 0.0 ], [ 19.0706897, 72.8402828, 0.0 ], [ 19.0703698, 72.8402589, 0.0 ], [ 19.0700504, 72.8402285, 0.0 ], [ 19.0697316, 72.8401916, 0.0 ], [ 19.0681373, 72.8399767, 0.0 ], [ 19.0647384, 72.8394844, 0.0 ], [ 19.0644537, 72.8394171, 0.0 ], [ 19.0641676, 72.8393566, 0.0 ], [ 19.0638803, 72.8393029, 0.0 ], [ 19.0635918, 72.8392561, 0.0 ], [ 19.0633025, 72.8392161, 0.0 ], [ 19.0630124, 72.839183, 0.0 ], [ 19.0627216, 72.8391568, 0.0 ], [ 19.0624303, 72.8391376, 0.0 ], [ 19.0621387, 72.8391253, 0.0 ], [ 19.061742, 72.8391241, 0.0 ], [ 19.0613452, 72.8391284, 0.0 ], [ 19.0609486, 72.8391382, 0.0 ], [ 19.0605521, 72.8391534, 0.0 ], [ 19.0602368, 72.8391858, 0.0 ], [ 19.0599221, 72.8392244, 0.0 ], [ 19.0596081, 72.8392693, 0.0 ], [ 19.059295, 72.8393203, 0.0 ], [ 19.0589829, 72.8393775, 0.0 ], [ 19.0586719, 72.8394409, 0.0 ], [ 19.058173, 72.8395714, 0.0 ], [ 19.0579221, 72.8396182, 0.0 ], [ 19.0576723, 72.8396712, 0.0 ], [ 19.0574237, 72.8397303, 0.0 ], [ 19.0571766, 72.8397955, 0.0 ], [ 19.0569309, 72.8398667, 0.0 ], [ 19.0566869, 72.839944, 0.0 ], [ 19.0547335, 72.8406985, 0.0 ], [ 19.053288, 72.8411795, 0.0 ], [ 19.0527293, 72.8413897, 0.0 ], [ 19.0515801, 72.8418444, 0.0 ], [ 19.0509313, 72.8421331, 0.0 ], [ 19.0509073, 72.8420978, 0.0 ], [ 19.0507648, 72.841888, 0.0 ], [ 19.0507591, 72.8418797, 0.0 ], [ 19.0506903, 72.8417805, 0.0 ], [ 19.0506795, 72.841765, 0.0 ], [ 19.0506135, 72.8416693, 0.0 ], [ 19.0506055, 72.8416576, 0.0 ], [ 19.050471, 72.8414627, 0.0 ], [ 19.0502443, 72.8411207, 0.0 ], [ 19.0502201, 72.8410852, 0.0 ], [ 19.0500748, 72.8408726, 0.0 ], [ 19.0500368, 72.8408176, 0.0 ], [ 19.0499702, 72.8407208, 0.0 ], [ 19.0499268, 72.8406577, 0.0 ], [ 19.0499104, 72.8406332, 0.0 ], [ 19.0498688, 72.8405716, 0.0 ], [ 19.0497953, 72.8404624, 0.0 ], [ 19.0497453, 72.8403938, 0.0 ], [ 19.0497175, 72.8403557, 0.0 ], [ 19.0496802, 72.8403044, 0.0 ], [ 19.0496802, 72.8403044, 0.0 ], [ 19.0496802, 72.8403043, 0.0 ], [ 19.049679, 72.8403027, 0.0 ], [ 19.0496729, 72.8402941, 0.0 ], [ 19.0495827, 72.8401669, 0.0 ], [ 19.0495238, 72.8400838, 0.0 ], [ 19.0495037, 72.8400553, 0.0 ], [ 19.0494007, 72.8399097, 0.0 ], [ 19.0493536, 72.8398399, 0.0 ], [ 19.0492801, 72.8397372, 0.0 ], [ 19.0492082, 72.8396369, 0.0 ], [ 19.049189, 72.8396078, 0.0 ], [ 19.049173, 72.8395836, 0.0 ], [ 19.0491556, 72.8395575, 0.0 ], [ 19.0490627, 72.8394334, 0.0 ], [ 19.04904, 72.8394041, 0.0 ], [ 19.0490126, 72.8393687, 0.0 ], [ 19.0489609, 72.8392979, 0.0 ], [ 19.0488673, 72.8391713, 0.0 ], [ 19.0487626, 72.8390323, 0.0 ], [ 19.0486444, 72.8388769, 0.0 ], [ 19.0485957, 72.8388131, 0.0 ], [ 19.0485948, 72.8388119, 0.0 ], [ 19.0485171, 72.8387102, 0.0 ], [ 19.048437, 72.838607, 0.0 ], [ 19.0484003, 72.8385598, 0.0 ], [ 19.0483747, 72.8385249, 0.0 ], [ 19.0483201, 72.8384504, 0.0 ], [ 19.0483116, 72.8384236, 0.0 ], [ 19.0482645, 72.8381406, 0.0 ], [ 19.0482626, 72.8381262, 0.0 ], [ 19.0482525, 72.8381113, 0.0 ], [ 19.0482104, 72.8380495, 0.0 ], [ 19.0482079, 72.8380395, 0.0 ], [ 19.0482925, 72.8380348, 0.0 ], [ 19.0489188, 72.8380047, 0.0 ], [ 19.0490916, 72.8379524, 0.0 ], [ 19.0491933, 72.837885, 0.0 ], [ 19.0493178, 72.8377808, 0.0 ], [ 19.049414, 72.8376735, 0.0 ], [ 19.0494754, 72.8375528, 0.0 ], [ 19.0495186, 72.8374288, 0.0 ], [ 19.0495292, 72.837347, 0.0 ], [ 19.0495299, 72.8372618, 0.0 ], [ 19.0495271, 72.8371679, 0.0 ], [ 19.0495207, 72.8370394, 0.0 ], [ 19.049509, 72.8368883, 0.0 ], [ 19.0494978, 72.8366433, 0.0 ], [ 19.0494972, 72.8364452, 0.0 ], [ 19.0495011, 72.8362209, 0.0 ], [ 19.049506, 72.836073, 0.0 ], [ 19.0494979, 72.835941, 0.0 ], [ 19.0494851, 72.8358386, 0.0 ], [ 19.0494592, 72.8357451, 0.0 ], [ 19.0494167, 72.835562, 0.0 ], [ 19.0493953, 72.8354735, 0.0 ], [ 19.0493582, 72.8352162, 0.0 ], [ 19.0493524, 72.8350122, 0.0 ], [ 19.0493627, 72.8347292, 0.0 ], [ 19.0493919, 72.8345058, 0.0 ], [ 19.0494258, 72.8337957, 0.0 ], [ 19.0494217, 72.83377, 0.0 ], [ 19.0493945, 72.8337183, 0.0 ], [ 19.0492528, 72.8334598, 0.0 ], [ 19.0491067, 72.833204, 0.0 ], [ 19.0485977, 72.832344, 0.0 ], [ 19.0478715, 72.8317402, 0.0 ], [ 19.0460518, 72.8297582, 0.0 ], [ 19.0455196, 72.8297652, 0.0 ], [ 19.0451624, 72.8295599, 0.0 ], [ 19.0449154, 72.8293066, 0.0 ], [ 19.0447977, 72.8287251, 0.0 ], [ 19.0442072, 72.8275434, 0.0 ], [ 19.0431674, 72.8258779, 0.0 ], [ 19.0425345, 72.82486, 0.0 ], [ 19.0423702, 72.8240926, 0.0 ], [ 19.0422669, 72.8236671, 0.0 ], [ 19.0421664, 72.8233917, 0.0 ], [ 19.0416068, 72.8218575, 0.0 ], [ 19.0413813, 72.821239, 0.0 ], [ 19.0413288, 72.8211253, 0.0 ], [ 19.0412832, 72.8210218, 0.0 ], [ 19.0412338, 72.8209038, 0.0 ], [ 19.0411873, 72.8207868, 0.0 ], [ 19.0411547, 72.8207006, 0.0 ], [ 19.041118, 72.8205986, 0.0 ], [ 19.0410845, 72.8205004, 0.0 ], [ 19.041055, 72.8204025, 0.0 ], [ 19.0410201, 72.8202782, 0.0 ], [ 19.0409958, 72.8201847, 0.0 ], [ 19.0409777, 72.8201104, 0.0 ], [ 19.0409738, 72.8200929, 0.0 ], [ 19.0409517, 72.8199914, 0.0 ], [ 19.0409353, 72.8199282, 0.0 ], [ 19.0409134, 72.8198481, 0.0 ], [ 19.0408896, 72.8197655, 0.0 ], [ 19.0408704, 72.8197024, 0.0 ], [ 19.0408486, 72.8196334, 0.0 ], [ 19.0408512, 72.8195367, 0.0 ], [ 19.0408591, 72.8192417, 0.0 ], [ 19.0409577, 72.8190861, 0.0 ], [ 19.0410529, 72.818979, 0.0 ], [ 19.0410629, 72.818933, 0.0 ], [ 19.041075, 72.8188839, 0.0 ], [ 19.0412726, 72.8187903, 0.0 ], [ 19.0413521, 72.8187006, 0.0 ], [ 19.0414194, 72.8186424, 0.0 ], [ 19.0415047, 72.8185983, 0.0 ], [ 19.0416692, 72.8185374, 0.0 ], [ 19.0417111, 72.8184913, 0.0 ], [ 19.0417869, 72.818408, 0.0 ], [ 19.0417928, 72.8184014, 0.0 ], [ 19.0416829, 72.8180754, 0.0 ], [ 19.0418269, 72.8180228, 0.0 ], [ 19.04189, 72.8181661, 0.0 ], [ 19.0419039, 72.8181977, 0.0 ], [ 19.0421002, 72.818126, 0.0 ], [ 19.0423216, 72.8180998, 0.0 ], [ 19.0427604, 72.8176976, 0.0 ], [ 19.0428486, 72.8177133, 0.0 ], [ 19.0428706, 72.8175894, 0.0 ], [ 19.0429208, 72.8173058, 0.0 ], [ 19.042926, 72.8172882, 0.0 ], [ 19.0429323, 72.8172709, 0.0 ], [ 19.0429396, 72.8172541, 0.0 ], [ 19.0429479, 72.8172379, 0.0 ], [ 19.0429517, 72.8172314, 0.0 ], [ 19.0429557, 72.8172245, 0.0 ], [ 19.0429641, 72.8172152, 0.0 ], [ 19.0429703, 72.8172095, 0.0 ], [ 19.0429769, 72.8172043, 0.0 ], [ 19.0429838, 72.8171997, 0.0 ], [ 19.0429909, 72.8171955, 0.0 ], [ 19.042998, 72.8171921, 0.0 ], [ 19.0430053, 72.8171891, 0.0 ], [ 19.0430128, 72.8171867, 0.0 ], [ 19.0430204, 72.8171849, 0.0 ], [ 19.0430281, 72.8171836, 0.0 ], [ 19.0430359, 72.8171828, 0.0 ], [ 19.0430437, 72.8171826, 0.0 ], [ 19.0430515, 72.817183, 0.0 ], [ 19.0432385, 72.8172185, 0.0 ], [ 19.0432824, 72.8172268, 0.0 ], [ 19.0436549, 72.8172958, 0.0 ], [ 19.0441471, 72.8174007, 0.0 ], [ 19.0449507, 72.8179285, 0.0 ], [ 19.0450001, 72.8180159, 0.0 ], [ 19.0449888, 72.8180847, 0.0 ], [ 19.0449664, 72.8182205, 0.0 ], [ 19.0455659, 72.8186404, 0.0 ], [ 19.0482641, 72.819942, 0.0 ], [ 19.0483146, 72.8199657, 0.0 ], [ 19.0483727, 72.8199936, 0.0 ], [ 19.0484127, 72.8200126, 0.0 ], [ 19.0484527, 72.8200313, 0.0 ], [ 19.0484866, 72.8200472, 0.0 ], [ 19.0485232, 72.8200645, 0.0 ], [ 19.04856, 72.820082, 0.0 ], [ 19.0485911, 72.8200969, 0.0 ], [ 19.0486327, 72.8201169, 0.0 ], [ 19.0486628, 72.8201315, 0.0 ], [ 19.0486801, 72.8201399, 0.0 ], [ 19.048728, 72.8201633, 0.0 ], [ 19.048766, 72.820182, 0.0 ], [ 19.0487988, 72.8201982, 0.0 ], [ 19.0488313, 72.8202144, 0.0 ], [ 19.0488828, 72.8202401, 0.0 ], [ 19.048946, 72.8202721, 0.0 ], [ 19.0490139, 72.8203068, 0.0 ], [ 19.0490615, 72.8203313, 0.0 ], [ 19.0491012, 72.8203519, 0.0 ], [ 19.0491494, 72.8203771, 0.0 ], [ 19.0491823, 72.8203944, 0.0 ], [ 19.0492324, 72.8204209, 0.0 ], [ 19.0492856, 72.8204493, 0.0 ], [ 19.0493407, 72.820479, 0.0 ], [ 19.0493822, 72.8205015, 0.0 ], [ 19.0494172, 72.8205206, 0.0 ], [ 19.0494651, 72.8205469, 0.0 ], [ 19.0495133, 72.8205736, 0.0 ], [ 19.049564, 72.8206018, 0.0 ], [ 19.0496148, 72.8206304, 0.0 ], [ 19.0496577, 72.8206547, 0.0 ], [ 19.049697, 72.8206771, 0.0 ], [ 19.0497602, 72.8207133, 0.0 ], [ 19.0497873, 72.820729, 0.0 ], [ 19.049825, 72.8207509, 0.0 ], [ 19.0498638, 72.8207736, 0.0 ], [ 19.0499106, 72.8208011, 0.0 ], [ 19.050029, 72.8208766, 0.0 ], [ 19.0500681, 72.8209014, 0.0 ], [ 19.0501041, 72.8209234, 0.0 ], [ 19.0501477, 72.8209492, 0.0 ], [ 19.0501832, 72.8209696, 0.0 ], [ 19.0502261, 72.8209934, 0.0 ], [ 19.0502681, 72.8210158, 0.0 ], [ 19.0502978, 72.8210311, 0.0 ], [ 19.0503326, 72.8210486, 0.0 ], [ 19.0504131, 72.821087, 0.0 ], [ 19.0504708, 72.8211127, 0.0 ], [ 19.0505125, 72.8211305, 0.0 ], [ 19.0505492, 72.8211455, 0.0 ], [ 19.0505774, 72.8211566, 0.0 ], [ 19.050677, 72.8211884, 0.0 ], [ 19.0507443, 72.8212086, 0.0 ], [ 19.0508206, 72.8212251, 0.0 ], [ 19.0508772, 72.8212351, 0.0 ], [ 19.0509149, 72.8212421, 0.0 ], [ 19.0509772, 72.8212523, 0.0 ], [ 19.0510428, 72.8212671, 0.0 ], [ 19.0510952, 72.8212778, 0.0 ], [ 19.0511371, 72.8212857, 0.0 ], [ 19.0511927, 72.8212952, 0.0 ], [ 19.0512388, 72.8213023, 0.0 ], [ 19.0513685, 72.8213238, 0.0 ], [ 19.0514332, 72.8213361, 0.0 ], [ 19.051484, 72.8213459, 0.0 ], [ 19.0515478, 72.8213581, 0.0 ], [ 19.0516154, 72.821371, 0.0 ], [ 19.0516705, 72.8213816, 0.0 ], [ 19.0517275, 72.8213925, 0.0 ], [ 19.0517642, 72.8213996, 0.0 ], [ 19.0518172, 72.8214097, 0.0 ], [ 19.0518825, 72.8214222, 0.0 ], [ 19.0519447, 72.821435, 0.0 ], [ 19.0519787, 72.8214427, 0.0 ], [ 19.0520281, 72.821454, 0.0 ], [ 19.0520675, 72.8214632, 0.0 ], [ 19.0521032, 72.8214717, 0.0 ], [ 19.0521364, 72.8214798, 0.0 ], [ 19.0521845, 72.8214917, 0.0 ], [ 19.0522391, 72.8215055, 0.0 ], [ 19.0522878, 72.8215181, 0.0 ], [ 19.052344, 72.821533, 0.0 ], [ 19.0523887, 72.8215452, 0.0 ], [ 19.05244, 72.8215594, 0.0 ], [ 19.0524919, 72.8215741, 0.0 ], [ 19.0525512, 72.8215913, 0.0 ], [ 19.0525974, 72.821605, 0.0 ], [ 19.0526274, 72.821614, 0.0 ], [ 19.0526954, 72.8216349, 0.0 ], [ 19.052741, 72.8216492, 0.0 ], [ 19.052818, 72.821674, 0.0 ], [ 19.0528779, 72.8216937, 0.0 ], [ 19.0529306, 72.8217114, 0.0 ], [ 19.0529845, 72.82173, 0.0 ], [ 19.0530151, 72.8217406, 0.0 ], [ 19.0530397, 72.8217493, 0.0 ], [ 19.0530478, 72.8217522, 0.0 ], [ 19.053089, 72.8217669, 0.0 ], [ 19.0531587, 72.8217923, 0.0 ], [ 19.0532093, 72.8218111, 0.0 ], [ 19.0532704, 72.8218343, 0.0 ], [ 19.0533151, 72.821852, 0.0 ], [ 19.053352, 72.8218679, 0.0 ], [ 19.0533933, 72.8218865, 0.0 ], [ 19.0534273, 72.8219024, 0.0 ], [ 19.0534714, 72.821924, 0.0 ], [ 19.0535192, 72.8219488, 0.0 ], [ 19.0535671, 72.8219748, 0.0 ], [ 19.0535975, 72.821992, 0.0 ], [ 19.0536469, 72.8220213, 0.0 ], [ 19.0536825, 72.8220433, 0.0 ], [ 19.0537077, 72.8220593, 0.0 ], [ 19.0537378, 72.8220791, 0.0 ], [ 19.0537744, 72.8221039, 0.0 ], [ 19.0538013, 72.8221228, 0.0 ], [ 19.0538386, 72.8221498, 0.0 ], [ 19.0538705, 72.8221737, 0.0 ], [ 19.0538933, 72.8221913, 0.0 ], [ 19.0539264, 72.8222175, 0.0 ], [ 19.0539464, 72.8222338, 0.0 ], [ 19.0539692, 72.8222528, 0.0 ], [ 19.0539977, 72.8222771, 0.0 ], [ 19.0540334, 72.8223086, 0.0 ], [ 19.0540869, 72.8223514, 0.0 ], [ 19.0541214, 72.8223776, 0.0 ], [ 19.0541233, 72.8223795, 0.0 ], [ 19.054147, 72.8224031, 0.0 ], [ 19.0541701, 72.8224265, 0.0 ], [ 19.0541949, 72.8224524, 0.0 ], [ 19.0542193, 72.8224787, 0.0 ], [ 19.0542462, 72.8225084, 0.0 ], [ 19.0542692, 72.8225346, 0.0 ], [ 19.0542886, 72.8225572, 0.0 ], [ 19.0543356, 72.8226141, 0.0 ], [ 19.0543724, 72.822661, 0.0 ], [ 19.0544046, 72.8227039, 0.0 ], [ 19.0544401, 72.8227534, 0.0 ], [ 19.0544812, 72.8228138, 0.0 ], [ 19.0545205, 72.822875, 0.0 ], [ 19.0545515, 72.8229255, 0.0 ], [ 19.0545852, 72.8229792, 0.0 ], [ 19.0546116, 72.8230202, 0.0 ], [ 19.0546568, 72.8230881, 0.0 ], [ 19.0546956, 72.8231444, 0.0 ], [ 19.0547366, 72.8232018, 0.0 ], [ 19.0547624, 72.8232366, 0.0 ], [ 19.0550028, 72.8234035, 0.0 ], [ 19.0550263, 72.8234101, 0.0 ], [ 19.0552558, 72.8234507, 0.0 ], [ 19.0552728, 72.8234537, 0.0 ], [ 19.0554783, 72.8234843, 0.0 ], [ 19.0556221, 72.8234846, 0.0 ], [ 19.0558687, 72.8234763, 0.0 ], [ 19.0559179, 72.823524, 0.0 ], [ 19.0559295, 72.8237373, 0.0 ], [ 19.0559792, 72.8237306, 0.0 ], [ 19.056038, 72.8237211, 0.0 ], [ 19.0560434, 72.82372, 0.0 ], [ 19.0568398, 72.8232169, 0.0 ], [ 19.0571395, 72.8229354, 0.0 ], [ 19.0573297, 72.8225227, 0.0 ], [ 19.0573817, 72.8223891, 0.0 ], [ 19.0581273, 72.821254, 0.0 ], [ 19.0586447, 72.8211766, 0.0 ], [ 19.058981, 72.8205265, 0.0 ], [ 19.0602535, 72.8212247, 0.0 ], [ 19.0607696, 72.8212765, 0.0 ], [ 19.0609652, 72.8213326, 0.0 ], [ 19.0612909, 72.8214006, 0.0 ], [ 19.0623668, 72.8216081, 0.0 ], [ 19.0623175, 72.821951, 0.0 ], [ 19.0623517, 72.821959, 0.0 ], [ 19.0627855, 72.8221292, 0.0 ], [ 19.0633446, 72.822283, 0.0 ], [ 19.0641142, 72.8225806, 0.0 ], [ 19.0645757, 72.8227357, 0.0 ], [ 19.065356, 72.8227549, 0.0 ], [ 19.0659119, 72.822645, 0.0 ], [ 19.0666891, 72.8224005, 0.0 ], [ 19.0672301, 72.822203, 0.0 ], [ 19.0676749, 72.8221239, 0.0 ], [ 19.0680092, 72.8221195, 0.0 ], [ 19.0684566, 72.8222602, 0.0 ], [ 19.0690013, 72.8223849, 0.0 ], [ 19.0695168, 72.8223928, 0.0 ], [ 19.0695752, 72.8223802, 0.0 ], [ 19.0702709, 72.8220498, 0.0 ], [ 19.0710735, 72.8217828, 0.0 ], [ 19.0718981, 72.8215825, 0.0 ], [ 19.0724166, 72.8214976, 0.0 ], [ 19.0731946, 72.8214418, 0.0 ], [ 19.0732233, 72.8214429, 0.0 ], [ 19.0732187, 72.8213141, 0.0 ], [ 19.0732172, 72.8212743, 0.0 ], [ 19.0738475, 72.8212616, 0.0 ], [ 19.0738497, 72.8213151, 0.0 ], [ 19.0738515, 72.821359, 0.0 ], [ 19.0740976, 72.821478, 0.0 ], [ 19.0741807, 72.8215286, 0.0 ], [ 19.0746143, 72.8218292, 0.0 ], [ 19.0748319, 72.8218692, 0.0 ], [ 19.0751661, 72.8218648, 0.0 ], [ 19.0759019, 72.8216501, 0.0 ], [ 19.07647, 72.8213936, 0.0 ], [ 19.0768599, 72.8213885, 0.0 ], [ 19.0772933, 72.8215147, 0.0 ], [ 19.0775788, 72.821974, 0.0 ], [ 19.0776387, 72.8219913, 0.0 ], [ 19.077764, 72.8220326, 0.0 ], [ 19.0778985, 72.8220833, 0.0 ], [ 19.0780448, 72.8221396, 0.0 ], [ 19.0781697, 72.8221973, 0.0 ], [ 19.0782999, 72.8222681, 0.0 ], [ 19.0784322, 72.8223496, 0.0 ], [ 19.0785408, 72.8224219, 0.0 ], [ 19.0786557, 72.8225101, 0.0 ], [ 19.0787649, 72.8226067, 0.0 ], [ 19.0788724, 72.8227184, 0.0 ], [ 19.0789713, 72.8228395, 0.0 ], [ 19.079048, 72.8229491, 0.0 ], [ 19.0791368, 72.8231081, 0.0 ], [ 19.0792024, 72.8232518, 0.0 ], [ 19.0792547, 72.8233783, 0.0 ], [ 19.0792696, 72.823421, 0.0 ], [ 19.0792955, 72.8234021, 0.0 ], [ 19.0793127, 72.8233896, 0.0 ], [ 19.0793264, 72.8233797, 0.0 ], [ 19.0793957, 72.8233082, 0.0 ], [ 19.0794815, 72.8232413, 0.0 ], [ 19.0794907, 72.8232341, 0.0 ], [ 19.0796244, 72.8232049, 0.0 ], [ 19.0797023, 72.823205, 0.0 ], [ 19.0797278, 72.823205, 0.0 ], [ 19.0797513, 72.8232067, 0.0 ], [ 19.0798408, 72.8232129, 0.0 ], [ 19.0799742, 72.8231905, 0.0 ], [ 19.0802648, 72.8231417, 0.0 ], [ 19.0805083, 72.8231008, 0.0 ], [ 19.0808285, 72.823047, 0.0 ], [ 19.0810644, 72.8230074, 0.0 ], [ 19.0811148, 72.8229992, 0.0 ], [ 19.0813884, 72.8229549, 0.0 ], [ 19.0814316, 72.8229479, 0.0 ], [ 19.0817183, 72.8229076, 0.0 ], [ 19.0817227, 72.8229069, 0.0 ], [ 19.0818222, 72.8228862, 0.0 ], [ 19.0818666, 72.822846, 0.0 ], [ 19.0818943, 72.8228089, 0.0 ], [ 19.0819097, 72.8227697, 0.0 ], [ 19.0819265, 72.8227268, 0.0 ], [ 19.0819679, 72.8226721, 0.0 ], [ 19.0820041, 72.8226609, 0.0 ], [ 19.0820093, 72.8226593, 0.0 ], [ 19.082049, 72.822669, 0.0 ], [ 19.082101, 72.8227094, 0.0 ], [ 19.0822589, 72.8229146, 0.0 ], [ 19.0822599, 72.8229159, 0.0 ], [ 19.0823114, 72.8230433, 0.0 ], [ 19.0823466, 72.823082, 0.0 ], [ 19.0823712, 72.8230922, 0.0 ], [ 19.0823894, 72.8230998, 0.0 ], [ 19.082428, 72.8231006, 0.0 ], [ 19.0822809, 72.8232175, 0.0 ], [ 19.0819706, 72.8234758, 0.0 ], [ 19.0810366, 72.823994, 0.0 ], [ 19.0804778, 72.8249255, 0.0 ], [ 19.0801984, 72.8253912, 0.0 ], [ 19.0799026, 72.8258844, 0.0 ], [ 19.0802674, 72.8265194, 0.0 ], [ 19.0803704, 72.8267893, 0.0 ], [ 19.0803705, 72.8267897, 0.0 ], [ 19.080402, 72.826872, 0.0 ], [ 19.0805413, 72.8270878, 0.0 ], [ 19.0805801, 72.8271479, 0.0 ], [ 19.080695, 72.8272775, 0.0 ], [ 19.0807538, 72.8273439, 0.0 ], [ 19.0807812, 72.8274989, 0.0 ], [ 19.0807882, 72.8275057, 0.0 ], [ 19.0807939, 72.8275112, 0.0 ], [ 19.0808601, 72.8275771, 0.0 ], [ 19.0808835, 72.8276004, 0.0 ], [ 19.0809385, 72.8276546, 0.0 ], [ 19.0809636, 72.8276792, 0.0 ], [ 19.0810799, 72.8278048, 0.0 ], [ 19.0813356, 72.8279039, 0.0 ], [ 19.0814084, 72.8279321, 0.0 ], [ 19.0817991, 72.8280876, 0.0 ], [ 19.081822, 72.8280967, 0.0 ], [ 19.0821253, 72.8282182, 0.0 ], [ 19.0821879, 72.8282575, 0.0 ], [ 19.082348, 72.8283522, 0.0 ], [ 19.0823575, 72.8283522, 0.0 ], [ 19.0824715, 72.828524, 0.0 ], [ 19.0826813, 72.8286004, 0.0 ], [ 19.0837103, 72.8297939, 0.0 ], [ 19.0838555, 72.8298431, 0.0 ], [ 19.0839056, 72.829865, 0.0 ], [ 19.0839289, 72.8298752, 0.0 ], [ 19.0840772, 72.8299309, 0.0 ], [ 19.0841958, 72.8299749, 0.0 ], [ 19.0842367, 72.8300008, 0.0 ], [ 19.0842729, 72.8300149, 0.0 ], [ 19.0844881, 72.830098, 0.0 ], [ 19.0847907, 72.8302055, 0.0 ], [ 19.0849465, 72.8302601, 0.0 ], [ 19.0851035, 72.8303145, 0.0 ], [ 19.0851955, 72.8303467, 0.0 ], [ 19.0852678, 72.8303726, 0.0 ], [ 19.0852748, 72.8303752, 0.0 ], [ 19.085355, 72.830407, 0.0 ], [ 19.0848334, 72.832196, 0.0 ], [ 19.0848643, 72.8322104, 0.0 ], [ 19.08615, 72.8324762, 0.0 ], [ 19.0863697, 72.8325217, 0.0 ], [ 19.0863772, 72.8326661, 0.0 ], [ 19.0863814, 72.8326871, 0.0 ], [ 19.0863825, 72.8326927, 0.0 ], [ 19.0863846, 72.8327033, 0.0 ], [ 19.086405, 72.8328047, 0.0 ], [ 19.0864231, 72.8329731, 0.0 ], [ 19.0864428, 72.833312, 0.0 ], [ 19.0864445, 72.8333301, 0.0 ], [ 19.0864853, 72.8337833, 0.0 ], [ 19.0865015, 72.8339631, 0.0 ], [ 19.0865609, 72.8340166, 0.0 ], [ 19.0865784, 72.8340297, 0.0 ], [ 19.0865871, 72.8340363, 0.0 ], [ 19.0865202, 72.834234, 0.0 ], [ 19.0864925, 72.8343079, 0.0 ], [ 19.0864907, 72.8343141, 0.0 ], [ 19.0864777, 72.8343599, 0.0 ], [ 19.0864901, 72.8345177, 0.0 ], [ 19.0864904, 72.8345177, 0.0 ], [ 19.0864826, 72.8348632, 0.0 ], [ 19.0865306, 72.8355623, 0.0 ], [ 19.0866022, 72.8366676, 0.0 ], [ 19.0866772, 72.8378739, 0.0 ], [ 19.0866802, 72.8381247, 0.0 ], [ 19.0872269, 72.8381441, 0.0 ], [ 19.0874448, 72.8381518, 0.0 ], [ 19.087472, 72.8381528, 0.0 ], [ 19.0877016, 72.8381621, 0.0 ], [ 19.0879118, 72.8381707, 0.0 ], [ 19.0880963, 72.8381782, 0.0 ], [ 19.0881489, 72.8381803, 0.0 ], [ 19.0882097, 72.8381828, 0.0 ], [ 19.0882609, 72.8381849, 0.0 ], [ 19.0883797, 72.8381897, 0.0 ], [ 19.0884305, 72.8381929, 0.0 ], [ 19.0885385, 72.8381998, 0.0 ], [ 19.0887066, 72.8382104, 0.0 ], [ 19.0887728, 72.8382146, 0.0 ], [ 19.0889589, 72.8382264, 0.0 ], [ 19.0890884, 72.8382346, 0.0 ], [ 19.089192, 72.8382411, 0.0 ], [ 19.0893489, 72.838251, 0.0 ], [ 19.0894759, 72.8382591, 0.0 ], [ 19.0895994, 72.8382669, 0.0 ], [ 19.0896285, 72.8382687, 0.0 ], [ 19.0896405, 72.8382695, 0.0 ], [ 19.089665, 72.838271, 0.0 ], [ 19.0897198, 72.8382745, 0.0 ], [ 19.0897187, 72.8383403, 0.0 ], [ 19.08972, 72.8383931, 0.0 ], [ 19.0897225, 72.838459, 0.0 ], [ 19.0897283, 72.8385214, 0.0 ], [ 19.0897346, 72.8385834, 0.0 ], [ 19.0897414, 72.8386453, 0.0 ], [ 19.0897488, 72.8387071, 0.0 ], [ 19.0897568, 72.8387689, 0.0 ], [ 19.0897653, 72.8388305, 0.0 ], [ 19.0897744, 72.8388921, 0.0 ], [ 19.0897841, 72.8389536, 0.0 ], [ 19.0897942, 72.839015, 0.0 ], [ 19.089805, 72.8390763, 0.0 ], [ 19.0898163, 72.8391374, 0.0 ], [ 19.0898281, 72.8391985, 0.0 ], [ 19.0898405, 72.8392594, 0.0 ], [ 19.0898534, 72.8393202, 0.0 ], [ 19.0898669, 72.8393809, 0.0 ], [ 19.0898808, 72.8394409, 0.0 ], [ 19.0899066, 72.8395424, 0.0 ], [ 19.0899169, 72.8395771, 0.0 ], [ 19.0905301, 72.8413777, 0.0 ], [ 19.0905573, 72.8414944, 0.0 ], [ 19.0905683, 72.8415514, 0.0 ], [ 19.0905666, 72.8416276, 0.0 ], [ 19.0905629, 72.8417528, 0.0 ], [ 19.0904379, 72.8426997, 0.0 ], [ 19.0904297, 72.8427616, 0.0 ] ] ] } },
{ "type": "Feature", "id": 4, "properties": { "Name": "\n    G/N\n   ", "tessellate": 1, "extrude": 0, "visibility": -1, "NAME2": "G/N\n", "OBJECTID": 5, "Shape__Area": 8315396.0126299998, "Shape__Length": 14253.095710199999 }, "geometry": { "type": "Polygon", "coordinates": [ [ [ 19.0217523, 72.8300861, 0.0 ], [ 19.0219945, 72.8303931, 0.0 ], [ 19.0222783, 72.8307344, 0.0 ], [ 19.0223567, 72.8308194, 0.0 ], [ 19.0225022, 72.8309789, 0.0 ], [ 19.0227958, 72.8312829, 0.0 ], [ 19.0229143, 72.8313891, 0.0 ], [ 19.0231648, 72.8316318, 0.0 ], [ 19.0234171, 72.8318716, 0.0 ], [ 19.0235924, 72.8320419, 0.0 ], [ 19.0238176, 72.8322522, 0.0 ], [ 19.0239873, 72.8324148, 0.0 ], [ 19.0241376, 72.8325702, 0.0 ], [ 19.0244475, 72.8328943, 0.0 ], [ 19.0248291, 72.8332503, 0.0 ], [ 19.0250457, 72.8334308, 0.0 ], [ 19.0251985, 72.8335447, 0.0 ], [ 19.0260718, 72.8341285, 0.0 ], [ 19.0262466, 72.8342366, 0.0 ], [ 19.0263561, 72.8343002, 0.0 ], [ 19.026399, 72.8343314, 0.0 ], [ 19.0265363, 72.8344223, 0.0 ], [ 19.0269473, 72.8346944, 0.0 ], [ 19.0273593, 72.8349341, 0.0 ], [ 19.0277032, 72.8350997, 0.0 ], [ 19.0280661, 72.8352721, 0.0 ], [ 19.0283467, 72.8354115, 0.0 ], [ 19.0287273, 72.8355996, 0.0 ], [ 19.0290261, 72.8357357, 0.0 ], [ 19.0293041, 72.835829, 0.0 ], [ 19.0297032, 72.8359309, 0.0 ], [ 19.0301889, 72.8361022, 0.0 ], [ 19.0305727, 72.8362632, 0.0 ], [ 19.0309527, 72.8364487, 0.0 ], [ 19.031267, 72.8365929, 0.0 ], [ 19.0313561, 72.8366377, 0.0 ], [ 19.0313626, 72.8366394, 0.0 ], [ 19.0316914, 72.8367282, 0.0 ], [ 19.0319087, 72.8368187, 0.0 ], [ 19.0321483, 72.8369273, 0.0 ], [ 19.0324745, 72.8371012, 0.0 ], [ 19.0328463, 72.8372867, 0.0 ], [ 19.0331726, 72.8373779, 0.0 ], [ 19.0335148, 72.8374617, 0.0 ], [ 19.0337722, 72.8374984, 0.0 ], [ 19.0339593, 72.8375075, 0.0 ], [ 19.0343636, 72.837547, 0.0 ], [ 19.0349469, 72.8376241, 0.0 ], [ 19.0353337, 72.8377113, 0.0 ], [ 19.0358251, 72.8378088, 0.0 ], [ 19.0362235, 72.8378941, 0.0 ], [ 19.036652, 72.837957, 0.0 ], [ 19.0372771, 72.8380237, 0.0 ], [ 19.037677, 72.8379846, 0.0 ], [ 19.0376887, 72.8379832, 0.0 ], [ 19.0381447, 72.8379495, 0.0 ], [ 19.0387233, 72.8379236, 0.0 ], [ 19.0390359, 72.8378918, 0.0 ], [ 19.0394197, 72.837835, 0.0 ], [ 19.0397743, 72.8377626, 0.0 ], [ 19.0401654, 72.8376721, 0.0 ], [ 19.0405775, 72.8375798, 0.0 ], [ 19.0409142, 72.8375016, 0.0 ], [ 19.0411903, 72.8374654, 0.0 ], [ 19.0415339, 72.8374194, 0.0 ], [ 19.0419086, 72.8373789, 0.0 ], [ 19.0420463, 72.8373689, 0.0 ], [ 19.0421079, 72.8373617, 0.0 ], [ 19.0421494, 72.837359, 0.0 ], [ 19.0421847, 72.8373581, 0.0 ], [ 19.0422462, 72.8373595, 0.0 ], [ 19.0423247, 72.837367, 0.0 ], [ 19.0423745, 72.837375, 0.0 ], [ 19.0424097, 72.8373823, 0.0 ], [ 19.0424513, 72.8373926, 0.0 ], [ 19.0424555, 72.8373938, 0.0 ], [ 19.0431029, 72.8373759, 0.0 ], [ 19.0440553, 72.8372702, 0.0 ], [ 19.0461966, 72.8364262, 0.0 ], [ 19.046904, 72.8362305, 0.0 ], [ 19.0474365, 72.8362469, 0.0 ], [ 19.0479057, 72.836544, 0.0 ], [ 19.0480663, 72.8370084, 0.0 ], [ 19.0480118, 72.8376265, 0.0 ], [ 19.0481557, 72.8376296, 0.0 ], [ 19.0481744, 72.83763, 0.0 ], [ 19.0481755, 72.8376314, 0.0 ], [ 19.0481969, 72.8376575, 0.0 ], [ 19.0481888, 72.837963, 0.0 ], [ 19.0482079, 72.8380395, 0.0 ], [ 19.0482104, 72.8380495, 0.0 ], [ 19.0482525, 72.8381113, 0.0 ], [ 19.0482626, 72.8381262, 0.0 ], [ 19.0482645, 72.8381406, 0.0 ], [ 19.0483116, 72.8384236, 0.0 ], [ 19.0483201, 72.8384504, 0.0 ], [ 19.0483747, 72.8385249, 0.0 ], [ 19.0484003, 72.8385598, 0.0 ], [ 19.048437, 72.838607, 0.0 ], [ 19.0485171, 72.8387102, 0.0 ], [ 19.0485948, 72.8388119, 0.0 ], [ 19.0485957, 72.8388131, 0.0 ], [ 19.0486444, 72.8388769, 0.0 ], [ 19.0487626, 72.8390323, 0.0 ], [ 19.0488673, 72.8391713, 0.0 ], [ 19.0489609, 72.8392979, 0.0 ], [ 19.0490126, 72.8393687, 0.0 ], [ 19.04904, 72.8394041, 0.0 ], [ 19.0490627, 72.8394334, 0.0 ], [ 19.0491556, 72.8395575, 0.0 ], [ 19.049173, 72.8395836, 0.0 ], [ 19.049189, 72.8396078, 0.0 ], [ 19.0492082, 72.8396369, 0.0 ], [ 19.0492801, 72.8397372, 0.0 ], [ 19.0493536, 72.8398399, 0.0 ], [ 19.0494007, 72.8399097, 0.0 ], [ 19.0495037, 72.8400553, 0.0 ], [ 19.0495238, 72.8400838, 0.0 ], [ 19.0495827, 72.8401669, 0.0 ], [ 19.0496729, 72.8402941, 0.0 ], [ 19.049679, 72.8403027, 0.0 ], [ 19.0496802, 72.8403043, 0.0 ], [ 19.0496802, 72.8403044, 0.0 ], [ 19.0496802, 72.8403044, 0.0 ], [ 19.0497175, 72.8403557, 0.0 ], [ 19.0497453, 72.8403938, 0.0 ], [ 19.0497953, 72.8404624, 0.0 ], [ 19.0498688, 72.8405716, 0.0 ], [ 19.0499104, 72.8406332, 0.0 ], [ 19.0499268, 72.8406577, 0.0 ], [ 19.0499702, 72.8407208, 0.0 ], [ 19.0500368, 72.8408176, 0.0 ], [ 19.0500748, 72.8408726, 0.0 ], [ 19.0502201, 72.8410852, 0.0 ], [ 19.0502443, 72.8411207, 0.0 ], [ 19.050471, 72.8414627, 0.0 ], [ 19.0506055, 72.8416576, 0.0 ], [ 19.0506135, 72.8416693, 0.0 ], [ 19.0506795, 72.841765, 0.0 ], [ 19.0506903, 72.8417805, 0.0 ], [ 19.0507591, 72.8418797, 0.0 ], [ 19.0507648, 72.841888, 0.0 ], [ 19.0509073, 72.8420978, 0.0 ], [ 19.0509374, 72.8421421, 0.0 ], [ 19.0509509, 72.842162, 0.0 ], [ 19.050951, 72.8421624, 0.0 ], [ 19.0509602, 72.8422442, 0.0 ], [ 19.051004, 72.842901, 0.0 ], [ 19.0510269, 72.8432184, 0.0 ], [ 19.05112, 72.8445127, 0.0 ], [ 19.0512456, 72.8462576, 0.0 ], [ 19.0513233, 72.8473037, 0.0 ], [ 19.0515096, 72.8498134, 0.0 ], [ 19.0517036, 72.852427, 0.0 ], [ 19.0518339, 72.854183, 0.0 ], [ 19.0520571, 72.8571916, 0.0 ], [ 19.0521357, 72.8582507, 0.0 ], [ 19.0521474, 72.8584083, 0.0 ], [ 19.0522171, 72.8592933, 0.0 ], [ 19.0522774, 72.8600583, 0.0 ], [ 19.0522951, 72.8611754, 0.0 ], [ 19.0523117, 72.8622196, 0.0 ], [ 19.0523276, 72.8632132, 0.0 ], [ 19.0523331, 72.8635585, 0.0 ], [ 19.0523699, 72.865857, 0.0 ], [ 19.0523711, 72.8662018, 0.0 ], [ 19.0523717, 72.8663674, 0.0 ], [ 19.0523726, 72.8666082, 0.0 ], [ 19.0523733, 72.8669887, 0.0 ], [ 19.0523739, 72.8673767, 0.0 ], [ 19.0522283, 72.8672753, 0.0 ], [ 19.0518736, 72.8670286, 0.0 ], [ 19.051555, 72.8668037, 0.0 ], [ 19.051555, 72.8668037, 0.0 ], [ 19.0515545, 72.8668033, 0.0 ], [ 19.0515291, 72.8667855, 0.0 ], [ 19.051328, 72.8666467, 0.0 ], [ 19.0513275, 72.8666464, 0.0 ], [ 19.0511628, 72.866517, 0.0 ], [ 19.051132, 72.8664953, 0.0 ], [ 19.0509788, 72.8663873, 0.0 ], [ 19.0507184, 72.866203, 0.0 ], [ 19.0505748, 72.8661039, 0.0 ], [ 19.0503829, 72.86597, 0.0 ], [ 19.0502099, 72.8658515, 0.0 ], [ 19.0500489, 72.8657417, 0.0 ], [ 19.0499273, 72.865656, 0.0 ], [ 19.0497343, 72.8655178, 0.0 ], [ 19.0495628, 72.8653973, 0.0 ], [ 19.0494546, 72.8653239, 0.0 ], [ 19.0493243, 72.8652328, 0.0 ], [ 19.0490912, 72.865072, 0.0 ], [ 19.0488959, 72.8649405, 0.0 ], [ 19.0487888, 72.8648658, 0.0 ], [ 19.0486073, 72.8647441, 0.0 ], [ 19.0483939, 72.8646009, 0.0 ], [ 19.0482463, 72.8645001, 0.0 ], [ 19.0472062, 72.863775, 0.0 ], [ 19.0469851, 72.8636252, 0.0 ], [ 19.046874, 72.8635509, 0.0 ], [ 19.0466643, 72.8634052, 0.0 ], [ 19.0463876, 72.8632124, 0.0 ], [ 19.0463852, 72.8632107, 0.0 ], [ 19.0463851, 72.8632106, 0.0 ], [ 19.0463851, 72.8632106, 0.0 ], [ 19.0463792, 72.8632065, 0.0 ], [ 19.0463642, 72.863196, 0.0 ], [ 19.0463317, 72.8631726, 0.0 ], [ 19.0463121, 72.863159, 0.0 ], [ 19.0462359, 72.8631057, 0.0 ], [ 19.0462349, 72.863105, 0.0 ], [ 19.0459097, 72.8628781, 0.0 ], [ 19.0457026, 72.862732, 0.0 ], [ 19.0455932, 72.8626598, 0.0 ], [ 19.0453788, 72.8625102, 0.0 ], [ 19.0452015, 72.8623869, 0.0 ], [ 19.0450154, 72.8622576, 0.0 ], [ 19.0448803, 72.8621692, 0.0 ], [ 19.0447771, 72.8620998, 0.0 ], [ 19.0446409, 72.8620077, 0.0 ], [ 19.0446007, 72.8619856, 0.0 ], [ 19.0444117, 72.8618571, 0.0 ], [ 19.0442215, 72.8617263, 0.0 ], [ 19.0439896, 72.8615681, 0.0 ], [ 19.0437822, 72.8614254, 0.0 ], [ 19.0437036, 72.8613709, 0.0 ], [ 19.0435472, 72.8612677, 0.0 ], [ 19.0434424, 72.8611839, 0.0 ], [ 19.0430368, 72.8609215, 0.0 ], [ 19.0429081, 72.8608317, 0.0 ], [ 19.0426285, 72.8606337, 0.0 ], [ 19.0424008, 72.8604738, 0.0 ], [ 19.0421478, 72.8602974, 0.0 ], [ 19.0419019, 72.8601234, 0.0 ], [ 19.0417019, 72.8599845, 0.0 ], [ 19.0414905, 72.8598423, 0.0 ], [ 19.0413325, 72.859732, 0.0 ], [ 19.041137, 72.8595942, 0.0 ], [ 19.0410065, 72.8595027, 0.0 ], [ 19.0405851, 72.859216, 0.0 ], [ 19.0401055, 72.8588737, 0.0 ], [ 19.0398844, 72.858716, 0.0 ], [ 19.0368028, 72.8565181, 0.0 ], [ 19.0367731, 72.8564982, 0.0 ], [ 19.0365807, 72.8563698, 0.0 ], [ 19.0365567, 72.8563538, 0.0 ], [ 19.03621, 72.8561223, 0.0 ], [ 19.0361505, 72.8560874, 0.0 ], [ 19.0339359, 72.8546255, 0.0 ], [ 19.0338548, 72.8545706, 0.0 ], [ 19.0338545, 72.8545703, 0.0 ], [ 19.0338257, 72.8545509, 0.0 ], [ 19.0337846, 72.8545232, 0.0 ], [ 19.0337347, 72.8544895, 0.0 ], [ 19.0336093, 72.8544045, 0.0 ], [ 19.0336092, 72.8544045, 0.0 ], [ 19.0335868, 72.8543893, 0.0 ], [ 19.0335867, 72.8543893, 0.0 ], [ 19.0335865, 72.8543891, 0.0 ], [ 19.0335717, 72.8543792, 0.0 ], [ 19.0335717, 72.8543791, 0.0 ], [ 19.0335313, 72.8543521, 0.0 ], [ 19.0334204, 72.8542775, 0.0 ], [ 19.0332746, 72.8541796, 0.0 ], [ 19.0331117, 72.8540693, 0.0 ], [ 19.0329372, 72.8539512, 0.0 ], [ 19.0328699, 72.8539053, 0.0 ], [ 19.0328697, 72.8539052, 0.0 ], [ 19.0325668, 72.8536991, 0.0 ], [ 19.0322906, 72.8535052, 0.0 ], [ 19.0321834, 72.8534301, 0.0 ], [ 19.0320232, 72.8533242, 0.0 ], [ 19.031909, 72.8532447, 0.0 ], [ 19.0317719, 72.8531492, 0.0 ], [ 19.0317368, 72.8531248, 0.0 ], [ 19.031704, 72.8531026, 0.0 ], [ 19.0317037, 72.8531024, 0.0 ], [ 19.0314229, 72.8529126, 0.0 ], [ 19.0313021, 72.852831, 0.0 ], [ 19.0310183, 72.8526336, 0.0 ], [ 19.0310182, 72.8526335, 0.0 ], [ 19.0310177, 72.8526332, 0.0 ], [ 19.0310175, 72.8526331, 0.0 ], [ 19.0310175, 72.8526331, 0.0 ], [ 19.0310173, 72.8526329, 0.0 ], [ 19.0310131, 72.8526299, 0.0 ], [ 19.0310125, 72.8526296, 0.0 ], [ 19.0305938, 72.8523361, 0.0 ], [ 19.0302295, 72.8520872, 0.0 ], [ 19.0300383, 72.8519642, 0.0 ], [ 19.0299679, 72.851932, 0.0 ], [ 19.0287765, 72.851093, 0.0 ], [ 19.0286947, 72.8510363, 0.0 ], [ 19.0286023, 72.8509723, 0.0 ], [ 19.0281707, 72.8506784, 0.0 ], [ 19.0278683, 72.8504682, 0.0 ], [ 19.0278679, 72.8504679, 0.0 ], [ 19.027767, 72.8503978, 0.0 ], [ 19.0275535, 72.8502571, 0.0 ], [ 19.0274548, 72.850192, 0.0 ], [ 19.0270392, 72.8499033, 0.0 ], [ 19.0270205, 72.8498903, 0.0 ], [ 19.0270203, 72.8498902, 0.0 ], [ 19.0270185, 72.849889, 0.0 ], [ 19.0270182, 72.8498888, 0.0 ], [ 19.0270181, 72.8498887, 0.0 ], [ 19.0270155, 72.8498869, 0.0 ], [ 19.0270124, 72.8498848, 0.0 ], [ 19.0270104, 72.8498834, 0.0 ], [ 19.0266681, 72.8496469, 0.0 ], [ 19.026556, 72.8495712, 0.0 ], [ 19.0265559, 72.8495711, 0.0 ], [ 19.02647, 72.8495132, 0.0 ], [ 19.0258942, 72.8491171, 0.0 ], [ 19.0256624, 72.8489524, 0.0 ], [ 19.0256621, 72.8489522, 0.0 ], [ 19.0254093, 72.8487729, 0.0 ], [ 19.0252376, 72.8486345, 0.0 ], [ 19.0248901, 72.848355, 0.0 ], [ 19.0247356, 72.8482335, 0.0 ], [ 19.0247355, 72.8482334, 0.0 ], [ 19.0246987, 72.8482045, 0.0 ], [ 19.0245195, 72.8480808, 0.0 ], [ 19.0244971, 72.8480663, 0.0 ], [ 19.0244967, 72.848066, 0.0 ], [ 19.0244197, 72.8480164, 0.0 ], [ 19.024042, 72.84775, 0.0 ], [ 19.0237561, 72.8475535, 0.0 ], [ 19.0233082, 72.8472445, 0.0 ], [ 19.0230994, 72.8471001, 0.0 ], [ 19.0228957, 72.8469598, 0.0 ], [ 19.0224924, 72.8466717, 0.0 ], [ 19.022417, 72.8466195, 0.0 ], [ 19.0224082, 72.8466133, 0.0 ], [ 19.0224056, 72.8466115, 0.0 ], [ 19.0222789, 72.8465238, 0.0 ], [ 19.0221072, 72.8464048, 0.0 ], [ 19.0220894, 72.8463932, 0.0 ], [ 19.021826, 72.8462226, 0.0 ], [ 19.0215085, 72.8460072, 0.0 ], [ 19.0215084, 72.8460071, 0.0 ], [ 19.0213997, 72.8459335, 0.0 ], [ 19.0212313, 72.8458175, 0.0 ], [ 19.0212311, 72.8458173, 0.0 ], [ 19.021158, 72.8457671, 0.0 ], [ 19.0209128, 72.845596, 0.0 ], [ 19.0207842, 72.8455057, 0.0 ], [ 19.0207839, 72.8455055, 0.0 ], [ 19.0206527, 72.8454135, 0.0 ], [ 19.0206358, 72.8454029, 0.0 ], [ 19.0206358, 72.8454028, 0.0 ], [ 19.0206107, 72.845387, 0.0 ], [ 19.0204977, 72.8453068, 0.0 ], [ 19.0204977, 72.8453068, 0.0 ], [ 19.020453, 72.8452751, 0.0 ], [ 19.0204082, 72.8452433, 0.0 ], [ 19.0200524, 72.8449952, 0.0 ], [ 19.0197904, 72.8448125, 0.0 ], [ 19.0197106, 72.8447561, 0.0 ], [ 19.0196212, 72.8446925, 0.0 ], [ 19.0195765, 72.8446607, 0.0 ], [ 19.0195651, 72.8446527, 0.0 ], [ 19.0195432, 72.844636, 0.0 ], [ 19.0195084, 72.8446095, 0.0 ], [ 19.0194618, 72.8445813, 0.0 ], [ 19.019296, 72.8444551, 0.0 ], [ 19.0192464, 72.8444208, 0.0 ], [ 19.0191862, 72.8443792, 0.0 ], [ 19.0191825, 72.8443766, 0.0 ], [ 19.0190351, 72.8442721, 0.0 ], [ 19.0187912, 72.8440992, 0.0 ], [ 19.0186533, 72.8440015, 0.0 ], [ 19.0185405, 72.843922, 0.0 ], [ 19.0183354, 72.8437801, 0.0 ], [ 19.0183353, 72.84378, 0.0 ], [ 19.0182992, 72.8437551, 0.0 ], [ 19.0181532, 72.8436557, 0.0 ], [ 19.0181373, 72.8436449, 0.0 ], [ 19.0181371, 72.8436447, 0.0 ], [ 19.0180626, 72.8435941, 0.0 ], [ 19.0179607, 72.8435225, 0.0 ], [ 19.0178621, 72.8434531, 0.0 ], [ 19.0176534, 72.8433084, 0.0 ], [ 19.017455, 72.8431723, 0.0 ], [ 19.0174476, 72.8431672, 0.0 ], [ 19.0173158, 72.8430773, 0.0 ], [ 19.0172147, 72.8430083, 0.0 ], [ 19.0171639, 72.8429743, 0.0 ], [ 19.0171639, 72.8429743, 0.0 ], [ 19.017159, 72.842971, 0.0 ], [ 19.0171088, 72.8429374, 0.0 ], [ 19.0170888, 72.842924, 0.0 ], [ 19.0170618, 72.8429054, 0.0 ], [ 19.0170618, 72.8429054, 0.0 ], [ 19.0170165, 72.8428742, 0.0 ], [ 19.0170163, 72.842874, 0.0 ], [ 19.0170023, 72.8428644, 0.0 ], [ 19.0169661, 72.8428405, 0.0 ], [ 19.0163892, 72.8424221, 0.0 ], [ 19.0161609, 72.8422562, 0.0 ], [ 19.0160158, 72.8421524, 0.0 ], [ 19.0153473, 72.8417149, 0.0 ], [ 19.0150705, 72.8415299, 0.0 ], [ 19.0148202, 72.8413734, 0.0 ], [ 19.0144405, 72.8411262, 0.0 ], [ 19.0140756, 72.8408844, 0.0 ], [ 19.0137446, 72.840662, 0.0 ], [ 19.0134577, 72.8404641, 0.0 ], [ 19.0131955, 72.8402819, 0.0 ], [ 19.0130088, 72.840154, 0.0 ], [ 19.011922, 72.8394066, 0.0 ], [ 19.0117772, 72.8393052, 0.0 ], [ 19.0116291, 72.8392054, 0.0 ], [ 19.0114378, 72.8390764, 0.0 ], [ 19.0109537, 72.8387429, 0.0 ], [ 19.0105256, 72.8384601, 0.0 ], [ 19.0101344, 72.8381996, 0.0 ], [ 19.0097029, 72.8379141, 0.0 ], [ 19.0096122, 72.8378493, 0.0 ], [ 19.0094902, 72.837762, 0.0 ], [ 19.0093692, 72.837682, 0.0 ], [ 19.0092456, 72.8376003, 0.0 ], [ 19.009112, 72.837516, 0.0 ], [ 19.0097016, 72.8366969, 0.0 ], [ 19.010233, 72.8359587, 0.0 ], [ 19.0105772, 72.8356088, 0.0 ], [ 19.0107093, 72.835498, 0.0 ], [ 19.0108586, 72.835387, 0.0 ], [ 19.0109221, 72.8353186, 0.0 ], [ 19.01107, 72.8351065, 0.0 ], [ 19.0114431, 72.8346896, 0.0 ], [ 19.0118613, 72.8342227, 0.0 ], [ 19.0121815, 72.8338685, 0.0 ], [ 19.0128059, 72.8332668, 0.0 ], [ 19.013213, 72.8335693, 0.0 ], [ 19.013363, 72.8336492, 0.0 ], [ 19.013402, 72.8335682, 0.0 ], [ 19.0134894, 72.8334797, 0.0 ], [ 19.0136878, 72.8333473, 0.0 ], [ 19.0138387, 72.8332466, 0.0 ], [ 19.0149078, 72.8325332, 0.0 ], [ 19.0151822, 72.8323501, 0.0 ], [ 19.015289, 72.8322788, 0.0 ], [ 19.0155801, 72.832062, 0.0 ], [ 19.0158401, 72.831802, 0.0 ], [ 19.0158652, 72.8317769, 0.0 ], [ 19.0160877, 72.831468, 0.0 ], [ 19.0160928, 72.8314584, 0.0 ], [ 19.0163445, 72.8309893, 0.0 ], [ 19.0164398, 72.8308061, 0.0 ], [ 19.0165292, 72.8306342, 0.0 ], [ 19.0168542, 72.8300094, 0.0 ], [ 19.0169273, 72.8298688, 0.0 ], [ 19.0170596, 72.8300058, 0.0 ], [ 19.017229, 72.8301316, 0.0 ], [ 19.0182759, 72.8309372, 0.0 ], [ 19.0183017, 72.8309659, 0.0 ], [ 19.0183839, 72.8310309, 0.0 ], [ 19.0185414, 72.8311555, 0.0 ], [ 19.018827, 72.8313812, 0.0 ], [ 19.0189891, 72.8315094, 0.0 ], [ 19.0194732, 72.8318998, 0.0 ], [ 19.0198532, 72.8322063, 0.0 ], [ 19.0198765, 72.8321737, 0.0 ], [ 19.0201318, 72.8318175, 0.0 ], [ 19.0204329, 72.8313975, 0.0 ], [ 19.020492, 72.8313034, 0.0 ], [ 19.0206187, 72.831102, 0.0 ], [ 19.0206317, 72.8310877, 0.0 ], [ 19.0209426, 72.8307465, 0.0 ], [ 19.0210121, 72.8306796, 0.0 ], [ 19.0213304, 72.8304479, 0.0 ], [ 19.0214288, 72.8303731, 0.0 ], [ 19.0214425, 72.830361, 0.0 ], [ 19.0215795, 72.8302393, 0.0 ], [ 19.0217523, 72.8300861, 0.0 ] ] ] } },
{ "type": "Feature", "id": 5, "properties": { "Name": "\n    M/E\n   ", "tessellate": 1, "extrude": 0, "visibility": -1, "NAME2": "M/E\n", "OBJECTID": 6, "Shape__Area": 38225707.263800003, "Shape__Length": 28734.014622800001 }, "geometry": { "type": "Polygon", "coordinates": [ [ [ 19.0667363, 72.9377378, 0.0 ], [ 19.0646405, 72.938807, 0.0 ], [ 19.0644506, 72.9389464, 0.0 ], [ 19.0642441, 72.9390979, 0.0 ], [ 19.0638699, 72.9393711, 0.0 ], [ 19.0636793, 72.9395103, 0.0 ], [ 19.0631835, 72.9398765, 0.0 ], [ 19.062906, 72.9400784, 0.0 ], [ 19.0624588, 72.9404037, 0.0 ], [ 19.0623544, 72.9404796, 0.0 ], [ 19.0614172, 72.9413403, 0.0 ], [ 19.0591007, 72.9418133, 0.0 ], [ 19.0588311, 72.9418649, 0.0 ], [ 19.0567322, 72.9422952, 0.0 ], [ 19.0566525, 72.942425, 0.0 ], [ 19.0565974, 72.9425148, 0.0 ], [ 19.0565005, 72.9426736, 0.0 ], [ 19.056499, 72.942676, 0.0 ], [ 19.0564754, 72.9427147, 0.0 ], [ 19.0564356, 72.9436304, 0.0 ], [ 19.0564712, 72.943712, 0.0 ], [ 19.0564926, 72.9437755, 0.0 ], [ 19.0566511, 72.9441461, 0.0 ], [ 19.0568524, 72.9446134, 0.0 ], [ 19.0570995, 72.9451938, 0.0 ], [ 19.0571493, 72.9453108, 0.0 ], [ 19.0574126, 72.945921, 0.0 ], [ 19.0577229, 72.9466344, 0.0 ], [ 19.0578528, 72.9469468, 0.0 ], [ 19.0580035, 72.9473071, 0.0 ], [ 19.0583196, 72.9480341, 0.0 ], [ 19.0584145, 72.9482516, 0.0 ], [ 19.0584945, 72.9484451, 0.0 ], [ 19.0584996, 72.9484588, 0.0 ], [ 19.0585281, 72.9485361, 0.0 ], [ 19.0585373, 72.9485577, 0.0 ], [ 19.0585801, 72.9486638, 0.0 ], [ 19.0586354, 72.9487903, 0.0 ], [ 19.0586848, 72.9489038, 0.0 ], [ 19.0587327, 72.9490249, 0.0 ], [ 19.0587799, 72.9491291, 0.0 ], [ 19.0588296, 72.9492501, 0.0 ], [ 19.0589282, 72.9493312, 0.0 ], [ 19.0590695, 72.9494446, 0.0 ], [ 19.0592313, 72.9495798, 0.0 ], [ 19.059357, 72.9496848, 0.0 ], [ 19.0594237, 72.9497404, 0.0 ], [ 19.059617, 72.949897, 0.0 ], [ 19.0597853, 72.950038, 0.0 ], [ 19.0598461, 72.9500907, 0.0 ], [ 19.060083, 72.9502778, 0.0 ], [ 19.0601547, 72.9503369, 0.0 ], [ 19.060278, 72.9504386, 0.0 ], [ 19.060388, 72.9505288, 0.0 ], [ 19.0604543, 72.9505832, 0.0 ], [ 19.0606243, 72.9507192, 0.0 ], [ 19.0606449, 72.9507357, 0.0 ], [ 19.0607838, 72.9508482, 0.0 ], [ 19.060895, 72.9509372, 0.0 ], [ 19.0610218, 72.9510448, 0.0 ], [ 19.0611388, 72.9511366, 0.0 ], [ 19.0611464, 72.9511427, 0.0 ], [ 19.0612392, 72.9512176, 0.0 ], [ 19.0613823, 72.9513367, 0.0 ], [ 19.0615253, 72.9514514, 0.0 ], [ 19.0616907, 72.9515878, 0.0 ], [ 19.0618116, 72.9516898, 0.0 ], [ 19.0619075, 72.9517631, 0.0 ], [ 19.061959, 72.9518065, 0.0 ], [ 19.0620094, 72.9518474, 0.0 ], [ 19.0620633, 72.9518912, 0.0 ], [ 19.0621013, 72.9519215, 0.0 ], [ 19.0622134, 72.9520785, 0.0 ], [ 19.0622178, 72.9520844, 0.0 ], [ 19.0624055, 72.9523437, 0.0 ], [ 19.0625696, 72.9525554, 0.0 ], [ 19.0626652, 72.9526855, 0.0 ], [ 19.0627945, 72.9528614, 0.0 ], [ 19.0629722, 72.9530885, 0.0 ], [ 19.0630288, 72.9531652, 0.0 ], [ 19.0630464, 72.953189, 0.0 ], [ 19.0630605, 72.9532102, 0.0 ], [ 19.0631181, 72.9532965, 0.0 ], [ 19.0631382, 72.9533289, 0.0 ], [ 19.0631841, 72.9534028, 0.0 ], [ 19.0632243, 72.9534615, 0.0 ], [ 19.0632531, 72.9535036, 0.0 ], [ 19.0632782, 72.9535433, 0.0 ], [ 19.063319, 72.953608, 0.0 ], [ 19.0633865, 72.9537124, 0.0 ], [ 19.0633905, 72.9537346, 0.0 ], [ 19.0634057, 72.9538189, 0.0 ], [ 19.0634161, 72.9538724, 0.0 ], [ 19.0634286, 72.9539358, 0.0 ], [ 19.0634333, 72.9539634, 0.0 ], [ 19.06345, 72.9540597, 0.0 ], [ 19.0634661, 72.9541388, 0.0 ], [ 19.0634748, 72.9541818, 0.0 ], [ 19.063493, 72.9543059, 0.0 ], [ 19.0635004, 72.9543423, 0.0 ], [ 19.0635177, 72.9544262, 0.0 ], [ 19.0635202, 72.9545351, 0.0 ], [ 19.0635215, 72.954569, 0.0 ], [ 19.063525, 72.954659, 0.0 ], [ 19.0635282, 72.9547855, 0.0 ], [ 19.0635346, 72.9549084, 0.0 ], [ 19.0635363, 72.9550384, 0.0 ], [ 19.0635424, 72.9551551, 0.0 ], [ 19.0635427, 72.9551595, 0.0 ], [ 19.0635442, 72.9552843, 0.0 ], [ 19.0635452, 72.9553705, 0.0 ], [ 19.0635456, 72.9554091, 0.0 ], [ 19.0635488, 72.9555339, 0.0 ], [ 19.0635536, 72.9556579, 0.0 ], [ 19.0635583, 72.9557791, 0.0 ], [ 19.0635581, 72.9557879, 0.0 ], [ 19.0635574, 72.9558392, 0.0 ], [ 19.0635564, 72.955904, 0.0 ], [ 19.0635246, 72.9562029, 0.0 ], [ 19.0635002, 72.9563368, 0.0 ], [ 19.0634816, 72.9564387, 0.0 ], [ 19.0635271, 72.9568486, 0.0 ], [ 19.0635427, 72.9569895, 0.0 ], [ 19.0636858, 72.9605189, 0.0 ], [ 19.0636719, 72.9605261, 0.0 ], [ 19.0632899, 72.9607237, 0.0 ], [ 19.0632767, 72.9607305, 0.0 ], [ 19.062937, 72.9609061, 0.0 ], [ 19.0629258, 72.9609119, 0.0 ], [ 19.0626145, 72.9610728, 0.0 ], [ 19.0623163, 72.9611274, 0.0 ], [ 19.0623063, 72.9611293, 0.0 ], [ 19.0620408, 72.9611779, 0.0 ], [ 19.0620279, 72.9611802, 0.0 ], [ 19.0616367, 72.9612519, 0.0 ], [ 19.0616264, 72.9612538, 0.0 ], [ 19.0612307, 72.9613262, 0.0 ], [ 19.0612181, 72.9613285, 0.0 ], [ 19.0609211, 72.9613829, 0.0 ], [ 19.0608873, 72.9613852, 0.0 ], [ 19.0608774, 72.9613859, 0.0 ], [ 19.0604853, 72.9614124, 0.0 ], [ 19.0604708, 72.9614134, 0.0 ], [ 19.0600926, 72.9614389, 0.0 ], [ 19.059908, 72.9613884, 0.0 ], [ 19.0596152, 72.9614152, 0.0 ], [ 19.0595749, 72.961427, 0.0 ], [ 19.0595648, 72.96143, 0.0 ], [ 19.0594598, 72.9614607, 0.0 ], [ 19.0589105, 72.9613845, 0.0 ], [ 19.0588718, 72.9614039, 0.0 ], [ 19.0584804, 72.9616002, 0.0 ], [ 19.0584213, 72.9616139, 0.0 ], [ 19.0583256, 72.9616113, 0.0 ], [ 19.0583185, 72.9616112, 0.0 ], [ 19.0582467, 72.9616092, 0.0 ], [ 19.0580768, 72.9616288, 0.0 ], [ 19.0580711, 72.9616295, 0.0 ], [ 19.0578924, 72.9616501, 0.0 ], [ 19.0578425, 72.9616563, 0.0 ], [ 19.0578318, 72.9616576, 0.0 ], [ 19.0576535, 72.9616797, 0.0 ], [ 19.057571, 72.96169, 0.0 ], [ 19.0574705, 72.9616924, 0.0 ], [ 19.0574601, 72.9616926, 0.0 ], [ 19.0572462, 72.9616976, 0.0 ], [ 19.0572388, 72.9616978, 0.0 ], [ 19.0569038, 72.9617057, 0.0 ], [ 19.0568938, 72.9617059, 0.0 ], [ 19.0566831, 72.9617108, 0.0 ], [ 19.056673, 72.9617111, 0.0 ], [ 19.0563815, 72.9617179, 0.0 ], [ 19.0563743, 72.9617181, 0.0 ], [ 19.0560914, 72.9617247, 0.0 ], [ 19.0560823, 72.9617249, 0.0 ], [ 19.0557751, 72.9617321, 0.0 ], [ 19.0557593, 72.9617325, 0.0 ], [ 19.0554814, 72.961739, 0.0 ], [ 19.0554735, 72.9617392, 0.0 ], [ 19.0553092, 72.9617431, 0.0 ], [ 19.0553019, 72.9617432, 0.0 ], [ 19.0551811, 72.9617461, 0.0 ], [ 19.0550139, 72.9617424, 0.0 ], [ 19.0550023, 72.9617422, 0.0 ], [ 19.0546778, 72.9617351, 0.0 ], [ 19.054671, 72.961735, 0.0 ], [ 19.0543927, 72.961729, 0.0 ], [ 19.0543826, 72.9617287, 0.0 ], [ 19.0541433, 72.9617235, 0.0 ], [ 19.0541359, 72.9617234, 0.0 ], [ 19.0538741, 72.9617177, 0.0 ], [ 19.0538658, 72.9617175, 0.0 ], [ 19.0536931, 72.9617138, 0.0 ], [ 19.0535674, 72.9617212, 0.0 ], [ 19.0535583, 72.9617217, 0.0 ], [ 19.053244, 72.9617402, 0.0 ], [ 19.0532368, 72.9617406, 0.0 ], [ 19.0530147, 72.9617537, 0.0 ], [ 19.0530047, 72.9617543, 0.0 ], [ 19.0526726, 72.9617738, 0.0 ], [ 19.0526641, 72.9617743, 0.0 ], [ 19.0524484, 72.961787, 0.0 ], [ 19.0524371, 72.9617877, 0.0 ], [ 19.0522371, 72.9617994, 0.0 ], [ 19.0522261, 72.9618001, 0.0 ], [ 19.0520232, 72.961812, 0.0 ], [ 19.0520102, 72.9618128, 0.0 ], [ 19.0517937, 72.9618255, 0.0 ], [ 19.0517817, 72.9618262, 0.0 ], [ 19.0515411, 72.9618404, 0.0 ], [ 19.0515258, 72.9618413, 0.0 ], [ 19.051318, 72.9618535, 0.0 ], [ 19.0510265, 72.9618707, 0.0 ], [ 19.0510152, 72.9618713, 0.0 ], [ 19.0507506, 72.9618869, 0.0 ], [ 19.0507413, 72.9618874, 0.0 ], [ 19.0505781, 72.9618971, 0.0 ], [ 19.050569, 72.9618976, 0.0 ], [ 19.050359, 72.9619099, 0.0 ], [ 19.0503474, 72.9619106, 0.0 ], [ 19.0501291, 72.9619235, 0.0 ], [ 19.0501165, 72.9619242, 0.0 ], [ 19.0499219, 72.9619357, 0.0 ], [ 19.0498798, 72.9619341, 0.0 ], [ 19.0498695, 72.9619337, 0.0 ], [ 19.049646, 72.9619253, 0.0 ], [ 19.0496391, 72.9619251, 0.0 ], [ 19.0493458, 72.9619141, 0.0 ], [ 19.0493353, 72.9619137, 0.0 ], [ 19.0491368, 72.9619063, 0.0 ], [ 19.049123, 72.9619058, 0.0 ], [ 19.0488941, 72.9618973, 0.0 ], [ 19.0488758, 72.9618966, 0.0 ], [ 19.0488668, 72.9618962, 0.0 ], [ 19.0486187, 72.961887, 0.0 ], [ 19.048608, 72.9618866, 0.0 ], [ 19.0483706, 72.9618777, 0.0 ], [ 19.0483632, 72.9618774, 0.0 ], [ 19.0480474, 72.9618656, 0.0 ], [ 19.0480398, 72.9618653, 0.0 ], [ 19.0477381, 72.9618541, 0.0 ], [ 19.0477296, 72.9618537, 0.0 ], [ 19.0474307, 72.9618426, 0.0 ], [ 19.0474231, 72.9618423, 0.0 ], [ 19.0474058, 72.9618416, 0.0 ], [ 19.0471327, 72.9618276, 0.0 ], [ 19.0471235, 72.9618271, 0.0 ], [ 19.0468264, 72.9618118, 0.0 ], [ 19.0468204, 72.9618114, 0.0 ], [ 19.0465171, 72.9617958, 0.0 ], [ 19.0465096, 72.9617954, 0.0 ], [ 19.0462304, 72.961781, 0.0 ], [ 19.0462245, 72.9617807, 0.0 ], [ 19.0459098, 72.9617645, 0.0 ], [ 19.0459006, 72.961764, 0.0 ], [ 19.0457085, 72.9617541, 0.0 ], [ 19.0456987, 72.9617536, 0.0 ], [ 19.0454796, 72.9617423, 0.0 ], [ 19.0454688, 72.9617418, 0.0 ], [ 19.0452562, 72.9617308, 0.0 ], [ 19.0452463, 72.9617303, 0.0 ], [ 19.0449961, 72.9617174, 0.0 ], [ 19.0449879, 72.961717, 0.0 ], [ 19.0447379, 72.9617041, 0.0 ], [ 19.0447291, 72.9617036, 0.0 ], [ 19.0445358, 72.9616936, 0.0 ], [ 19.0445274, 72.9616932, 0.0 ], [ 19.0442452, 72.9616787, 0.0 ], [ 19.0442363, 72.9616782, 0.0 ], [ 19.0439744, 72.9616647, 0.0 ], [ 19.0439661, 72.9616643, 0.0 ], [ 19.043658, 72.9616484, 0.0 ], [ 19.0436483, 72.9616479, 0.0 ], [ 19.0433355, 72.9616318, 0.0 ], [ 19.0433247, 72.9616312, 0.0 ], [ 19.0430118, 72.9616151, 0.0 ], [ 19.0430013, 72.9616145, 0.0 ], [ 19.0427366, 72.9616009, 0.0 ], [ 19.0427286, 72.9616005, 0.0 ], [ 19.0427008, 72.961599, 0.0 ], [ 19.0424146, 72.9615479, 0.0 ], [ 19.0424039, 72.961546, 0.0 ], [ 19.0421342, 72.9614978, 0.0 ], [ 19.042121, 72.9614955, 0.0 ], [ 19.0418131, 72.9614405, 0.0 ], [ 19.0417987, 72.9614379, 0.0 ], [ 19.0415126, 72.9613868, 0.0 ], [ 19.0415024, 72.961385, 0.0 ], [ 19.0412054, 72.9613319, 0.0 ], [ 19.0411895, 72.9613291, 0.0 ], [ 19.0408715, 72.9612723, 0.0 ], [ 19.040861, 72.9612704, 0.0 ], [ 19.0405771, 72.9612197, 0.0 ], [ 19.0405608, 72.9612168, 0.0 ], [ 19.0402342, 72.9611585, 0.0 ], [ 19.0402248, 72.9611568, 0.0 ], [ 19.0402161, 72.9611553, 0.0 ], [ 19.0400143, 72.9610886, 0.0 ], [ 19.0399998, 72.9610838, 0.0 ], [ 19.0397397, 72.9609979, 0.0 ], [ 19.0397339, 72.960996, 0.0 ], [ 19.0394051, 72.9608874, 0.0 ], [ 19.0393941, 72.9608837, 0.0 ], [ 19.0390687, 72.9607763, 0.0 ], [ 19.0390621, 72.9607741, 0.0 ], [ 19.0387771, 72.9606799, 0.0 ], [ 19.0387396, 72.9606676, 0.0 ], [ 19.0384631, 72.9605762, 0.0 ], [ 19.0384573, 72.9605743, 0.0 ], [ 19.0381098, 72.9604595, 0.0 ], [ 19.0380975, 72.9604555, 0.0 ], [ 19.0377565, 72.9603428, 0.0 ], [ 19.0377431, 72.9603384, 0.0 ], [ 19.0374103, 72.9602285, 0.0 ], [ 19.0374032, 72.9602261, 0.0 ], [ 19.0372611, 72.9601792, 0.0 ], [ 19.0371702, 72.9601388, 0.0 ], [ 19.0371614, 72.9601349, 0.0 ], [ 19.0369273, 72.960031, 0.0 ], [ 19.0369172, 72.9600265, 0.0 ], [ 19.0366533, 72.9599094, 0.0 ], [ 19.0366448, 72.9599056, 0.0 ], [ 19.0363932, 72.9597939, 0.0 ], [ 19.0363787, 72.9597875, 0.0 ], [ 19.0361595, 72.9596902, 0.0 ], [ 19.0361457, 72.9596841, 0.0 ], [ 19.0358725, 72.9595628, 0.0 ], [ 19.0358664, 72.9595601, 0.0 ], [ 19.0358183, 72.9595388, 0.0 ], [ 19.0356274, 72.9593863, 0.0 ], [ 19.0356187, 72.9593794, 0.0 ], [ 19.0353731, 72.9591833, 0.0 ], [ 19.0353531, 72.9591545, 0.0 ], [ 19.0353448, 72.9591427, 0.0 ], [ 19.0351532, 72.9588676, 0.0 ], [ 19.0351494, 72.9588621, 0.0 ], [ 19.0350941, 72.9587827, 0.0 ], [ 19.0349061, 72.9585177, 0.0 ], [ 19.0349013, 72.958511, 0.0 ], [ 19.0346282, 72.958126, 0.0 ], [ 19.034604, 72.9581011, 0.0 ], [ 19.0343482, 72.9578383, 0.0 ], [ 19.0343371, 72.9578269, 0.0 ], [ 19.0343264, 72.957816, 0.0 ], [ 19.0340814, 72.9575642, 0.0 ], [ 19.033974, 72.9575127, 0.0 ], [ 19.0339601, 72.957506, 0.0 ], [ 19.0336825, 72.9573728, 0.0 ], [ 19.0336667, 72.9573652, 0.0 ], [ 19.0334922, 72.9572814, 0.0 ], [ 19.0334393, 72.9572652, 0.0 ], [ 19.0334294, 72.9572622, 0.0 ], [ 19.0331037, 72.9571623, 0.0 ], [ 19.0330959, 72.9571599, 0.0 ], [ 19.0328299, 72.9570783, 0.0 ], [ 19.0327609, 72.9570571, 0.0 ], [ 19.0325272, 72.9570126, 0.0 ], [ 19.0325155, 72.9570103, 0.0 ], [ 19.0323064, 72.9569704, 0.0 ], [ 19.0322953, 72.9569683, 0.0 ], [ 19.0320043, 72.9569127, 0.0 ], [ 19.0319984, 72.9569116, 0.0 ], [ 19.0318069, 72.9568751, 0.0 ], [ 19.0316856, 72.9568579, 0.0 ], [ 19.0316724, 72.9568561, 0.0 ], [ 19.0313127, 72.9568052, 0.0 ], [ 19.0312953, 72.9568027, 0.0 ], [ 19.0309548, 72.9567546, 0.0 ], [ 19.0309455, 72.9567533, 0.0 ], [ 19.0306127, 72.9567062, 0.0 ], [ 19.0306076, 72.9567055, 0.0 ], [ 19.0303409, 72.9566072, 0.0 ], [ 19.0303342, 72.9566047, 0.0 ], [ 19.030046, 72.9564985, 0.0 ], [ 19.0300391, 72.956496, 0.0 ], [ 19.0297601, 72.9563931, 0.0 ], [ 19.0297502, 72.9563895, 0.0 ], [ 19.0295042, 72.9562988, 0.0 ], [ 19.0294976, 72.9562964, 0.0 ], [ 19.0293621, 72.9562464, 0.0 ], [ 19.0292633, 72.9561781, 0.0 ], [ 19.0292568, 72.9561736, 0.0 ], [ 19.0289609, 72.9559688, 0.0 ], [ 19.0289512, 72.9559621, 0.0 ], [ 19.0286172, 72.9557309, 0.0 ], [ 19.0286097, 72.9557257, 0.0 ], [ 19.0282724, 72.9554923, 0.0 ], [ 19.0282656, 72.9554876, 0.0 ], [ 19.0282103, 72.9554493, 0.0 ], [ 19.0280063, 72.9552708, 0.0 ], [ 19.0279975, 72.9552631, 0.0 ], [ 19.027735, 72.9550333, 0.0 ], [ 19.0277272, 72.9550265, 0.0 ], [ 19.027436, 72.9547716, 0.0 ], [ 19.0274297, 72.9547661, 0.0 ], [ 19.0272079, 72.954572, 0.0 ], [ 19.0272019, 72.9545667, 0.0 ], [ 19.027091, 72.9544697, 0.0 ], [ 19.0270351, 72.9544208, 0.0 ], [ 19.026981, 72.9543734, 0.0 ], [ 19.0269408, 72.9543383, 0.0 ], [ 19.0269346, 72.9543328, 0.0 ], [ 19.0269029, 72.9543051, 0.0 ], [ 19.0268872, 72.9542913, 0.0 ], [ 19.0267797, 72.9541972, 0.0 ], [ 19.0266084, 72.9540474, 0.0 ], [ 19.0265592, 72.9540043, 0.0 ], [ 19.0261964, 72.9536868, 0.0 ], [ 19.0255813, 72.9531485, 0.0 ], [ 19.0254631, 72.953027, 0.0 ], [ 19.0248982, 72.9524468, 0.0 ], [ 19.0242362, 72.9517667, 0.0 ], [ 19.0240612, 72.9515869, 0.0 ], [ 19.0239165, 72.9514383, 0.0 ], [ 19.0238715, 72.9513921, 0.0 ], [ 19.023626, 72.9511399, 0.0 ], [ 19.0236191, 72.9511328, 0.0 ], [ 19.0236116, 72.9511252, 0.0 ], [ 19.0235809, 72.9510852, 0.0 ], [ 19.0235643, 72.9510636, 0.0 ], [ 19.0231987, 72.9505873, 0.0 ], [ 19.0230903, 72.9504462, 0.0 ], [ 19.0226703, 72.9498992, 0.0 ], [ 19.0226225, 72.9498369, 0.0 ], [ 19.0222981, 72.9494145, 0.0 ], [ 19.0222521, 72.9493545, 0.0 ], [ 19.0220899, 72.9491434, 0.0 ], [ 19.0217658, 72.9487212, 0.0 ], [ 19.0217175, 72.9486583, 0.0 ], [ 19.0215969, 72.9485012, 0.0 ], [ 19.0213437, 72.9481509, 0.0 ], [ 19.0212211, 72.9479813, 0.0 ], [ 19.020862, 72.9474844, 0.0 ], [ 19.0207586, 72.9473412, 0.0 ], [ 19.0203969, 72.9468407, 0.0 ], [ 19.0203058, 72.9467147, 0.0 ], [ 19.019997, 72.9462875, 0.0 ], [ 19.0199629, 72.9462402, 0.0 ], [ 19.0196027, 72.9457419, 0.0 ], [ 19.0189203, 72.9446924, 0.0 ], [ 19.0187445, 72.944422, 0.0 ], [ 19.0182822, 72.9437003, 0.0 ], [ 19.0180937, 72.943406, 0.0 ], [ 19.01754, 72.9425078, 0.0 ], [ 19.0173572, 72.9422422, 0.0 ], [ 19.0172961, 72.9421536, 0.0 ], [ 19.0171056, 72.9418769, 0.0 ], [ 19.0164327, 72.9408996, 0.0 ], [ 19.0152623, 72.9392, 0.0 ], [ 19.0128463, 72.9356914, 0.0 ], [ 19.0124612, 72.9351322, 0.0 ], [ 19.0092156, 72.9307438, 0.0 ], [ 19.0091438, 72.9306393, 0.0 ], [ 19.0078734, 72.928789, 0.0 ], [ 19.007055, 72.9275972, 0.0 ], [ 19.0055841, 72.9254552, 0.0 ], [ 19.0041643, 72.9240905, 0.0 ], [ 19.0037019, 72.9234211, 0.0 ], [ 19.0035964, 72.9230752, 0.0 ], [ 19.0034743, 72.9226748, 0.0 ], [ 19.0032686, 72.9218188, 0.0 ], [ 19.0026973, 72.9211224, 0.0 ], [ 19.0016536, 72.9204103, 0.0 ], [ 19.0004492, 72.9192917, 0.0 ], [ 18.9994567, 72.9174412, 0.0 ], [ 18.9992654, 72.9168498, 0.0 ], [ 18.9992454, 72.9167881, 0.0 ], [ 18.9989462, 72.9158632, 0.0 ], [ 18.998669, 72.9146477, 0.0 ], [ 18.9986312, 72.9144821, 0.0 ], [ 18.9983869, 72.9137765, 0.0 ], [ 18.9982369, 72.9137156, 0.0 ], [ 18.9973978, 72.9129533, 0.0 ], [ 18.9969326, 72.9123368, 0.0 ], [ 18.9966689, 72.9118082, 0.0 ], [ 18.9962354, 72.9106193, 0.0 ], [ 18.9960779, 72.9101998, 0.0 ], [ 18.9959979, 72.9098796, 0.0 ], [ 18.9959437, 72.9093083, 0.0 ], [ 18.9958908, 72.9080043, 0.0 ], [ 18.9957691, 72.9073735, 0.0 ], [ 18.9955138, 72.9067445, 0.0 ], [ 18.9951334, 72.9060367, 0.0 ], [ 18.9946279, 72.9052301, 0.0 ], [ 18.9940965, 72.9046747, 0.0 ], [ 18.9940089, 72.9045253, 0.0 ], [ 18.9939889, 72.9044453, 0.0 ], [ 18.9944549, 72.9042995, 0.0 ], [ 18.9946054, 72.904258, 0.0 ], [ 18.9947752, 72.9042558, 0.0 ], [ 18.9971141, 72.9042989, 0.0 ], [ 18.9971142, 72.9042996, 0.0 ], [ 18.9973348, 72.9043148, 0.0 ], [ 18.9982254, 72.9043763, 0.0 ], [ 18.9985198, 72.9043966, 0.0 ], [ 18.9988077, 72.9044164, 0.0 ], [ 18.9989378, 72.9044238, 0.0 ], [ 18.9992533, 72.9044418, 0.0 ], [ 18.9996764, 72.9044282, 0.0 ], [ 19.0005547, 72.9043999, 0.0 ], [ 19.0014155, 72.9043722, 0.0 ], [ 19.0019586, 72.9043548, 0.0 ], [ 19.0027108, 72.9043305, 0.0 ], [ 19.0029681, 72.9043222, 0.0 ], [ 19.0030898, 72.9047596, 0.0 ], [ 19.0031013, 72.9047987, 0.0 ], [ 19.0031314, 72.9049106, 0.0 ], [ 19.0044181, 72.9050749, 0.0 ], [ 19.0058503, 72.9052776, 0.0 ], [ 19.0067246, 72.9053956, 0.0 ], [ 19.0067702, 72.9053863, 0.0 ], [ 19.0068074, 72.905364, 0.0 ], [ 19.0068383, 72.9053417, 0.0 ], [ 19.0068751, 72.905291, 0.0 ], [ 19.0069115, 72.9052031, 0.0 ], [ 19.0072389, 72.9038334, 0.0 ], [ 19.0077155, 72.901874, 0.0 ], [ 19.0079061, 72.9010893, 0.0 ], [ 19.0079202, 72.9010455, 0.0 ], [ 19.0079406, 72.9010146, 0.0 ], [ 19.0079631, 72.9009816, 0.0 ], [ 19.0084922, 72.9003587, 0.0 ], [ 19.0087893, 72.8999835, 0.0 ], [ 19.0088138, 72.8999373, 0.0 ], [ 19.0088482, 72.8998561, 0.0 ], [ 19.0090669, 72.8989837, 0.0 ], [ 19.0090891, 72.8989244, 0.0 ], [ 19.0093342, 72.8984677, 0.0 ], [ 19.0095556, 72.8984501, 0.0 ], [ 19.010509, 72.8984, 0.0 ], [ 19.0107804, 72.8983857, 0.0 ], [ 19.0108809, 72.898389, 0.0 ], [ 19.0110062, 72.8983842, 0.0 ], [ 19.0111012, 72.8983789, 0.0 ], [ 19.0113131, 72.8983689, 0.0 ], [ 19.0120631, 72.8983411, 0.0 ], [ 19.0121167, 72.8983302, 0.0 ], [ 19.0125177, 72.8983078, 0.0 ], [ 19.0136287, 72.8982456, 0.0 ], [ 19.0143969, 72.898211, 0.0 ], [ 19.014798, 72.898193, 0.0 ], [ 19.0153441, 72.8981693, 0.0 ], [ 19.0157295, 72.8981521, 0.0 ], [ 19.0158588, 72.8981463, 0.0 ], [ 19.0168252, 72.8981093, 0.0 ], [ 19.0172936, 72.8981053, 0.0 ], [ 19.0174309, 72.8981041, 0.0 ], [ 19.0181944, 72.8980784, 0.0 ], [ 19.018629, 72.8980626, 0.0 ], [ 19.0186884, 72.8980352, 0.0 ], [ 19.0190844, 72.8980381, 0.0 ], [ 19.0191385, 72.8980383, 0.0 ], [ 19.0198026, 72.8979895, 0.0 ], [ 19.0198765, 72.8979711, 0.0 ], [ 19.0202176, 72.8979587, 0.0 ], [ 19.0205402, 72.8979469, 0.0 ], [ 19.0206212, 72.897944, 0.0 ], [ 19.0209044, 72.8979335, 0.0 ], [ 19.0209073, 72.8979334, 0.0 ], [ 19.02128, 72.8979147, 0.0 ], [ 19.0213305, 72.8979122, 0.0 ], [ 19.0214646, 72.8979099, 0.0 ], [ 19.0217643, 72.8979002, 0.0 ], [ 19.0217948, 72.8978992, 0.0 ], [ 19.0221342, 72.8978872, 0.0 ], [ 19.02265, 72.8978669, 0.0 ], [ 19.0227302, 72.8978638, 0.0 ], [ 19.0231231, 72.8978487, 0.0 ], [ 19.0232402, 72.8978442, 0.0 ], [ 19.0234452, 72.897833, 0.0 ], [ 19.0234616, 72.8978322, 0.0 ], [ 19.0237065, 72.8978209, 0.0 ], [ 19.0238368, 72.8978148, 0.0 ], [ 19.0238622, 72.8978136, 0.0 ], [ 19.0243851, 72.8977894, 0.0 ], [ 19.0248287, 72.8977688, 0.0 ], [ 19.0253341, 72.8977453, 0.0 ], [ 19.0254365, 72.8977406, 0.0 ], [ 19.025622, 72.8977392, 0.0 ], [ 19.0256453, 72.8977371, 0.0 ], [ 19.0258218, 72.897737, 0.0 ], [ 19.0259922, 72.8977441, 0.0 ], [ 19.0262323, 72.8977474, 0.0 ], [ 19.0263334, 72.8977423, 0.0 ], [ 19.0265697, 72.8977304, 0.0 ], [ 19.026594, 72.8977294, 0.0 ], [ 19.0267986, 72.8977202, 0.0 ], [ 19.0270121, 72.8977106, 0.0 ], [ 19.0271081, 72.8977036, 0.0 ], [ 19.0272522, 72.8976964, 0.0 ], [ 19.0273311, 72.8976914, 0.0 ], [ 19.02746, 72.8976831, 0.0 ], [ 19.0274652, 72.8976826, 0.0 ], [ 19.0274917, 72.8976794, 0.0 ], [ 19.0277511, 72.8976264, 0.0 ], [ 19.027802, 72.897616, 0.0 ], [ 19.0278186, 72.8976137, 0.0 ], [ 19.0278561, 72.8976115, 0.0 ], [ 19.0278715, 72.8976099, 0.0 ], [ 19.0279114, 72.8976067, 0.0 ], [ 19.0279385, 72.8976056, 0.0 ], [ 19.0279885, 72.8975849, 0.0 ], [ 19.0280578, 72.8975607, 0.0 ], [ 19.0282052, 72.8975092, 0.0 ], [ 19.0284252, 72.8974302, 0.0 ], [ 19.0284741, 72.8974126, 0.0 ], [ 19.0286832, 72.8973477, 0.0 ], [ 19.029038, 72.8971561, 0.0 ], [ 19.0293957, 72.8969613, 0.0 ], [ 19.0294877, 72.8969175, 0.0 ], [ 19.0297842, 72.8969265, 0.0 ], [ 19.0298441, 72.8969232, 0.0 ], [ 19.0299036, 72.8969204, 0.0 ], [ 19.0300041, 72.8969167, 0.0 ], [ 19.0300889, 72.8969126, 0.0 ], [ 19.0301409, 72.896909, 0.0 ], [ 19.0302136, 72.8969039, 0.0 ], [ 19.0302963, 72.8968982, 0.0 ], [ 19.0303877, 72.8968919, 0.0 ], [ 19.0304973, 72.8968843, 0.0 ], [ 19.0306958, 72.8968705, 0.0 ], [ 19.031162, 72.8968403, 0.0 ], [ 19.0312048, 72.8968341, 0.0 ], [ 19.0312502, 72.8968222, 0.0 ], [ 19.0314466, 72.8967676, 0.0 ], [ 19.03148, 72.8967517, 0.0 ], [ 19.0315452, 72.8967156, 0.0 ], [ 19.0316185, 72.8966752, 0.0 ], [ 19.0317052, 72.8966375, 0.0 ], [ 19.0317919, 72.8965998, 0.0 ], [ 19.0318306, 72.896588, 0.0 ], [ 19.0319549, 72.8965583, 0.0 ], [ 19.0323016, 72.8965158, 0.0 ], [ 19.0323819, 72.8965036, 0.0 ], [ 19.0324541, 72.8964857, 0.0 ], [ 19.0326598, 72.8964254, 0.0 ], [ 19.0336928, 72.8960403, 0.0 ], [ 19.0343362, 72.8958052, 0.0 ], [ 19.0350425, 72.8955624, 0.0 ], [ 19.0359141, 72.8952469, 0.0 ], [ 19.0360344, 72.8952073, 0.0 ], [ 19.0361211, 72.8951806, 0.0 ], [ 19.0362296, 72.8951478, 0.0 ], [ 19.036318, 72.8951254, 0.0 ], [ 19.036472, 72.8950914, 0.0 ], [ 19.036561, 72.8950756, 0.0 ], [ 19.0366505, 72.8950629, 0.0 ], [ 19.0367181, 72.8950536, 0.0 ], [ 19.0368295, 72.8950376, 0.0 ], [ 19.0369188, 72.8950232, 0.0 ], [ 19.0370083, 72.8950106, 0.0 ], [ 19.0370835, 72.8950003, 0.0 ], [ 19.037123, 72.894995, 0.0 ], [ 19.0372773, 72.8949767, 0.0 ], [ 19.0373938, 72.8949641, 0.0 ], [ 19.0375075, 72.8949521, 0.0 ], [ 19.0375954, 72.894943, 0.0 ], [ 19.0377267, 72.8949303, 0.0 ], [ 19.0378167, 72.8949223, 0.0 ], [ 19.0379066, 72.8949127, 0.0 ], [ 19.0379964, 72.8949026, 0.0 ], [ 19.0381134, 72.8948891, 0.0 ], [ 19.0381588, 72.8948837, 0.0 ], [ 19.0382775, 72.8948718, 0.0 ], [ 19.0384458, 72.8948566, 0.0 ], [ 19.0386258, 72.8948407, 0.0 ], [ 19.0388055, 72.8948219, 0.0 ], [ 19.0389058, 72.8948097, 0.0 ], [ 19.0390738, 72.8947823, 0.0 ], [ 19.0391067, 72.8947762, 0.0 ], [ 19.0391627, 72.894766, 0.0 ], [ 19.0392784, 72.8947374, 0.0 ], [ 19.0393699, 72.8947129, 0.0 ], [ 19.0396501, 72.8946318, 0.0 ], [ 19.0397216, 72.8946072, 0.0 ], [ 19.0398888, 72.8945339, 0.0 ], [ 19.0402541, 72.8943031, 0.0 ], [ 19.0404075, 72.8942049, 0.0 ], [ 19.0405589, 72.8941125, 0.0 ], [ 19.0409417, 72.8938865, 0.0 ], [ 19.0411623, 72.8942891, 0.0 ], [ 19.041179, 72.8943357, 0.0 ], [ 19.0411904, 72.8943867, 0.0 ], [ 19.0412506, 72.8946995, 0.0 ], [ 19.0413, 72.8950026, 0.0 ], [ 19.041314, 72.8950479, 0.0 ], [ 19.0413539, 72.8951127, 0.0 ], [ 19.0414196, 72.8951927, 0.0 ], [ 19.0414577, 72.8952263, 0.0 ], [ 19.0414903, 72.8952429, 0.0 ], [ 19.0415215, 72.8952581, 0.0 ], [ 19.0422102, 72.8952864, 0.0 ], [ 19.0426469, 72.8952845, 0.0 ], [ 19.0424413, 72.8955517, 0.0 ], [ 19.0424043, 72.8956189, 0.0 ], [ 19.04239, 72.8956744, 0.0 ], [ 19.0423556, 72.8958508, 0.0 ], [ 19.0423536, 72.8959119, 0.0 ], [ 19.0423585, 72.8959842, 0.0 ], [ 19.0423792, 72.8960208, 0.0 ], [ 19.0423984, 72.8960475, 0.0 ], [ 19.0424284, 72.8960784, 0.0 ], [ 19.042785, 72.8961468, 0.0 ], [ 19.0428574, 72.8961718, 0.0 ], [ 19.04305, 72.8962623, 0.0 ], [ 19.0432728, 72.8963606, 0.0 ], [ 19.0437215, 72.896504, 0.0 ], [ 19.0437922, 72.896564, 0.0 ], [ 19.0440573, 72.8972902, 0.0 ], [ 19.0444194, 72.8982521, 0.0 ], [ 19.0445283, 72.8985396, 0.0 ], [ 19.044584, 72.898671, 0.0 ], [ 19.0446594, 72.8987481, 0.0 ], [ 19.0447617, 72.8988094, 0.0 ], [ 19.0450298, 72.8989509, 0.0 ], [ 19.0450944, 72.8989553, 0.0 ], [ 19.0451237, 72.8989567, 0.0 ], [ 19.0452343, 72.8989498, 0.0 ], [ 19.0460867, 72.8988282, 0.0 ], [ 19.0460899, 72.8988542, 0.0 ], [ 19.0460955, 72.8989067, 0.0 ], [ 19.0461303, 72.8991788, 0.0 ], [ 19.0461472, 72.8993678, 0.0 ], [ 19.0461537, 72.8996524, 0.0 ], [ 19.0461533, 72.9001623, 0.0 ], [ 19.0461423, 72.9002371, 0.0 ], [ 19.0461179, 72.9004038, 0.0 ], [ 19.0460891, 72.9006005, 0.0 ], [ 19.0460842, 72.9006336, 0.0 ], [ 19.0460806, 72.9006635, 0.0 ], [ 19.0460715, 72.9007402, 0.0 ], [ 19.0460432, 72.900977, 0.0 ], [ 19.0460266, 72.9011164, 0.0 ], [ 19.045947, 72.9017837, 0.0 ], [ 19.0459284, 72.9019397, 0.0 ], [ 19.0458997, 72.9021822, 0.0 ], [ 19.0458527, 72.9027226, 0.0 ], [ 19.0458334, 72.9029517, 0.0 ], [ 19.0458257, 72.9030425, 0.0 ], [ 19.0457799, 72.9035864, 0.0 ], [ 19.0457699, 72.9037124, 0.0 ], [ 19.0458058, 72.9050825, 0.0 ], [ 19.0458053, 72.9054578, 0.0 ], [ 19.0458051, 72.9057233, 0.0 ], [ 19.0458049, 72.90606, 0.0 ], [ 19.0457956, 72.9066109, 0.0 ], [ 19.0457872, 72.9071094, 0.0 ], [ 19.0457726, 72.907589, 0.0 ], [ 19.0457656, 72.9078161, 0.0 ], [ 19.045755, 72.908164, 0.0 ], [ 19.0457468, 72.9084346, 0.0 ], [ 19.0457422, 72.9085831, 0.0 ], [ 19.0457354, 72.9087618, 0.0 ], [ 19.0457275, 72.908972, 0.0 ], [ 19.0457247, 72.9090443, 0.0 ], [ 19.045717, 72.9092471, 0.0 ], [ 19.0457135, 72.90934, 0.0 ], [ 19.0457562, 72.9093447, 0.0 ], [ 19.0458795, 72.9093746, 0.0 ], [ 19.0460748, 72.9094152, 0.0 ], [ 19.0461353, 72.9094278, 0.0 ], [ 19.0464248, 72.9094881, 0.0 ], [ 19.0465768, 72.9095138, 0.0 ], [ 19.0471902, 72.9096178, 0.0 ], [ 19.048976, 72.9101128, 0.0 ], [ 19.0490079, 72.9101197, 0.0 ], [ 19.0492693, 72.9101783, 0.0 ], [ 19.0493656, 72.9101992, 0.0 ], [ 19.049421, 72.9102111, 0.0 ], [ 19.0495732, 72.9102438, 0.0 ], [ 19.0498371, 72.9103004, 0.0 ], [ 19.0500372, 72.910344, 0.0 ], [ 19.0501282, 72.9103638, 0.0 ], [ 19.050709, 72.910495, 0.0 ], [ 19.0507907, 72.9105031, 0.0 ], [ 19.0509015, 72.9105138, 0.0 ], [ 19.05094, 72.910517, 0.0 ], [ 19.0511716, 72.9105364, 0.0 ], [ 19.053466, 72.9107997, 0.0 ], [ 19.0540237, 72.9108832, 0.0 ], [ 19.055172, 72.9110841, 0.0 ], [ 19.0552813, 72.911115, 0.0 ], [ 19.0553675, 72.911143, 0.0 ], [ 19.0554116, 72.9111612, 0.0 ], [ 19.0554412, 72.9111734, 0.0 ], [ 19.0555345, 72.9112153, 0.0 ], [ 19.0556146, 72.9112591, 0.0 ], [ 19.0556932, 72.9113057, 0.0 ], [ 19.0557431, 72.9113387, 0.0 ], [ 19.0558453, 72.9114081, 0.0 ], [ 19.0559023, 72.9114475, 0.0 ], [ 19.0559652, 72.9114913, 0.0 ], [ 19.0560458, 72.911548, 0.0 ], [ 19.0561054, 72.9115897, 0.0 ], [ 19.0561647, 72.9116311, 0.0 ], [ 19.0562633, 72.9116995, 0.0 ], [ 19.0563334, 72.9117483, 0.0 ], [ 19.0564473, 72.9118281, 0.0 ], [ 19.0565491, 72.9118974, 0.0 ], [ 19.0566748, 72.9119829, 0.0 ], [ 19.0568245, 72.9120893, 0.0 ], [ 19.056974, 72.9121958, 0.0 ], [ 19.0570833, 72.912273, 0.0 ], [ 19.0571993, 72.9123541, 0.0 ], [ 19.0572267, 72.9123733, 0.0 ], [ 19.0573661, 72.9121532, 0.0 ], [ 19.057603, 72.9117752, 0.0 ], [ 19.0576881, 72.9116379, 0.0 ], [ 19.0577848, 72.9114801, 0.0 ], [ 19.057865, 72.9113492, 0.0 ], [ 19.0579942, 72.9111383, 0.0 ], [ 19.0581097, 72.910928, 0.0 ], [ 19.0582351, 72.9106997, 0.0 ], [ 19.058429, 72.9103467, 0.0 ], [ 19.0586429, 72.9099573, 0.0 ], [ 19.0588363, 72.9096051, 0.0 ], [ 19.0590697, 72.9091594, 0.0 ], [ 19.059195, 72.9089001, 0.0 ], [ 19.0592492, 72.9087771, 0.0 ], [ 19.0593148, 72.9086282, 0.0 ], [ 19.0594371, 72.9083609, 0.0 ], [ 19.0595621, 72.9080908, 0.0 ], [ 19.0596777, 72.9078409, 0.0 ], [ 19.0597309, 72.9077258, 0.0 ], [ 19.0598045, 72.9078016, 0.0 ], [ 19.0599015, 72.9078965, 0.0 ], [ 19.0600156, 72.908, 0.0 ], [ 19.0601242, 72.9077722, 0.0 ], [ 19.0602064, 72.9076774, 0.0 ], [ 19.0602456, 72.9076322, 0.0 ], [ 19.0603009, 72.9075684, 0.0 ], [ 19.0604029, 72.9076594, 0.0 ], [ 19.0606727, 72.9079, 0.0 ], [ 19.0607486, 72.9079677, 0.0 ], [ 19.0608092, 72.9080217, 0.0 ], [ 19.0610232, 72.9082138, 0.0 ], [ 19.0610745, 72.9082599, 0.0 ], [ 19.0610785, 72.908264, 0.0 ], [ 19.0611479, 72.9083349, 0.0 ], [ 19.0611479, 72.9083349, 0.0 ], [ 19.0612603, 72.9084497, 0.0 ], [ 19.0612631, 72.9084522, 0.0 ], [ 19.0614299, 72.908599, 0.0 ], [ 19.0616517, 72.9087832, 0.0 ], [ 19.0617855, 72.9088944, 0.0 ], [ 19.0620723, 72.9091577, 0.0 ], [ 19.0623768, 72.9094283, 0.0 ], [ 19.0627643, 72.9097637, 0.0 ], [ 19.0627773, 72.9097749, 0.0 ], [ 19.0629144, 72.909892, 0.0 ], [ 19.06297, 72.9099417, 0.0 ], [ 19.0631658, 72.9101166, 0.0 ], [ 19.0632216, 72.9101686, 0.0 ], [ 19.0633276, 72.9102776, 0.0 ], [ 19.0634858, 72.9104402, 0.0 ], [ 19.0635153, 72.9104675, 0.0 ], [ 19.0638465, 72.9107736, 0.0 ], [ 19.0641126, 72.9110195, 0.0 ], [ 19.0645266, 72.911402, 0.0 ], [ 19.0645956, 72.9114658, 0.0 ], [ 19.0648131, 72.9116668, 0.0 ], [ 19.0649423, 72.9117862, 0.0 ], [ 19.0649469, 72.911773, 0.0 ], [ 19.0650188, 72.9115638, 0.0 ], [ 19.0650935, 72.9117246, 0.0 ], [ 19.0651001, 72.9117388, 0.0 ], [ 19.0651996, 72.911953, 0.0 ], [ 19.0652371, 72.9121249, 0.0 ], [ 19.0653052, 72.912437, 0.0 ], [ 19.0653114, 72.912536, 0.0 ], [ 19.0653197, 72.9126674, 0.0 ], [ 19.0653159, 72.9129706, 0.0 ], [ 19.0653226, 72.9130288, 0.0 ], [ 19.0653367, 72.9130905, 0.0 ], [ 19.0653999, 72.9132135, 0.0 ], [ 19.0655076, 72.9135683, 0.0 ], [ 19.0655874, 72.9138164, 0.0 ], [ 19.0657742, 72.9143224, 0.0 ], [ 19.065878, 72.9146125, 0.0 ], [ 19.0659022, 72.9146748, 0.0 ], [ 19.0659502, 72.9147921, 0.0 ], [ 19.066093, 72.9151848, 0.0 ], [ 19.0665437, 72.9164085, 0.0 ], [ 19.0666197, 72.9165823, 0.0 ], [ 19.0666738, 72.916706, 0.0 ], [ 19.0667589, 72.9169005, 0.0 ], [ 19.0667646, 72.9169135, 0.0 ], [ 19.0668552, 72.9171188, 0.0 ], [ 19.0669668, 72.9173689, 0.0 ], [ 19.0670247, 72.9175006, 0.0 ], [ 19.0670895, 72.917648, 0.0 ], [ 19.0671804, 72.91785, 0.0 ], [ 19.0672156, 72.9179355, 0.0 ], [ 19.067323, 72.9181771, 0.0 ], [ 19.0674776, 72.9184317, 0.0 ], [ 19.067926, 72.9191759, 0.0 ], [ 19.0682352, 72.9194149, 0.0 ], [ 19.0682473, 72.9194242, 0.0 ], [ 19.0685156, 72.9197061, 0.0 ], [ 19.0685445, 72.9197361, 0.0 ], [ 19.0685655, 72.9197579, 0.0 ], [ 19.0686111, 72.9197619, 0.0 ], [ 19.0687048, 72.919773, 0.0 ], [ 19.0687498, 72.9197761, 0.0 ], [ 19.0688093, 72.9197841, 0.0 ], [ 19.0689466, 72.9197974, 0.0 ], [ 19.0690396, 72.9198068, 0.0 ], [ 19.0691681, 72.91982, 0.0 ], [ 19.0694812, 72.9198519, 0.0 ], [ 19.0695925, 72.9199921, 0.0 ], [ 19.0698117, 72.9200414, 0.0 ], [ 19.0700897, 72.9201024, 0.0 ], [ 19.0704685, 72.9201872, 0.0 ], [ 19.0708017, 72.9202611, 0.0 ], [ 19.0708928, 72.9202813, 0.0 ], [ 19.0710322, 72.9203122, 0.0 ], [ 19.0711386, 72.9203397, 0.0 ], [ 19.0712809, 72.9203764, 0.0 ], [ 19.0715364, 72.9204423, 0.0 ], [ 19.0716561, 72.9204742, 0.0 ], [ 19.0717894, 72.9205096, 0.0 ], [ 19.0718605, 72.9205286, 0.0 ], [ 19.0722084, 72.9206186, 0.0 ], [ 19.072391, 72.9206681, 0.0 ], [ 19.0724425, 72.9206791, 0.0 ], [ 19.0727386, 72.9207535, 0.0 ], [ 19.0728267, 72.9207756, 0.0 ], [ 19.0730149, 72.9208228, 0.0 ], [ 19.0733561, 72.9209074, 0.0 ], [ 19.0736424, 72.9209746, 0.0 ], [ 19.0736934, 72.9209866, 0.0 ], [ 19.073773, 72.9210056, 0.0 ], [ 19.074558, 72.921519, 0.0 ], [ 19.0750619, 72.9222169, 0.0 ], [ 19.0754937, 72.9231244, 0.0 ], [ 19.0758804, 72.9244367, 0.0 ], [ 19.076006, 72.9256741, 0.0 ], [ 19.0759725, 72.9271091, 0.0 ], [ 19.0758225, 72.9281021, 0.0 ], [ 19.0754871, 72.9291495, 0.0 ], [ 19.074975, 72.9299253, 0.0 ], [ 19.0745932, 72.9305926, 0.0 ], [ 19.0738486, 72.9316451, 0.0 ], [ 19.0733309, 72.932434, 0.0 ], [ 19.0726637, 72.9332378, 0.0 ], [ 19.0717619, 72.9341909, 0.0 ], [ 19.0711648, 72.9349125, 0.0 ], [ 19.0701115, 72.9357639, 0.0 ], [ 19.0691278, 72.9364701, 0.0 ], [ 19.0685156, 72.9368286, 0.0 ], [ 19.0667363, 72.9377378, 0.0 ] ] ] } },
{ "type": "Feature", "id": 6, "properties": { "Name": "\n    E\n   ", "tessellate": 1, "extrude": 0, "visibility": -1, "NAME2": "E\n", "OBJECTID": 7, "Shape__Area": 7172453.8511399999, "Shape__Length": 16306.6110025 }, "geometry": { "type": "Polygon", "coordinates": [ [ [ 18.9818342, 72.8467722, 0.0 ], [ 18.9814288, 72.8465784, 0.0 ], [ 18.9814012, 72.8466427, 0.0 ], [ 18.9814004, 72.8466446, 0.0 ], [ 18.9813704, 72.8467143, 0.0 ], [ 18.9808602, 72.8479025, 0.0 ], [ 18.9808544, 72.8479174, 0.0 ], [ 18.9807944, 72.8480727, 0.0 ], [ 18.9807436, 72.8481943, 0.0 ], [ 18.9807388, 72.8482059, 0.0 ], [ 18.9807305, 72.8482251, 0.0 ], [ 18.9806551, 72.848408, 0.0 ], [ 18.9805715, 72.8486085, 0.0 ], [ 18.9804725, 72.848841, 0.0 ], [ 18.9804592, 72.8488724, 0.0 ], [ 18.9804409, 72.8489156, 0.0 ], [ 18.9804074, 72.8489944, 0.0 ], [ 18.9803946, 72.8490245, 0.0 ], [ 18.9803715, 72.8490853, 0.0 ], [ 18.9802598, 72.8493631, 0.0 ], [ 18.9801856, 72.8495326, 0.0 ], [ 18.9801314, 72.849677, 0.0 ], [ 18.9800999, 72.8497589, 0.0 ], [ 18.9800882, 72.8498007, 0.0 ], [ 18.980053, 72.8499181, 0.0 ], [ 18.9800156, 72.8500253, 0.0 ], [ 18.9799842, 72.8501152, 0.0 ], [ 18.979977, 72.8501427, 0.0 ], [ 18.9799695, 72.8501748, 0.0 ], [ 18.9799689, 72.8501784, 0.0 ], [ 18.9799588, 72.8502394, 0.0 ], [ 18.9799529, 72.850249, 0.0 ], [ 18.9799521, 72.8502489, 0.0 ], [ 18.9794099, 72.8501393, 0.0 ], [ 18.9794073, 72.8501107, 0.0 ], [ 18.9793989, 72.8501033, 0.0 ], [ 18.9793894, 72.8500981, 0.0 ], [ 18.9791902, 72.8500594, 0.0 ], [ 18.9791846, 72.8500936, 0.0 ], [ 18.9791845, 72.8500942, 0.0 ], [ 18.9791736, 72.8500918, 0.0 ], [ 18.9791443, 72.8500855, 0.0 ], [ 18.9789563, 72.8500492, 0.0 ], [ 18.9789563, 72.8500494, 0.0 ], [ 18.9788887, 72.8503771, 0.0 ], [ 18.9788648, 72.8504964, 0.0 ], [ 18.9788149, 72.8507445, 0.0 ], [ 18.9787202, 72.8512089, 0.0 ], [ 18.9786251, 72.8516781, 0.0 ], [ 18.9785706, 72.8519533, 0.0 ], [ 18.9783404, 72.8532053, 0.0 ], [ 18.9783386, 72.8532142, 0.0 ], [ 18.9782358, 72.8537486, 0.0 ], [ 18.9780062, 72.854941, 0.0 ], [ 18.9779675, 72.8551188, 0.0 ], [ 18.9779262, 72.8553107, 0.0 ], [ 18.9779149, 72.8553604, 0.0 ], [ 18.97788, 72.8555162, 0.0 ], [ 18.9778592, 72.8556096, 0.0 ], [ 18.9778549, 72.8556272, 0.0 ], [ 18.9778498, 72.855637, 0.0 ], [ 18.9778428, 72.8556461, 0.0 ], [ 18.9778354, 72.855654, 0.0 ], [ 18.9778218, 72.8556621, 0.0 ], [ 18.9778127, 72.8556645, 0.0 ], [ 18.9778126, 72.8556645, 0.0 ], [ 18.977804, 72.8556654, 0.0 ], [ 18.9777915, 72.8556634, 0.0 ], [ 18.9777402, 72.855651, 0.0 ], [ 18.9776252, 72.8556267, 0.0 ], [ 18.9775004, 72.8555977, 0.0 ], [ 18.9774011, 72.8555746, 0.0 ], [ 18.9772488, 72.8555383, 0.0 ], [ 18.977105, 72.8555046, 0.0 ], [ 18.9769915, 72.8554784, 0.0 ], [ 18.9768739, 72.8554502, 0.0 ], [ 18.9767746, 72.8554258, 0.0 ], [ 18.9767134, 72.8554104, 0.0 ], [ 18.9767041, 72.8554053, 0.0 ], [ 18.9766888, 72.8553917, 0.0 ], [ 18.976682, 72.8553815, 0.0 ], [ 18.9766775, 72.8553709, 0.0 ], [ 18.9766749, 72.8553565, 0.0 ], [ 18.9766748, 72.8553443, 0.0 ], [ 18.9766766, 72.855329, 0.0 ], [ 18.9766843, 72.8552871, 0.0 ], [ 18.9767068, 72.855185, 0.0 ], [ 18.9767369, 72.8550421, 0.0 ], [ 18.9767861, 72.854813, 0.0 ], [ 18.9768236, 72.8546406, 0.0 ], [ 18.9768766, 72.8543941, 0.0 ], [ 18.9768773, 72.8543855, 0.0 ], [ 18.9769264, 72.8541547, 0.0 ], [ 18.9769566, 72.8540001, 0.0 ], [ 18.9769822, 72.8538812, 0.0 ], [ 18.9770095, 72.8537541, 0.0 ], [ 18.9770392, 72.853614, 0.0 ], [ 18.9770764, 72.8534369, 0.0 ], [ 18.9771095, 72.8532799, 0.0 ], [ 18.9771278, 72.8531929, 0.0 ], [ 18.977155, 72.853068, 0.0 ], [ 18.9771554, 72.853066, 0.0 ], [ 18.9771663, 72.8530096, 0.0 ], [ 18.9771698, 72.8529936, 0.0 ], [ 18.9771793, 72.8529492, 0.0 ], [ 18.9771986, 72.8528578, 0.0 ], [ 18.9772433, 72.8526325, 0.0 ], [ 18.9772744, 72.8524807, 0.0 ], [ 18.9773062, 72.8523262, 0.0 ], [ 18.9773172, 72.8522731, 0.0 ], [ 18.9773461, 72.8521297, 0.0 ], [ 18.9773683, 72.852025, 0.0 ], [ 18.9773763, 72.8519822, 0.0 ], [ 18.9773825, 72.8519536, 0.0 ], [ 18.9774035, 72.8518316, 0.0 ], [ 18.977422, 72.851744, 0.0 ], [ 18.977447, 72.8516245, 0.0 ], [ 18.9774798, 72.8514591, 0.0 ], [ 18.9775174, 72.8512907, 0.0 ], [ 18.9775503, 72.8511314, 0.0 ], [ 18.9775805, 72.8509856, 0.0 ], [ 18.9776186, 72.8508041, 0.0 ], [ 18.9776191, 72.8508017, 0.0 ], [ 18.9776531, 72.8506455, 0.0 ], [ 18.9776849, 72.8504929, 0.0 ], [ 18.9777263, 72.8502949, 0.0 ], [ 18.9777518, 72.8501706, 0.0 ], [ 18.9777947, 72.849971, 0.0 ], [ 18.9778219, 72.8498376, 0.0 ], [ 18.9777692, 72.8498139, 0.0 ], [ 18.97764, 72.849757, 0.0 ], [ 18.9775587, 72.8497218, 0.0 ], [ 18.9775666, 72.8496923, 0.0 ], [ 18.9775454, 72.849556, 0.0 ], [ 18.9775244, 72.8495507, 0.0 ], [ 18.9774258, 72.8495279, 0.0 ], [ 18.9773654, 72.8495148, 0.0 ], [ 18.9772753, 72.8494933, 0.0 ], [ 18.9771861, 72.8494723, 0.0 ], [ 18.9771074, 72.8494522, 0.0 ], [ 18.9770334, 72.8494347, 0.0 ], [ 18.9769712, 72.8494202, 0.0 ], [ 18.9769319, 72.8494126, 0.0 ], [ 18.9769063, 72.8494079, 0.0 ], [ 18.9768789, 72.8494069, 0.0 ], [ 18.9768068, 72.8494048, 0.0 ], [ 18.9768068, 72.8494048, 0.0 ], [ 18.9767453, 72.8494027, 0.0 ], [ 18.9767452, 72.8494027, 0.0 ], [ 18.9766745, 72.8494006, 0.0 ], [ 18.9766744, 72.8494006, 0.0 ], [ 18.9766267, 72.8493992, 0.0 ], [ 18.9766266, 72.8493992, 0.0 ], [ 18.9765867, 72.8493987, 0.0 ], [ 18.9765866, 72.8493987, 0.0 ], [ 18.9765842, 72.8493988, 0.0 ], [ 18.9765841, 72.8493988, 0.0 ], [ 18.9765646, 72.8494002, 0.0 ], [ 18.976528, 72.8494137, 0.0 ], [ 18.9765119, 72.8494243, 0.0 ], [ 18.9765006, 72.8494337, 0.0 ], [ 18.9764828, 72.8494534, 0.0 ], [ 18.9764743, 72.8494679, 0.0 ], [ 18.9764657, 72.8494851, 0.0 ], [ 18.9764602, 72.8495008, 0.0 ], [ 18.9764453, 72.8495713, 0.0 ], [ 18.9764223, 72.8496851, 0.0 ], [ 18.9764024, 72.8497855, 0.0 ], [ 18.9763769, 72.8499079, 0.0 ], [ 18.9763523, 72.8500294, 0.0 ], [ 18.9763258, 72.8501581, 0.0 ], [ 18.9762978, 72.8502943, 0.0 ], [ 18.9762674, 72.8504296, 0.0 ], [ 18.9762492, 72.8505213, 0.0 ], [ 18.9762246, 72.8506461, 0.0 ], [ 18.9762078, 72.8507301, 0.0 ], [ 18.9761768, 72.8508806, 0.0 ], [ 18.9761517, 72.8510034, 0.0 ], [ 18.9761333, 72.8510967, 0.0 ], [ 18.9761197, 72.8511691, 0.0 ], [ 18.9761175, 72.8511799, 0.0 ], [ 18.9761159, 72.8511897, 0.0 ], [ 18.9761155, 72.851196, 0.0 ], [ 18.9761163, 72.8512022, 0.0 ], [ 18.976118, 72.8512077, 0.0 ], [ 18.976122, 72.8512121, 0.0 ], [ 18.9761266, 72.8512145, 0.0 ], [ 18.9761341, 72.8512163, 0.0 ], [ 18.976148, 72.8512191, 0.0 ], [ 18.9762425, 72.85124, 0.0 ], [ 18.9762905, 72.8512501, 0.0 ], [ 18.9763349, 72.851259, 0.0 ], [ 18.9763743, 72.8512678, 0.0 ], [ 18.9764239, 72.8512788, 0.0 ], [ 18.9764676, 72.8512886, 0.0 ], [ 18.9764948, 72.8512943, 0.0 ], [ 18.9765202, 72.8512995, 0.0 ], [ 18.9765371, 72.8513028, 0.0 ], [ 18.9765538, 72.8513073, 0.0 ], [ 18.976565, 72.8513107, 0.0 ], [ 18.9765692, 72.8513124, 0.0 ], [ 18.9765735, 72.8513149, 0.0 ], [ 18.9765756, 72.8513189, 0.0 ], [ 18.9765763, 72.8513267, 0.0 ], [ 18.9765761, 72.8513356, 0.0 ], [ 18.9765632, 72.8514061, 0.0 ], [ 18.9765535, 72.851459, 0.0 ], [ 18.9765525, 72.8514634, 0.0 ], [ 18.9765649, 72.851466, 0.0 ], [ 18.9765508, 72.8515326, 0.0 ], [ 18.9765391, 72.8515881, 0.0 ], [ 18.9765164, 72.8517024, 0.0 ], [ 18.9764982, 72.8517905, 0.0 ], [ 18.9764836, 72.8518617, 0.0 ], [ 18.9764609, 72.8519678, 0.0 ], [ 18.9764455, 72.8520478, 0.0 ], [ 18.9764327, 72.8521119, 0.0 ], [ 18.9764157, 72.8521959, 0.0 ], [ 18.976402, 72.8522599, 0.0 ], [ 18.9763909, 72.8523134, 0.0 ], [ 18.9763728, 72.8524083, 0.0 ], [ 18.9763517, 72.8525158, 0.0 ], [ 18.9763379, 72.8525832, 0.0 ], [ 18.9763228, 72.8526588, 0.0 ], [ 18.9763094, 72.8527248, 0.0 ], [ 18.9762847, 72.852852, 0.0 ], [ 18.9762606, 72.8529751, 0.0 ], [ 18.9762418, 72.8530658, 0.0 ], [ 18.97622, 72.8531723, 0.0 ], [ 18.9762042, 72.8532503, 0.0 ], [ 18.9761915, 72.8533166, 0.0 ], [ 18.9761763, 72.853393, 0.0 ], [ 18.9761558, 72.8534952, 0.0 ], [ 18.9761296, 72.8536246, 0.0 ], [ 18.9761091, 72.8537289, 0.0 ], [ 18.9760516, 72.8539712, 0.0 ], [ 18.9760295, 72.8540739, 0.0 ], [ 18.9760131, 72.8541521, 0.0 ], [ 18.9760118, 72.8541614, 0.0 ], [ 18.9759907, 72.8542545, 0.0 ], [ 18.9759657, 72.8543733, 0.0 ], [ 18.9759406, 72.8545009, 0.0 ], [ 18.9759194, 72.8546062, 0.0 ], [ 18.9758959, 72.8547182, 0.0 ], [ 18.9758705, 72.8548332, 0.0 ], [ 18.9758454, 72.8549634, 0.0 ], [ 18.9758221, 72.8550754, 0.0 ], [ 18.9758057, 72.8551554, 0.0 ], [ 18.9757793, 72.8552772, 0.0 ], [ 18.9757538, 72.8554004, 0.0 ], [ 18.9757289, 72.8555221, 0.0 ], [ 18.9757129, 72.8556011, 0.0 ], [ 18.9756941, 72.8556977, 0.0 ], [ 18.9756869, 72.8557359, 0.0 ], [ 18.9756839, 72.8557563, 0.0 ], [ 18.97566, 72.8558649, 0.0 ], [ 18.9756664, 72.8558667, 0.0 ], [ 18.9756596, 72.8558997, 0.0 ], [ 18.9756595, 72.8558997, 0.0 ], [ 18.975378, 72.8559048, 0.0 ], [ 18.9752201, 72.8558141, 0.0 ], [ 18.975189, 72.8557964, 0.0 ], [ 18.9745722, 72.8554448, 0.0 ], [ 18.9745638, 72.8554384, 0.0 ], [ 18.9745587, 72.855433, 0.0 ], [ 18.9745554, 72.8554261, 0.0 ], [ 18.9745525, 72.8554197, 0.0 ], [ 18.974552, 72.8554069, 0.0 ], [ 18.974552, 72.8554068, 0.0 ], [ 18.9745519, 72.8554069, 0.0 ], [ 18.9745562, 72.8553915, 0.0 ], [ 18.9745928, 72.8552591, 0.0 ], [ 18.9745986, 72.8552611, 0.0 ], [ 18.9745987, 72.8552611, 0.0 ], [ 18.9746666, 72.8549309, 0.0 ], [ 18.9749224, 72.8537262, 0.0 ], [ 18.9749586, 72.8535534, 0.0 ], [ 18.9750399, 72.853193, 0.0 ], [ 18.9751799, 72.8525043, 0.0 ], [ 18.9752654, 72.8520669, 0.0 ], [ 18.975282, 72.8519822, 0.0 ], [ 18.9752951, 72.8519142, 0.0 ], [ 18.975383, 72.851458, 0.0 ], [ 18.9753962, 72.8513894, 0.0 ], [ 18.9754304, 72.8512124, 0.0 ], [ 18.9754312, 72.8512125, 0.0 ], [ 18.9754472, 72.8512162, 0.0 ], [ 18.9754472, 72.851216, 0.0 ], [ 18.9754947, 72.8510365, 0.0 ], [ 18.9752876, 72.8509856, 0.0 ], [ 18.9751766, 72.8509583, 0.0 ], [ 18.9750613, 72.8509299, 0.0 ], [ 18.9750195, 72.8509196, 0.0 ], [ 18.97501, 72.8509159, 0.0 ], [ 18.9750043, 72.8509083, 0.0 ], [ 18.9750029, 72.8509017, 0.0 ], [ 18.9750034, 72.8508928, 0.0 ], [ 18.9750071, 72.8508779, 0.0 ], [ 18.9750977, 72.8504588, 0.0 ], [ 18.9750872, 72.8504441, 0.0 ], [ 18.9750777, 72.8504291, 0.0 ], [ 18.9750713, 72.8504152, 0.0 ], [ 18.9750691, 72.8504069, 0.0 ], [ 18.9751367, 72.8501091, 0.0 ], [ 18.9751499, 72.8500572, 0.0 ], [ 18.9751884, 72.8498856, 0.0 ], [ 18.9751881, 72.8498855, 0.0 ], [ 18.9747171, 72.8497733, 0.0 ], [ 18.9747165, 72.8497721, 0.0 ], [ 18.9746543, 72.8500685, 0.0 ], [ 18.974622, 72.8502124, 0.0 ], [ 18.9746053, 72.8502965, 0.0 ], [ 18.9745464, 72.8505859, 0.0 ], [ 18.9744922, 72.8508387, 0.0 ], [ 18.9744589, 72.850998, 0.0 ], [ 18.9743893, 72.8513168, 0.0 ], [ 18.9743404, 72.8515699, 0.0 ], [ 18.9742897, 72.851808, 0.0 ], [ 18.9742631, 72.8519554, 0.0 ], [ 18.9741028, 72.8527413, 0.0 ], [ 18.9740665, 72.8529132, 0.0 ], [ 18.9740059, 72.8532138, 0.0 ], [ 18.9739482, 72.8534964, 0.0 ], [ 18.973833, 72.8540547, 0.0 ], [ 18.9738278, 72.8540801, 0.0 ], [ 18.9738085, 72.8541207, 0.0 ], [ 18.9737991, 72.8541252, 0.0 ], [ 18.9737907, 72.8541297, 0.0 ], [ 18.9737906, 72.8541297, 0.0 ], [ 18.9737835, 72.8541302, 0.0 ], [ 18.9737834, 72.8541302, 0.0 ], [ 18.9737737, 72.8541302, 0.0 ], [ 18.9737493, 72.8541245, 0.0 ], [ 18.9737052, 72.854113, 0.0 ], [ 18.9737051, 72.854113, 0.0 ], [ 18.9736832, 72.8541109, 0.0 ], [ 18.9736831, 72.8541109, 0.0 ], [ 18.973602, 72.8540982, 0.0 ], [ 18.9734172, 72.8540644, 0.0 ], [ 18.9733986, 72.85406, 0.0 ], [ 18.9733841, 72.8540542, 0.0 ], [ 18.9733665, 72.8540465, 0.0 ], [ 18.9733556, 72.8540388, 0.0 ], [ 18.9732845, 72.8540215, 0.0 ], [ 18.9732646, 72.8540814, 0.0 ], [ 18.9732623, 72.8540882, 0.0 ], [ 18.9730875, 72.854046, 0.0 ], [ 18.9730884, 72.8540408, 0.0 ], [ 18.9730999, 72.853978, 0.0 ], [ 18.9730332, 72.8539648, 0.0 ], [ 18.9727444, 72.8538941, 0.0 ], [ 18.9726858, 72.8538785, 0.0 ], [ 18.9726744, 72.8538753, 0.0 ], [ 18.9726612, 72.8538697, 0.0 ], [ 18.9726504, 72.8538603, 0.0 ], [ 18.9726431, 72.8538471, 0.0 ], [ 18.9726311, 72.8538351, 0.0 ], [ 18.9724357, 72.85379, 0.0 ], [ 18.9722735, 72.8537485, 0.0 ], [ 18.9721281, 72.8537143, 0.0 ], [ 18.9720871, 72.8537047, 0.0 ], [ 18.9720291, 72.8536801, 0.0 ], [ 18.9720526, 72.8535672, 0.0 ], [ 18.9721085, 72.8532979, 0.0 ], [ 18.9721128, 72.8532798, 0.0 ], [ 18.9721142, 72.8532787, 0.0 ], [ 18.9721176, 72.853276, 0.0 ], [ 18.9721228, 72.8532734, 0.0 ], [ 18.9721301, 72.8532737, 0.0 ], [ 18.9721977, 72.85329, 0.0 ], [ 18.9724698, 72.8533539, 0.0 ], [ 18.9724931, 72.8533574, 0.0 ], [ 18.9725026, 72.8533547, 0.0 ], [ 18.9725134, 72.8533466, 0.0 ], [ 18.972524, 72.8533366, 0.0 ], [ 18.9725305, 72.8533274, 0.0 ], [ 18.9725396, 72.8533119, 0.0 ], [ 18.9725412, 72.8533044, 0.0 ], [ 18.972799, 72.8521034, 0.0 ], [ 18.9728465, 72.8518807, 0.0 ], [ 18.9730645, 72.8508588, 0.0 ], [ 18.973069, 72.8508586, 0.0 ], [ 18.9730783, 72.8508025, 0.0 ], [ 18.9731163, 72.8506088, 0.0 ], [ 18.9731094, 72.8506033, 0.0 ], [ 18.9731746, 72.8503161, 0.0 ], [ 18.9732602, 72.8497184, 0.0 ], [ 18.973311, 72.8494843, 0.0 ], [ 18.9732975, 72.8494808, 0.0 ], [ 18.9733382, 72.8493107, 0.0 ], [ 18.9733581, 72.849235, 0.0 ], [ 18.9733652, 72.8492159, 0.0 ], [ 18.9733761, 72.8491968, 0.0 ], [ 18.9733891, 72.8491773, 0.0 ], [ 18.9734292, 72.8489837, 0.0 ], [ 18.9734321, 72.8489655, 0.0 ], [ 18.9734312, 72.8489514, 0.0 ], [ 18.9734282, 72.8489403, 0.0 ], [ 18.973424, 72.8489332, 0.0 ], [ 18.9734172, 72.8489266, 0.0 ], [ 18.9734084, 72.8489214, 0.0 ], [ 18.9733979, 72.8489165, 0.0 ], [ 18.9733831, 72.8489126, 0.0 ], [ 18.9733701, 72.8489104, 0.0 ], [ 18.9733629, 72.8489065, 0.0 ], [ 18.9733562, 72.8489012, 0.0 ], [ 18.9732738, 72.848883, 0.0 ], [ 18.9732535, 72.8489672, 0.0 ], [ 18.9731575, 72.848947, 0.0 ], [ 18.9731627, 72.8488533, 0.0 ], [ 18.9730089, 72.8488188, 0.0 ], [ 18.9727115, 72.8487513, 0.0 ], [ 18.9724829, 72.8496067, 0.0 ], [ 18.9724266, 72.8498393, 0.0 ], [ 18.9721915, 72.8497731, 0.0 ], [ 18.9723093, 72.8493338, 0.0 ], [ 18.9722308, 72.8493269, 0.0 ], [ 18.9722201, 72.8493486, 0.0 ], [ 18.97098, 72.84925, 0.0 ], [ 18.970961, 72.8494744, 0.0 ], [ 18.9707905, 72.8494518, 0.0 ], [ 18.9707942, 72.8493865, 0.0 ], [ 18.970796, 72.8493716, 0.0 ], [ 18.9707484, 72.8493704, 0.0 ], [ 18.970476, 72.8493484, 0.0 ], [ 18.9704898, 72.8491079, 0.0 ], [ 18.9704482, 72.8491038, 0.0 ], [ 18.9702721, 72.8490843, 0.0 ], [ 18.9702386, 72.8492907, 0.0 ], [ 18.9702253, 72.8493734, 0.0 ], [ 18.9701693, 72.8497208, 0.0 ], [ 18.970102, 72.85016, 0.0 ], [ 18.9700239, 72.8507573, 0.0 ], [ 18.9700225, 72.8507677, 0.0 ], [ 18.9699495, 72.8513073, 0.0 ], [ 18.9698744, 72.8518538, 0.0 ], [ 18.9698073, 72.8523461, 0.0 ], [ 18.9697196, 72.8530006, 0.0 ], [ 18.9692918, 72.8529791, 0.0 ], [ 18.9693109, 72.8526737, 0.0 ], [ 18.9693317, 72.8523472, 0.0 ], [ 18.9693566, 72.8519943, 0.0 ], [ 18.9693855, 72.8515251, 0.0 ], [ 18.9694109, 72.8511135, 0.0 ], [ 18.9694357, 72.8507227, 0.0 ], [ 18.9692899, 72.8507141, 0.0 ], [ 18.9692633, 72.8511378, 0.0 ], [ 18.9688933, 72.8511558, 0.0 ], [ 18.9688956, 72.8513528, 0.0 ], [ 18.9687596, 72.8513601, 0.0 ], [ 18.9687153, 72.8521531, 0.0 ], [ 18.9682295, 72.8521676, 0.0 ], [ 18.9681918, 72.8522999, 0.0 ], [ 18.9678077, 72.8522965, 0.0 ], [ 18.9678345, 72.851411, 0.0 ], [ 18.9676236, 72.851421, 0.0 ], [ 18.9675072, 72.8514284, 0.0 ], [ 18.9674242, 72.8514337, 0.0 ], [ 18.9672929, 72.8514421, 0.0 ], [ 18.9672833, 72.851235, 0.0 ], [ 18.9670187, 72.8511861, 0.0 ], [ 18.9671618, 72.8503823, 0.0 ], [ 18.9671617, 72.8503822, 0.0 ], [ 18.9670627, 72.8503869, 0.0 ], [ 18.9669693, 72.8503913, 0.0 ], [ 18.966817, 72.8503965, 0.0 ], [ 18.9666367, 72.8504035, 0.0 ], [ 18.9663406, 72.8504149, 0.0 ], [ 18.9663568, 72.8502726, 0.0 ], [ 18.9663593, 72.8502569, 0.0 ], [ 18.9662397, 72.8502568, 0.0 ], [ 18.9663367, 72.8498271, 0.0 ], [ 18.9660378, 72.8497787, 0.0 ], [ 18.9659865, 72.8500541, 0.0 ], [ 18.9659685, 72.8500492, 0.0 ], [ 18.9658729, 72.8500234, 0.0 ], [ 18.9652867, 72.8498653, 0.0 ], [ 18.9649984, 72.8497256, 0.0 ], [ 18.9649946, 72.8497293, 0.0 ], [ 18.9649794, 72.8497342, 0.0 ], [ 18.9649651, 72.8497325, 0.0 ], [ 18.9649471, 72.8497252, 0.0 ], [ 18.9649367, 72.8497159, 0.0 ], [ 18.9649339, 72.8497098, 0.0 ], [ 18.9649355, 72.8496952, 0.0 ], [ 18.9649354, 72.8496952, 0.0 ], [ 18.9639256, 72.8495078, 0.0 ], [ 18.9633954, 72.8493756, 0.0 ], [ 18.9635596, 72.8486215, 0.0 ], [ 18.9636185, 72.8483463, 0.0 ], [ 18.9637508, 72.8476716, 0.0 ], [ 18.9635273, 72.8476196, 0.0 ], [ 18.9634488, 72.8476053, 0.0 ], [ 18.9634787, 72.8474698, 0.0 ], [ 18.9636291, 72.8467499, 0.0 ], [ 18.9636491, 72.8466538, 0.0 ], [ 18.9636554, 72.846624, 0.0 ], [ 18.9636231, 72.8465571, 0.0 ], [ 18.9636157, 72.8465482, 0.0 ], [ 18.9635822, 72.8465019, 0.0 ], [ 18.9635617, 72.8464737, 0.0 ], [ 18.9635615, 72.8464735, 0.0 ], [ 18.9635569, 72.8464621, 0.0 ], [ 18.9635471, 72.8464377, 0.0 ], [ 18.9634372, 72.8459567, 0.0 ], [ 18.9634328, 72.8459384, 0.0 ], [ 18.9634286, 72.8459215, 0.0 ], [ 18.9634179, 72.8458774, 0.0 ], [ 18.96336, 72.8456393, 0.0 ], [ 18.9633555, 72.8456206, 0.0 ], [ 18.9633418, 72.8455645, 0.0 ], [ 18.9633106, 72.8454361, 0.0 ], [ 18.9632776, 72.8453006, 0.0 ], [ 18.9635106, 72.844967, 0.0 ], [ 18.9635843, 72.8448614, 0.0 ], [ 18.9634662, 72.8446829, 0.0 ], [ 18.9634208, 72.84461, 0.0 ], [ 18.9634234, 72.8445646, 0.0 ], [ 18.9634443, 72.8444182, 0.0 ], [ 18.9634564, 72.8443336, 0.0 ], [ 18.9634608, 72.8443027, 0.0 ], [ 18.9634632, 72.8442907, 0.0 ], [ 18.9634896, 72.8441568, 0.0 ], [ 18.9635172, 72.8441108, 0.0 ], [ 18.9635776, 72.8440545, 0.0 ], [ 18.9636075, 72.8439141, 0.0 ], [ 18.963697, 72.8434921, 0.0 ], [ 18.9637385, 72.8432961, 0.0 ], [ 18.9638433, 72.8427901, 0.0 ], [ 18.9638489, 72.842763, 0.0 ], [ 18.9638799, 72.8426132, 0.0 ], [ 18.9639021, 72.8425058, 0.0 ], [ 18.963917, 72.8424357, 0.0 ], [ 18.9639325, 72.8423868, 0.0 ], [ 18.9639432, 72.8423528, 0.0 ], [ 18.9639569, 72.8423078, 0.0 ], [ 18.9639974, 72.8421745, 0.0 ], [ 18.9640202, 72.8420306, 0.0 ], [ 18.9640406, 72.8419018, 0.0 ], [ 18.9640562, 72.841811, 0.0 ], [ 18.9640713, 72.8417225, 0.0 ], [ 18.9641061, 72.8414773, 0.0 ], [ 18.964161, 72.841121, 0.0 ], [ 18.9642689, 72.8404199, 0.0 ], [ 18.9642694, 72.8404161, 0.0 ], [ 18.9643802, 72.8398856, 0.0 ], [ 18.9644005, 72.8397883, 0.0 ], [ 18.9644471, 72.8395391, 0.0 ], [ 18.9644698, 72.8394414, 0.0 ], [ 18.9644985, 72.8393492, 0.0 ], [ 18.9645259, 72.8392773, 0.0 ], [ 18.9645412, 72.8392482, 0.0 ], [ 18.9645538, 72.8392291, 0.0 ], [ 18.964565, 72.8392163, 0.0 ], [ 18.9645792, 72.8392031, 0.0 ], [ 18.9645905, 72.8391922, 0.0 ], [ 18.9646075, 72.8391765, 0.0 ], [ 18.9646272, 72.8391612, 0.0 ], [ 18.9647686, 72.8390602, 0.0 ], [ 18.9648629, 72.8389923, 0.0 ], [ 18.9649749, 72.8389118, 0.0 ], [ 18.9651078, 72.8388161, 0.0 ], [ 18.9650279, 72.8387537, 0.0 ], [ 18.9649843, 72.8387196, 0.0 ], [ 18.964917, 72.838667, 0.0 ], [ 18.9647588, 72.8385432, 0.0 ], [ 18.9645737, 72.8383829, 0.0 ], [ 18.9645737, 72.8383829, 0.0 ], [ 18.9644668, 72.8382898, 0.0 ], [ 18.9644346, 72.8382625, 0.0 ], [ 18.9644346, 72.8382625, 0.0 ], [ 18.9644301, 72.8382587, 0.0 ], [ 18.9642706, 72.8381233, 0.0 ], [ 18.9642537, 72.838109, 0.0 ], [ 18.9642067, 72.838084, 0.0 ], [ 18.9640976, 72.8380258, 0.0 ], [ 18.9640105, 72.8379793, 0.0 ], [ 18.9635047, 72.8378069, 0.0 ], [ 18.9634752, 72.8377968, 0.0 ], [ 18.9633978, 72.8377698, 0.0 ], [ 18.963282, 72.8377296, 0.0 ], [ 18.963211, 72.8377049, 0.0 ], [ 18.9630752, 72.8376553, 0.0 ], [ 18.9628676, 72.8375729, 0.0 ], [ 18.9627563, 72.837525, 0.0 ], [ 18.9627069, 72.8374991, 0.0 ], [ 18.9626635, 72.8374683, 0.0 ], [ 18.9626451, 72.8374516, 0.0 ], [ 18.9626263, 72.8374298, 0.0 ], [ 18.9626089, 72.837404, 0.0 ], [ 18.9625936, 72.8373757, 0.0 ], [ 18.9625766, 72.8373367, 0.0 ], [ 18.9625709, 72.8373209, 0.0 ], [ 18.9625603, 72.8372754, 0.0 ], [ 18.9625554, 72.8372464, 0.0 ], [ 18.9625435, 72.8371542, 0.0 ], [ 18.962531, 72.8370441, 0.0 ], [ 18.9625145, 72.8368658, 0.0 ], [ 18.9625063, 72.8366682, 0.0 ], [ 18.9625036, 72.8365632, 0.0 ], [ 18.9625071, 72.8365329, 0.0 ], [ 18.9625144, 72.8364025, 0.0 ], [ 18.9625216, 72.8363055, 0.0 ], [ 18.9625307, 72.8362292, 0.0 ], [ 18.9625415, 72.836112, 0.0 ], [ 18.9625473, 72.8360473, 0.0 ], [ 18.9625503, 72.8360081, 0.0 ], [ 18.9625522, 72.8359843, 0.0 ], [ 18.9625537, 72.8359602, 0.0 ], [ 18.9625529, 72.8359187, 0.0 ], [ 18.962553, 72.8358348, 0.0 ], [ 18.9625543, 72.8357482, 0.0 ], [ 18.9625549, 72.8356794, 0.0 ], [ 18.9625541, 72.8355903, 0.0 ], [ 18.9625515, 72.8355429, 0.0 ], [ 18.9625443, 72.835452, 0.0 ], [ 18.9625336, 72.8353521, 0.0 ], [ 18.9625222, 72.8352616, 0.0 ], [ 18.962515, 72.8352157, 0.0 ], [ 18.9625023, 72.8351775, 0.0 ], [ 18.9624839, 72.8351241, 0.0 ], [ 18.9624679, 72.8350863, 0.0 ], [ 18.9624381, 72.8350233, 0.0 ], [ 18.9624061, 72.8349638, 0.0 ], [ 18.9623708, 72.8348961, 0.0 ], [ 18.9623604, 72.834876, 0.0 ], [ 18.962333, 72.8348335, 0.0 ], [ 18.9622847, 72.8347441, 0.0 ], [ 18.9622619, 72.8347057, 0.0 ], [ 18.9622194, 72.8346132, 0.0 ], [ 18.9621883, 72.8345373, 0.0 ], [ 18.9621599, 72.8344633, 0.0 ], [ 18.9621386, 72.8343979, 0.0 ], [ 18.9621327, 72.8343842, 0.0 ], [ 18.9621297, 72.8343664, 0.0 ], [ 18.962128, 72.8343525, 0.0 ], [ 18.9621253, 72.8341915, 0.0 ], [ 18.9621256, 72.8339342, 0.0 ], [ 18.9621259, 72.8336923, 0.0 ], [ 18.962121, 72.8334522, 0.0 ], [ 18.9621121, 72.8333033, 0.0 ], [ 18.9621002, 72.8331915, 0.0 ], [ 18.9620858, 72.8330691, 0.0 ], [ 18.9620743, 72.8329917, 0.0 ], [ 18.9620437, 72.8328362, 0.0 ], [ 18.9619978, 72.8326184, 0.0 ], [ 18.9619931, 72.8325889, 0.0 ], [ 18.9619479, 72.832402, 0.0 ], [ 18.961918, 72.8322862, 0.0 ], [ 18.9618951, 72.8321946, 0.0 ], [ 18.9618786, 72.8321148, 0.0 ], [ 18.9618729, 72.8319897, 0.0 ], [ 18.9618695, 72.8319509, 0.0 ], [ 18.9618669, 72.831826, 0.0 ], [ 18.9618623, 72.8317054, 0.0 ], [ 18.9618541, 72.8315317, 0.0 ], [ 18.9618538, 72.8315244, 0.0 ], [ 18.9618465, 72.8313332, 0.0 ], [ 18.9618449, 72.8312929, 0.0 ], [ 18.9618373, 72.8310971, 0.0 ], [ 18.9618293, 72.8309476, 0.0 ], [ 18.9618154, 72.8306529, 0.0 ], [ 18.9618148, 72.8306258, 0.0 ], [ 18.9618086, 72.8304851, 0.0 ], [ 18.9618008, 72.8303511, 0.0 ], [ 18.9617972, 72.8302899, 0.0 ], [ 18.9617937, 72.8302102, 0.0 ], [ 18.9617933, 72.8301996, 0.0 ], [ 18.9617889, 72.8301206, 0.0 ], [ 18.9617847, 72.8300438, 0.0 ], [ 18.9617828, 72.8299933, 0.0 ], [ 18.9617801, 72.8299154, 0.0 ], [ 18.9617732, 72.8298281, 0.0 ], [ 18.9617727, 72.8298218, 0.0 ], [ 18.9617634, 72.8296539, 0.0 ], [ 18.961762, 72.8296263, 0.0 ], [ 18.9617568, 72.8295284, 0.0 ], [ 18.9617488, 72.8293868, 0.0 ], [ 18.9617449, 72.829312, 0.0 ], [ 18.9617356, 72.8291089, 0.0 ], [ 18.9617276, 72.8289864, 0.0 ], [ 18.9617204, 72.8288207, 0.0 ], [ 18.9617115, 72.8284689, 0.0 ], [ 18.9616999, 72.8280109, 0.0 ], [ 18.9616965, 72.8279205, 0.0 ], [ 18.9616711, 72.8272461, 0.0 ], [ 18.9616717, 72.8272147, 0.0 ], [ 18.9616732, 72.8271251, 0.0 ], [ 18.9616738, 72.8270863, 0.0 ], [ 18.9616746, 72.8270395, 0.0 ], [ 18.9616824, 72.826578, 0.0 ], [ 18.9616877, 72.8262629, 0.0 ], [ 18.961688, 72.8262471, 0.0 ], [ 18.9617191, 72.8254887, 0.0 ], [ 18.96176, 72.824489, 0.0 ], [ 18.9619, 72.8244936, 0.0 ], [ 18.9619252, 72.8244945, 0.0 ], [ 18.9624132, 72.8245121, 0.0 ], [ 18.9624779, 72.8245153, 0.0 ], [ 18.9625971, 72.8245212, 0.0 ], [ 18.9626254, 72.8245227, 0.0 ], [ 18.9626389, 72.824525, 0.0 ], [ 18.9626748, 72.8245314, 0.0 ], [ 18.9627338, 72.8245418, 0.0 ], [ 18.9627342, 72.8245418, 0.0 ], [ 18.9628316, 72.824559, 0.0 ], [ 18.9629265, 72.8245757, 0.0 ], [ 18.9630049, 72.8245895, 0.0 ], [ 18.9630888, 72.8246043, 0.0 ], [ 18.9631845, 72.8246212, 0.0 ], [ 18.9632309, 72.824629, 0.0 ], [ 18.9636098, 72.8246925, 0.0 ], [ 18.96365, 72.8246962, 0.0 ], [ 18.9637468, 72.8247051, 0.0 ], [ 18.9637581, 72.8247048, 0.0 ], [ 18.963799, 72.8247037, 0.0 ], [ 18.9638591, 72.8247021, 0.0 ], [ 18.9638753, 72.8247043, 0.0 ], [ 18.9641882, 72.8247476, 0.0 ], [ 18.9642457, 72.8247555, 0.0 ], [ 18.9643753, 72.8247734, 0.0 ], [ 18.9644542, 72.8247989, 0.0 ], [ 18.9648424, 72.8248474, 0.0 ], [ 18.9650091, 72.8248682, 0.0 ], [ 18.9655051, 72.8249302, 0.0 ], [ 18.9658801, 72.8249771, 0.0 ], [ 18.9660069, 72.824993, 0.0 ], [ 18.9661294, 72.8250062, 0.0 ], [ 18.9663248, 72.8250273, 0.0 ], [ 18.9663802, 72.8250333, 0.0 ], [ 18.9666037, 72.8250575, 0.0 ], [ 18.9667737, 72.8250759, 0.0 ], [ 18.9669107, 72.8250961, 0.0 ], [ 18.9669838, 72.8251069, 0.0 ], [ 18.9671434, 72.8251304, 0.0 ], [ 18.9673009, 72.8251536, 0.0 ], [ 18.9677873, 72.8252122, 0.0 ], [ 18.9678061, 72.8252147, 0.0 ], [ 18.9678757, 72.825224, 0.0 ], [ 18.9678977, 72.8252214, 0.0 ], [ 18.9679047, 72.8252205, 0.0 ], [ 18.9679363, 72.8252033, 0.0 ], [ 18.9679595, 72.8251653, 0.0 ], [ 18.9680755, 72.824709, 0.0 ], [ 18.9686227, 72.8225809, 0.0 ], [ 18.9687, 72.8219102, 0.0 ], [ 18.9688744, 72.8201881, 0.0 ], [ 18.9689251, 72.8196873, 0.0 ], [ 18.9689447, 72.8194941, 0.0 ], [ 18.9689695, 72.8191817, 0.0 ], [ 18.968982, 72.8190242, 0.0 ], [ 18.9690012, 72.818781, 0.0 ], [ 18.9690056, 72.8187258, 0.0 ], [ 18.9690149, 72.8187295, 0.0 ], [ 18.9690271, 72.8187344, 0.0 ], [ 18.9690273, 72.8187345, 0.0 ], [ 18.9690551, 72.8187456, 0.0 ], [ 18.9690554, 72.8187457, 0.0 ], [ 18.9692356, 72.8188178, 0.0 ], [ 18.9692595, 72.8188283, 0.0 ], [ 18.9693155, 72.8188531, 0.0 ], [ 18.9693157, 72.8188531, 0.0 ], [ 18.9694534, 72.8189139, 0.0 ], [ 18.9694745, 72.8189233, 0.0 ], [ 18.9695977, 72.8189777, 0.0 ], [ 18.9698189, 72.819072, 0.0 ], [ 18.9698875, 72.8191043, 0.0 ], [ 18.970032, 72.8191679, 0.0 ], [ 18.970037, 72.8191701, 0.0 ], [ 18.9707342, 72.8194767, 0.0 ], [ 18.9708542, 72.8195311, 0.0 ], [ 18.9710421, 72.8196163, 0.0 ], [ 18.9715713, 72.8198522, 0.0 ], [ 18.9719627, 72.8200248, 0.0 ], [ 18.9722759, 72.820163, 0.0 ], [ 18.972361, 72.8202005, 0.0 ], [ 18.9724041, 72.8202195, 0.0 ], [ 18.9724455, 72.8202378, 0.0 ], [ 18.9727597, 72.8203764, 0.0 ], [ 18.9733734, 72.820647, 0.0 ], [ 18.9740031, 72.820922, 0.0 ], [ 18.9741019, 72.8209651, 0.0 ], [ 18.9744863, 72.821133, 0.0 ], [ 18.9745619, 72.821166, 0.0 ], [ 18.9746217, 72.8211921, 0.0 ], [ 18.9746524, 72.8212055, 0.0 ], [ 18.9746849, 72.8212197, 0.0 ], [ 18.9748949, 72.8213114, 0.0 ], [ 18.9750844, 72.8213941, 0.0 ], [ 18.9751116, 72.821406, 0.0 ], [ 18.9751338, 72.8214157, 0.0 ], [ 18.9752001, 72.8214446, 0.0 ], [ 18.975262, 72.8214717, 0.0 ], [ 18.9754262, 72.8215433, 0.0 ], [ 18.9759862, 72.8217878, 0.0 ], [ 18.9763471, 72.8219454, 0.0 ], [ 18.9767359, 72.8221182, 0.0 ], [ 18.9768278, 72.822159, 0.0 ], [ 18.9771861, 72.8223182, 0.0 ], [ 18.9771908, 72.8223063, 0.0 ], [ 18.9773077, 72.8223576, 0.0 ], [ 18.9774827, 72.8224344, 0.0 ], [ 18.9793598, 72.8232583, 0.0 ], [ 18.9793601, 72.8232585, 0.0 ], [ 18.9796698, 72.8233937, 0.0 ], [ 18.979748, 72.8234279, 0.0 ], [ 18.9797654, 72.8234355, 0.0 ], [ 18.979975, 72.8235271, 0.0 ], [ 18.9803315, 72.8236828, 0.0 ], [ 18.9803352, 72.8236839, 0.0 ], [ 18.980448, 72.8237146, 0.0 ], [ 18.9804892, 72.8237362, 0.0 ], [ 18.9805423, 72.8239669, 0.0 ], [ 18.9805643, 72.8240779, 0.0 ], [ 18.9806337, 72.8244278, 0.0 ], [ 18.9806841, 72.8246989, 0.0 ], [ 18.9808315, 72.8254743, 0.0 ], [ 18.9808845, 72.8257602, 0.0 ], [ 18.9809045, 72.8258481, 0.0 ], [ 18.9809576, 72.826118, 0.0 ], [ 18.980971, 72.8261845, 0.0 ], [ 18.9809712, 72.8261855, 0.0 ], [ 18.9809724, 72.8261917, 0.0 ], [ 18.9810054, 72.8263554, 0.0 ], [ 18.9810738, 72.8263519, 0.0 ], [ 18.9811434, 72.826361, 0.0 ], [ 18.9812066, 72.8263701, 0.0 ], [ 18.9812796, 72.8263957, 0.0 ], [ 18.9813242, 72.826435, 0.0 ], [ 18.9813849, 72.8264906, 0.0 ], [ 18.9814267, 72.8265598, 0.0 ], [ 18.9814623, 72.8266323, 0.0 ], [ 18.9814788, 72.8266885, 0.0 ], [ 18.9814827, 72.8267549, 0.0 ], [ 18.9814867, 72.8268278, 0.0 ], [ 18.981478, 72.8268877, 0.0 ], [ 18.9814567, 72.8269577, 0.0 ], [ 18.9814221, 72.8270551, 0.0 ], [ 18.9814711, 72.8270984, 0.0 ], [ 18.9818721, 72.8274526, 0.0 ], [ 18.9822536, 72.8277877, 0.0 ], [ 18.9829433, 72.8284042, 0.0 ], [ 18.9830828, 72.8285237, 0.0 ], [ 18.9834687, 72.8288782, 0.0 ], [ 18.9836469, 72.8290382, 0.0 ], [ 18.9840341, 72.829396, 0.0 ], [ 18.9842423, 72.8295803, 0.0 ], [ 18.9844358, 72.8297671, 0.0 ], [ 18.9846615, 72.8299812, 0.0 ], [ 18.9848462, 72.8301595, 0.0 ], [ 18.9853003, 72.8305938, 0.0 ], [ 18.9855008, 72.8307734, 0.0 ], [ 18.9859076, 72.8311594, 0.0 ], [ 18.9861121, 72.8313387, 0.0 ], [ 18.9861865, 72.8314049, 0.0 ], [ 18.9862673, 72.8314657, 0.0 ], [ 18.9864706, 72.8316309, 0.0 ], [ 18.9867025, 72.8318299, 0.0 ], [ 18.9869518, 72.8320645, 0.0 ], [ 18.9872332, 72.8323162, 0.0 ], [ 18.9873607, 72.8324292, 0.0 ], [ 18.9875848, 72.8326278, 0.0 ], [ 18.9876656, 72.8326994, 0.0 ], [ 18.9878245, 72.8328403, 0.0 ], [ 18.9878514, 72.8328641, 0.0 ], [ 18.9879659, 72.8329835, 0.0 ], [ 18.9881192, 72.8331216, 0.0 ], [ 18.9881218, 72.8331335, 0.0 ], [ 18.9881285, 72.8331705, 0.0 ], [ 18.9881721, 72.8334133, 0.0 ], [ 18.9881806, 72.8334607, 0.0 ], [ 18.9882691, 72.833973, 0.0 ], [ 18.9882887, 72.8340941, 0.0 ], [ 18.9883458, 72.834448, 0.0 ], [ 18.9884184, 72.8348208, 0.0 ], [ 18.9884299, 72.8348893, 0.0 ], [ 18.9884867, 72.835226, 0.0 ], [ 18.9884984, 72.8352935, 0.0 ], [ 18.9884981, 72.8356909, 0.0 ], [ 18.9884875, 72.8358027, 0.0 ], [ 18.9884598, 72.8362038, 0.0 ], [ 18.9884344, 72.8364987, 0.0 ], [ 18.9884112, 72.8367712, 0.0 ], [ 18.9883896, 72.8370554, 0.0 ], [ 18.9883591, 72.8376005, 0.0 ], [ 18.9883539, 72.8376902, 0.0 ], [ 18.9883412, 72.8379092, 0.0 ], [ 18.9883391, 72.8379454, 0.0 ], [ 18.988328, 72.8381368, 0.0 ], [ 18.988296, 72.8386293, 0.0 ], [ 18.9882686, 72.839067, 0.0 ], [ 18.9882466, 72.8394428, 0.0 ], [ 18.9882182, 72.8399038, 0.0 ], [ 18.9882028, 72.8401474, 0.0 ], [ 18.9881841, 72.8402951, 0.0 ], [ 18.9881488, 72.8407537, 0.0 ], [ 18.9881397, 72.8412417, 0.0 ], [ 18.9881382, 72.8413498, 0.0 ], [ 18.9881379, 72.8413526, 0.0 ], [ 18.9881369, 72.8413584, 0.0 ], [ 18.9881357, 72.8413634, 0.0 ], [ 18.9881351, 72.8413658, 0.0 ], [ 18.9881341, 72.841369, 0.0 ], [ 18.988133, 72.8413723, 0.0 ], [ 18.9881315, 72.8413761, 0.0 ], [ 18.9881304, 72.8413788, 0.0 ], [ 18.9881278, 72.8413842, 0.0 ], [ 18.9881259, 72.8413876, 0.0 ], [ 18.9881233, 72.841392, 0.0 ], [ 18.9881203, 72.8413965, 0.0 ], [ 18.9881164, 72.8414015, 0.0 ], [ 18.9881132, 72.8414052, 0.0 ], [ 18.9881112, 72.8414073, 0.0 ], [ 18.9881088, 72.8414097, 0.0 ], [ 18.988105, 72.8414131, 0.0 ], [ 18.9881016, 72.841416, 0.0 ], [ 18.9880973, 72.8414191, 0.0 ], [ 18.9880942, 72.8414211, 0.0 ], [ 18.9880891, 72.8414241, 0.0 ], [ 18.9880851, 72.8414261, 0.0 ], [ 18.988082, 72.8414275, 0.0 ], [ 18.9880805, 72.8414282, 0.0 ], [ 18.9880489, 72.8414347, 0.0 ], [ 18.9877992, 72.8414861, 0.0 ], [ 18.9877255, 72.841505, 0.0 ], [ 18.9876638, 72.8415206, 0.0 ], [ 18.987482, 72.8415189, 0.0 ], [ 18.9874029, 72.8415392, 0.0 ], [ 18.987384, 72.8415477, 0.0 ], [ 18.9867725, 72.8417084, 0.0 ], [ 18.9862171, 72.8418526, 0.0 ], [ 18.9855905, 72.8420153, 0.0 ], [ 18.9852806, 72.8420928, 0.0 ], [ 18.9851492, 72.8421341, 0.0 ], [ 18.9847918, 72.8422226, 0.0 ], [ 18.9847377, 72.8422365, 0.0 ], [ 18.9844731, 72.8423041, 0.0 ], [ 18.9841251, 72.8423859, 0.0 ], [ 18.9838064, 72.8424652, 0.0 ], [ 18.9834721, 72.8425513, 0.0 ], [ 18.9833195, 72.84259, 0.0 ], [ 18.9833162, 72.8425908, 0.0 ], [ 18.9832952, 72.8425961, 0.0 ], [ 18.9832549, 72.8426063, 0.0 ], [ 18.9832437, 72.8425907, 0.0 ], [ 18.9832252, 72.8425954, 0.0 ], [ 18.9831798, 72.8426068, 0.0 ], [ 18.9831622, 72.8427207, 0.0 ], [ 18.9831543, 72.8427721, 0.0 ], [ 18.9831437, 72.8428404, 0.0 ], [ 18.9831412, 72.842857, 0.0 ], [ 18.9831394, 72.8428687, 0.0 ], [ 18.983105, 72.8430912, 0.0 ], [ 18.9830982, 72.843135, 0.0 ], [ 18.98307, 72.8433181, 0.0 ], [ 18.9830297, 72.8435766, 0.0 ], [ 18.9829516, 72.8440775, 0.0 ], [ 18.9829496, 72.8441328, 0.0 ], [ 18.9828316, 72.8444352, 0.0 ], [ 18.9826874, 72.8447779, 0.0 ], [ 18.9824408, 72.8453655, 0.0 ], [ 18.9821325, 72.846064, 0.0 ], [ 18.9821209, 72.8460918, 0.0 ], [ 18.9820565, 72.8462462, 0.0 ], [ 18.9820137, 72.8463486, 0.0 ], [ 18.9818868, 72.8466522, 0.0 ], [ 18.9818554, 72.8467238, 0.0 ], [ 18.9818427, 72.8467528, 0.0 ], [ 18.9818342, 72.8467722, 0.0 ] ] ] } },
{ "type": "Feature", "id": 7, "properties": { "Name": "\n    H/E\n   ", "tessellate": 1, "extrude": 0, "visibility": -1, "NAME2": "H/E\n", "OBJECTID": 8, "Shape__Area": 12841525.453500001, "Shape__Length": 16454.156913899998 }, "geometry": { "type": "Polygon", "coordinates": [ [ [ 19.054128, 72.8657312, 0.0 ], [ 19.0536665, 72.8651689, 0.0 ], [ 19.0523331, 72.8635585, 0.0 ], [ 19.0523276, 72.8632132, 0.0 ], [ 19.0523117, 72.8622196, 0.0 ], [ 19.0522951, 72.8611754, 0.0 ], [ 19.0522774, 72.8600583, 0.0 ], [ 19.0522171, 72.8592933, 0.0 ], [ 19.0521474, 72.8584083, 0.0 ], [ 19.0521357, 72.8582507, 0.0 ], [ 19.0520571, 72.8571916, 0.0 ], [ 19.0518339, 72.854183, 0.0 ], [ 19.0517036, 72.852427, 0.0 ], [ 19.0515096, 72.8498134, 0.0 ], [ 19.0513233, 72.8473037, 0.0 ], [ 19.0512456, 72.8462576, 0.0 ], [ 19.05112, 72.8445127, 0.0 ], [ 19.0510269, 72.8432184, 0.0 ], [ 19.051004, 72.842901, 0.0 ], [ 19.0509602, 72.8422442, 0.0 ], [ 19.050951, 72.8421624, 0.0 ], [ 19.0509509, 72.842162, 0.0 ], [ 19.0509374, 72.8421421, 0.0 ], [ 19.0509313, 72.8421331, 0.0 ], [ 19.0515801, 72.8418444, 0.0 ], [ 19.0527293, 72.8413897, 0.0 ], [ 19.053288, 72.8411795, 0.0 ], [ 19.0547335, 72.8406985, 0.0 ], [ 19.0566869, 72.839944, 0.0 ], [ 19.0569309, 72.8398667, 0.0 ], [ 19.0571766, 72.8397955, 0.0 ], [ 19.0574237, 72.8397303, 0.0 ], [ 19.0576723, 72.8396712, 0.0 ], [ 19.0579221, 72.8396182, 0.0 ], [ 19.058173, 72.8395714, 0.0 ], [ 19.0586719, 72.8394409, 0.0 ], [ 19.0589829, 72.8393775, 0.0 ], [ 19.059295, 72.8393203, 0.0 ], [ 19.0596081, 72.8392693, 0.0 ], [ 19.0599221, 72.8392244, 0.0 ], [ 19.0602368, 72.8391858, 0.0 ], [ 19.0605521, 72.8391534, 0.0 ], [ 19.0609486, 72.8391382, 0.0 ], [ 19.0613452, 72.8391284, 0.0 ], [ 19.061742, 72.8391241, 0.0 ], [ 19.0621387, 72.8391253, 0.0 ], [ 19.0624303, 72.8391376, 0.0 ], [ 19.0627216, 72.8391568, 0.0 ], [ 19.0630124, 72.839183, 0.0 ], [ 19.0633025, 72.8392161, 0.0 ], [ 19.0635918, 72.8392561, 0.0 ], [ 19.0638803, 72.8393029, 0.0 ], [ 19.0641676, 72.8393566, 0.0 ], [ 19.0644537, 72.8394171, 0.0 ], [ 19.0647384, 72.8394844, 0.0 ], [ 19.0681373, 72.8399767, 0.0 ], [ 19.0697316, 72.8401916, 0.0 ], [ 19.0700504, 72.8402285, 0.0 ], [ 19.0703698, 72.8402589, 0.0 ], [ 19.0706897, 72.8402828, 0.0 ], [ 19.07101, 72.8403003, 0.0 ], [ 19.0712921, 72.840311, 0.0 ], [ 19.0715739, 72.840327, 0.0 ], [ 19.0718554, 72.8403484, 0.0 ], [ 19.0721365, 72.8403752, 0.0 ], [ 19.0724171, 72.8404074, 0.0 ], [ 19.0746271, 72.8407046, 0.0 ], [ 19.0754819, 72.8408539, 0.0 ], [ 19.0772001, 72.8410722, 0.0 ], [ 19.0776941, 72.8411399, 0.0 ], [ 19.0785032, 72.8412508, 0.0 ], [ 19.080675, 72.8415485, 0.0 ], [ 19.082527, 72.8417951, 0.0 ], [ 19.0847556, 72.842057, 0.0 ], [ 19.0861683, 72.8422292, 0.0 ], [ 19.0887361, 72.8425618, 0.0 ], [ 19.0893626, 72.8426357, 0.0 ], [ 19.0904297, 72.8427616, 0.0 ], [ 19.0904229, 72.8428127, 0.0 ], [ 19.0903945, 72.843088, 0.0 ], [ 19.0903694, 72.8433308, 0.0 ], [ 19.0903753, 72.8433731, 0.0 ], [ 19.0903838, 72.8434154, 0.0 ], [ 19.0904908, 72.8435653, 0.0 ], [ 19.090589, 72.8436693, 0.0 ], [ 19.0905896, 72.8436699, 0.0 ], [ 19.090636, 72.8437191, 0.0 ], [ 19.0906789, 72.8437645, 0.0 ], [ 19.0904772, 72.8442679, 0.0 ], [ 19.0904761, 72.8442705, 0.0 ], [ 19.0904715, 72.8442821, 0.0 ], [ 19.089968, 72.8453145, 0.0 ], [ 19.089754, 72.845877, 0.0 ], [ 19.089707, 72.8459309, 0.0 ], [ 19.0896086, 72.84597, 0.0 ], [ 19.0895518, 72.8461863, 0.0 ], [ 19.0892242, 72.8462048, 0.0 ], [ 19.0893948, 72.8469683, 0.0 ], [ 19.0894316, 72.8471702, 0.0 ], [ 19.0894498, 72.8473327, 0.0 ], [ 19.089454, 72.8474902, 0.0 ], [ 19.0894534, 72.8476722, 0.0 ], [ 19.0894246, 72.8478985, 0.0 ], [ 19.0893866, 72.8480608, 0.0 ], [ 19.0893347, 72.8481984, 0.0 ], [ 19.0892829, 72.8482967, 0.0 ], [ 19.0892031, 72.8483653, 0.0 ], [ 19.0891328, 72.8484142, 0.0 ], [ 19.0890812, 72.8484633, 0.0 ], [ 19.0890389, 72.8485271, 0.0 ], [ 19.0890245, 72.8486304, 0.0 ], [ 19.0890289, 72.8487239, 0.0 ], [ 19.08908, 72.8488176, 0.0 ], [ 19.0891081, 72.8488671, 0.0 ], [ 19.0891385, 72.8489142, 0.0 ], [ 19.0891713, 72.8489614, 0.0 ], [ 19.0892134, 72.8490184, 0.0 ], [ 19.089142, 72.849085, 0.0 ], [ 19.0888171, 72.8493881, 0.0 ], [ 19.0893925, 72.8499515, 0.0 ], [ 19.0894398, 72.8499862, 0.0 ], [ 19.0894981, 72.8500056, 0.0 ], [ 19.0895638, 72.850025, 0.0 ], [ 19.0895965, 72.8500482, 0.0 ], [ 19.0896147, 72.8500828, 0.0 ], [ 19.0896218, 72.8501327, 0.0 ], [ 19.0896326, 72.8501865, 0.0 ], [ 19.0896616, 72.8502365, 0.0 ], [ 19.0897199, 72.8502751, 0.0 ], [ 19.0897855, 72.8503099, 0.0 ], [ 19.0898328, 72.8503446, 0.0 ], [ 19.0898727, 72.8504216, 0.0 ], [ 19.0899708, 72.8505755, 0.0 ], [ 19.0900361, 72.8506756, 0.0 ], [ 19.0901343, 72.8507873, 0.0 ], [ 19.0902253, 72.8508797, 0.0 ], [ 19.0903671, 72.85103, 0.0 ], [ 19.0904617, 72.8511417, 0.0 ], [ 19.0905417, 72.8512379, 0.0 ], [ 19.0906034, 72.8513188, 0.0 ], [ 19.0907524, 72.8515266, 0.0 ], [ 19.090905, 72.8517422, 0.0 ], [ 19.0909813, 72.85185, 0.0 ], [ 19.0910394, 72.8519462, 0.0 ], [ 19.0912043, 72.8522031, 0.0 ], [ 19.0911965, 72.8524473, 0.0 ], [ 19.0912175, 72.8524881, 0.0 ], [ 19.0912736, 72.8525623, 0.0 ], [ 19.0913367, 72.8526366, 0.0 ], [ 19.0913928, 72.8526886, 0.0 ], [ 19.091505, 72.8527927, 0.0 ], [ 19.0915007, 72.8530518, 0.0 ], [ 19.0915599, 72.8532334, 0.0 ], [ 19.0916158, 72.853352, 0.0 ], [ 19.0916331, 72.8534631, 0.0 ], [ 19.0916644, 72.8535595, 0.0 ], [ 19.0917167, 72.853704, 0.0 ], [ 19.0917129, 72.8537817, 0.0 ], [ 19.0917303, 72.8538632, 0.0 ], [ 19.0917757, 72.8539559, 0.0 ], [ 19.091786, 72.8540374, 0.0 ], [ 19.0917823, 72.8540966, 0.0 ], [ 19.0918242, 72.8541819, 0.0 ], [ 19.0918732, 72.8542783, 0.0 ], [ 19.0919186, 72.8543858, 0.0 ], [ 19.0920342, 72.8545417, 0.0 ], [ 19.0921428, 72.8546939, 0.0 ], [ 19.0922005, 72.8547846, 0.0 ], [ 19.0922831, 72.8549222, 0.0 ], [ 19.0923609, 72.8550872, 0.0 ], [ 19.0924032, 72.8552072, 0.0 ], [ 19.092429, 72.8552972, 0.0 ], [ 19.0924477, 72.8553921, 0.0 ], [ 19.0924663, 72.855492, 0.0 ], [ 19.0924873, 72.8556244, 0.0 ], [ 19.0925083, 72.8557293, 0.0 ], [ 19.0925317, 72.8558168, 0.0 ], [ 19.092567, 72.8559168, 0.0 ], [ 19.0925952, 72.8559942, 0.0 ], [ 19.0926258, 72.8560643, 0.0 ], [ 19.0926565, 72.8561118, 0.0 ], [ 19.0926872, 72.8561568, 0.0 ], [ 19.0927203, 72.8561994, 0.0 ], [ 19.0928551, 72.8563372, 0.0 ], [ 19.0929544, 72.8564524, 0.0 ], [ 19.0932051, 72.8567104, 0.0 ], [ 19.0935619, 72.8570849, 0.0 ], [ 19.0944252, 72.857874, 0.0 ], [ 19.0943316, 72.8579957, 0.0 ], [ 19.0942304, 72.8582043, 0.0 ], [ 19.0941507, 72.8584889, 0.0 ], [ 19.0940502, 72.8587629, 0.0 ], [ 19.0938981, 72.8590594, 0.0 ], [ 19.0937459, 72.8593449, 0.0 ], [ 19.0936022, 72.8594777, 0.0 ], [ 19.0934901, 72.8596427, 0.0 ], [ 19.0932958, 72.8598743, 0.0 ], [ 19.0931205, 72.8602063, 0.0 ], [ 19.0930482, 72.8603393, 0.0 ], [ 19.0927365, 72.8601449, 0.0 ], [ 19.0916908, 72.859517, 0.0 ], [ 19.0898353, 72.8583722, 0.0 ], [ 19.088743, 72.8576981, 0.0 ], [ 19.0886396, 72.8580799, 0.0 ], [ 19.0884387, 72.8586388, 0.0 ], [ 19.0883587, 72.8588907, 0.0 ], [ 19.0883595, 72.8589561, 0.0 ], [ 19.0884347, 72.8591842, 0.0 ], [ 19.0882894, 72.8591751, 0.0 ], [ 19.0881337, 72.8591553, 0.0 ], [ 19.0879159, 72.8591581, 0.0 ], [ 19.0877823, 72.859258, 0.0 ], [ 19.0876696, 72.8593795, 0.0 ], [ 19.0875174, 72.859665, 0.0 ], [ 19.0873733, 72.8597541, 0.0 ], [ 19.0871378, 72.8597618, 0.0 ], [ 19.0870794, 72.8597626, 0.0 ], [ 19.0869148, 72.8597647, 0.0 ], [ 19.0867553, 72.8597388, 0.0 ], [ 19.0866275, 72.8597069, 0.0 ], [ 19.0864727, 72.8596363, 0.0 ], [ 19.0862483, 72.8595164, 0.0 ], [ 19.0860617, 72.8594517, 0.0 ], [ 19.0858703, 72.8594263, 0.0 ], [ 19.0857003, 72.8594229, 0.0 ], [ 19.0855465, 72.859436, 0.0 ], [ 19.0852922, 72.8594784, 0.0 ], [ 19.0850905, 72.859481, 0.0 ], [ 19.0849881, 72.8594712, 0.0 ], [ 19.0849201, 72.8594385, 0.0 ], [ 19.0847654, 72.859379, 0.0 ], [ 19.0845149, 72.8592985, 0.0 ], [ 19.0843342, 72.8592785, 0.0 ], [ 19.0840901, 72.8592928, 0.0 ], [ 19.0840022, 72.8593174, 0.0 ], [ 19.0839748, 72.8593169, 0.0 ], [ 19.0839316, 72.8593085, 0.0 ], [ 19.0839267, 72.8593069, 0.0 ], [ 19.083854, 72.8592838, 0.0 ], [ 19.083791, 72.8592526, 0.0 ], [ 19.0837742, 72.8592443, 0.0 ], [ 19.0836719, 72.8591963, 0.0 ], [ 19.0835806, 72.8591556, 0.0 ], [ 19.0835207, 72.8591289, 0.0 ], [ 19.083485, 72.859112, 0.0 ], [ 19.0834832, 72.8591111, 0.0 ], [ 19.0834463, 72.8590945, 0.0 ], [ 19.083419, 72.8590815, 0.0 ], [ 19.0833679, 72.8590623, 0.0 ], [ 19.0833216, 72.8590488, 0.0 ], [ 19.0832483, 72.859008, 0.0 ], [ 19.0832175, 72.8589881, 0.0 ], [ 19.0831814, 72.8589649, 0.0 ], [ 19.0831401, 72.8589262, 0.0 ], [ 19.0830888, 72.8588902, 0.0 ], [ 19.0830502, 72.8588627, 0.0 ], [ 19.0830298, 72.8588469, 0.0 ], [ 19.082963, 72.8587974, 0.0 ], [ 19.0828933, 72.8587527, 0.0 ], [ 19.0828682, 72.8587366, 0.0 ], [ 19.0827928, 72.8586876, 0.0 ], [ 19.0826934, 72.8586327, 0.0 ], [ 19.0825792, 72.858587, 0.0 ], [ 19.0825589, 72.8585804, 0.0 ], [ 19.0825459, 72.8585762, 0.0 ], [ 19.0824997, 72.8585612, 0.0 ], [ 19.082471, 72.8585521, 0.0 ], [ 19.0824265, 72.858538, 0.0 ], [ 19.0823521, 72.8585134, 0.0 ], [ 19.0823048, 72.8584977, 0.0 ], [ 19.0822214, 72.8584667, 0.0 ], [ 19.0821966, 72.8584652, 0.0 ], [ 19.0821739, 72.8584637, 0.0 ], [ 19.0821118, 72.8584598, 0.0 ], [ 19.0820875, 72.8584609, 0.0 ], [ 19.0820396, 72.8584631, 0.0 ], [ 19.0820826, 72.8588234, 0.0 ], [ 19.0821203, 72.8588225, 0.0 ], [ 19.0821297, 72.8588233, 0.0 ], [ 19.0821348, 72.8588238, 0.0 ], [ 19.0821698, 72.8588269, 0.0 ], [ 19.082255, 72.8588346, 0.0 ], [ 19.0823356, 72.8588504, 0.0 ], [ 19.0823517, 72.858855, 0.0 ], [ 19.0823723, 72.8588609, 0.0 ], [ 19.0824159, 72.8588766, 0.0 ], [ 19.0824557, 72.8588954, 0.0 ], [ 19.0825026, 72.8589207, 0.0 ], [ 19.0825572, 72.8589502, 0.0 ], [ 19.0825891, 72.8589678, 0.0 ], [ 19.0826289, 72.8589899, 0.0 ], [ 19.0826954, 72.859033, 0.0 ], [ 19.0827814, 72.8590882, 0.0 ], [ 19.0828399, 72.8591316, 0.0 ], [ 19.0829025, 72.8591775, 0.0 ], [ 19.0829374, 72.8592019, 0.0 ], [ 19.0829387, 72.8592027, 0.0 ], [ 19.08297, 72.8592218, 0.0 ], [ 19.083013, 72.8592452, 0.0 ], [ 19.0830557, 72.8592636, 0.0 ], [ 19.0832232, 72.8593654, 0.0 ], [ 19.0832331, 72.8593714, 0.0 ], [ 19.0832493, 72.8593812, 0.0 ], [ 19.0832612, 72.8593873, 0.0 ], [ 19.0832782, 72.8593962, 0.0 ], [ 19.0832995, 72.8594062, 0.0 ], [ 19.0833131, 72.8594127, 0.0 ], [ 19.08335, 72.8594294, 0.0 ], [ 19.0833883, 72.8594475, 0.0 ], [ 19.0834516, 72.8594757, 0.0 ], [ 19.0834517, 72.8594758, 0.0 ], [ 19.0835427, 72.8595163, 0.0 ], [ 19.0836211, 72.8595587, 0.0 ], [ 19.083696, 72.8596076, 0.0 ], [ 19.0837669, 72.8596627, 0.0 ], [ 19.0838333, 72.8597237, 0.0 ], [ 19.0838517, 72.8597632, 0.0 ], [ 19.0838656, 72.8598047, 0.0 ], [ 19.0838748, 72.8598477, 0.0 ], [ 19.0838791, 72.8598914, 0.0 ], [ 19.0838506, 72.8600015, 0.0 ], [ 19.0837945, 72.8602472, 0.0 ], [ 19.0837544, 72.8604023, 0.0 ], [ 19.0835612, 72.860543, 0.0 ], [ 19.083498, 72.8605703, 0.0 ], [ 19.0834547, 72.8605906, 0.0 ], [ 19.0832323, 72.8606101, 0.0 ], [ 19.0831133, 72.8606208, 0.0 ], [ 19.0830704, 72.860635, 0.0 ], [ 19.0830241, 72.8606163, 0.0 ], [ 19.0829101, 72.8606512, 0.0 ], [ 19.0827941, 72.8606864, 0.0 ], [ 19.0827212, 72.8607375, 0.0 ], [ 19.082612, 72.8608192, 0.0 ], [ 19.0825772, 72.8608523, 0.0 ], [ 19.0825049, 72.8608977, 0.0 ], [ 19.0823569, 72.8610179, 0.0 ], [ 19.0822504, 72.8611041, 0.0 ], [ 19.0821431, 72.8612111, 0.0 ], [ 19.0820135, 72.8612826, 0.0 ], [ 19.0819874, 72.8613144, 0.0 ], [ 19.0819307, 72.8613793, 0.0 ], [ 19.0818462, 72.8615319, 0.0 ], [ 19.0817613, 72.8616886, 0.0 ], [ 19.0817345, 72.8618883, 0.0 ], [ 19.0817217, 72.8619423, 0.0 ], [ 19.0817, 72.8620503, 0.0 ], [ 19.0816811, 72.8621606, 0.0 ], [ 19.0816987, 72.8623056, 0.0 ], [ 19.0817112, 72.8624618, 0.0 ], [ 19.0817618, 72.8627069, 0.0 ], [ 19.0818123, 72.8629408, 0.0 ], [ 19.0818782, 72.8631298, 0.0 ], [ 19.0819489, 72.8632741, 0.0 ], [ 19.08203, 72.8633959, 0.0 ], [ 19.0821216, 72.8635176, 0.0 ], [ 19.0822076, 72.8636058, 0.0 ], [ 19.0822458, 72.8636947, 0.0 ], [ 19.0822628, 72.8637894, 0.0 ], [ 19.0822688, 72.8638507, 0.0 ], [ 19.0822959, 72.8638951, 0.0 ], [ 19.0823336, 72.8639448, 0.0 ], [ 19.0823989, 72.864078, 0.0 ], [ 19.0824268, 72.8641949, 0.0 ], [ 19.0825286, 72.8642774, 0.0 ], [ 19.0826732, 72.8643817, 0.0 ], [ 19.0828284, 72.8644858, 0.0 ], [ 19.082983, 72.8645396, 0.0 ], [ 19.0831637, 72.8645596, 0.0 ], [ 19.0833604, 72.8645795, 0.0 ], [ 19.0834346, 72.8645729, 0.0 ], [ 19.0834829, 72.864617, 0.0 ], [ 19.0835155, 72.864678, 0.0 ], [ 19.0835749, 72.8647666, 0.0 ], [ 19.0836135, 72.8648561, 0.0 ], [ 19.0836457, 72.864922, 0.0 ], [ 19.0835938, 72.8650232, 0.0 ], [ 19.0835181, 72.8651479, 0.0 ], [ 19.0833871, 72.865274, 0.0 ], [ 19.0831968, 72.8654599, 0.0 ], [ 19.082745, 72.8660002, 0.0 ], [ 19.0825884, 72.8662256, 0.0 ], [ 19.0824474, 72.8664284, 0.0 ], [ 19.0824119, 72.8665741, 0.0 ], [ 19.0824036, 72.8667752, 0.0 ], [ 19.0824066, 72.8670377, 0.0 ], [ 19.0824438, 72.8674951, 0.0 ], [ 19.0824919, 72.8679803, 0.0 ], [ 19.0825156, 72.8681978, 0.0 ], [ 19.0825117, 72.8683152, 0.0 ], [ 19.0824555, 72.8685057, 0.0 ], [ 19.0824091, 72.8686292, 0.0 ], [ 19.0817256, 72.8701234, 0.0 ], [ 19.0817134, 72.87011, 0.0 ], [ 19.0817039, 72.8701102, 0.0 ], [ 19.081698, 72.8701102, 0.0 ], [ 19.0814945, 72.8704485, 0.0 ], [ 19.0814574, 72.870476, 0.0 ], [ 19.0814348, 72.8705268, 0.0 ], [ 19.081357, 72.8707017, 0.0 ], [ 19.0812307, 72.8709854, 0.0 ], [ 19.0808157, 72.8719125, 0.0 ], [ 19.0806228, 72.8723351, 0.0 ], [ 19.0805796, 72.8724272, 0.0 ], [ 19.0805263, 72.8725409, 0.0 ], [ 19.0799424, 72.8737854, 0.0 ], [ 19.0798343, 72.8740158, 0.0 ], [ 19.0797803, 72.8741312, 0.0 ], [ 19.0797471, 72.8740925, 0.0 ], [ 19.0797184, 72.8740591, 0.0 ], [ 19.0797183, 72.874059, 0.0 ], [ 19.0796638, 72.8740078, 0.0 ], [ 19.07958, 72.8741879, 0.0 ], [ 19.0794992, 72.8743772, 0.0 ], [ 19.0794774, 72.8744302, 0.0 ], [ 19.0792784, 72.8749136, 0.0 ], [ 19.0790226, 72.8755349, 0.0 ], [ 19.0788734, 72.8759026, 0.0 ], [ 19.078789, 72.8758606, 0.0 ], [ 19.0787504, 72.8758408, 0.0 ], [ 19.0783072, 72.8755836, 0.0 ], [ 19.0782438, 72.8755113, 0.0 ], [ 19.0780792, 72.8753236, 0.0 ], [ 19.077872, 72.8752786, 0.0 ], [ 19.0777675, 72.8751804, 0.0 ], [ 19.0774978, 72.8749267, 0.0 ], [ 19.0774037, 72.8747332, 0.0 ], [ 19.0773666, 72.874657, 0.0 ], [ 19.0772696, 72.8744505, 0.0 ], [ 19.0772171, 72.87434, 0.0 ], [ 19.0770978, 72.8740929, 0.0 ], [ 19.077042, 72.8739915, 0.0 ], [ 19.0769332, 72.8737688, 0.0 ], [ 19.0769091, 72.8736878, 0.0 ], [ 19.0768899, 72.8736233, 0.0 ], [ 19.07661, 72.8727295, 0.0 ], [ 19.0764826, 72.8725607, 0.0 ], [ 19.0762876, 72.8723556, 0.0 ], [ 19.0761169, 72.8722244, 0.0 ], [ 19.075772, 72.8720559, 0.0 ], [ 19.0756533, 72.8720218, 0.0 ], [ 19.0755443, 72.8719988, 0.0 ], [ 19.075478, 72.8719844, 0.0 ], [ 19.0754187, 72.8719714, 0.0 ], [ 19.0749849, 72.8718738, 0.0 ], [ 19.0748712, 72.871875, 0.0 ], [ 19.074864, 72.8718747, 0.0 ], [ 19.0745631, 72.8718619, 0.0 ], [ 19.0745413, 72.871861, 0.0 ], [ 19.0743852, 72.8718681, 0.0 ], [ 19.0739334, 72.8719212, 0.0 ], [ 19.0735213, 72.8720401, 0.0 ], [ 19.0732914, 72.872136, 0.0 ], [ 19.0731426, 72.8721981, 0.0 ], [ 19.0729609, 72.8723289, 0.0 ], [ 19.0728303, 72.8724146, 0.0 ], [ 19.0726769, 72.8725599, 0.0 ], [ 19.0725016, 72.8727377, 0.0 ], [ 19.0724165, 72.8728799, 0.0 ], [ 19.0724008, 72.8729062, 0.0 ], [ 19.0722481, 72.8730535, 0.0 ], [ 19.0721017, 72.8731948, 0.0 ], [ 19.0719248, 72.8733354, 0.0 ], [ 19.0718943, 72.8733555, 0.0 ], [ 19.0717569, 72.8734463, 0.0 ], [ 19.0716403, 72.8735219, 0.0 ], [ 19.0715, 72.873578, 0.0 ], [ 19.0713739, 72.8736389, 0.0 ], [ 19.0711771, 72.8736908, 0.0 ], [ 19.0711743, 72.8736909, 0.0 ], [ 19.0710537, 72.8736924, 0.0 ], [ 19.0710033, 72.8736931, 0.0 ], [ 19.0709387, 72.8736848, 0.0 ], [ 19.0709011, 72.87368, 0.0 ], [ 19.0707881, 72.8736648, 0.0 ], [ 19.0706493, 72.8736147, 0.0 ], [ 19.0706439, 72.8736124, 0.0 ], [ 19.0705523, 72.8735746, 0.0 ], [ 19.0701497, 72.8734104, 0.0 ], [ 19.069909, 72.8733156, 0.0 ], [ 19.0697617, 72.8732649, 0.0 ], [ 19.0695283, 72.873203, 0.0 ], [ 19.0695177, 72.8732002, 0.0 ], [ 19.0692706, 72.8731733, 0.0 ], [ 19.0686763, 72.8731282, 0.0 ], [ 19.0680464, 72.8731024, 0.0 ], [ 19.0677245, 72.8731065, 0.0 ], [ 19.0664768, 72.8731676, 0.0 ], [ 19.0660055, 72.8732488, 0.0 ], [ 19.0659175, 72.8732693, 0.0 ], [ 19.0658343, 72.8732886, 0.0 ], [ 19.0655802, 72.8733589, 0.0 ], [ 19.0655603, 72.8733644, 0.0 ], [ 19.0654254, 72.8734017, 0.0 ], [ 19.0653493, 72.8734227, 0.0 ], [ 19.0653397, 72.8734237, 0.0 ], [ 19.0652082, 72.8734363, 0.0 ], [ 19.0651131, 72.8734487, 0.0 ], [ 19.0649326, 72.8733953, 0.0 ], [ 19.0645712, 72.8732664, 0.0 ], [ 19.0643588, 72.8732023, 0.0 ], [ 19.0640163, 72.8730358, 0.0 ], [ 19.0638473, 72.8729428, 0.0 ], [ 19.0637777, 72.8729265, 0.0 ], [ 19.0636014, 72.8727942, 0.0 ], [ 19.0634887, 72.8727105, 0.0 ], [ 19.0631799, 72.8724809, 0.0 ], [ 19.0630427, 72.8723803, 0.0 ], [ 19.062284, 72.871824, 0.0 ], [ 19.0621963, 72.8717725, 0.0 ], [ 19.0617022, 72.8714819, 0.0 ], [ 19.0615466, 72.8713904, 0.0 ], [ 19.0614666, 72.8713572, 0.0 ], [ 19.061428, 72.8713412, 0.0 ], [ 19.061419, 72.8713375, 0.0 ], [ 19.0613526, 72.8713223, 0.0 ], [ 19.0613484, 72.8713219, 0.0 ], [ 19.0611679, 72.8713051, 0.0 ], [ 19.060937, 72.8712822, 0.0 ], [ 19.0609061, 72.8712809, 0.0 ], [ 19.0607561, 72.8712747, 0.0 ], [ 19.0605133, 72.8712813, 0.0 ], [ 19.060258, 72.8711532, 0.0 ], [ 19.0602243, 72.8711356, 0.0 ], [ 19.0595842, 72.8708004, 0.0 ], [ 19.0593445, 72.870646, 0.0 ], [ 19.0590549, 72.8704648, 0.0 ], [ 19.058664, 72.8702449, 0.0 ], [ 19.0584916, 72.8701479, 0.0 ], [ 19.0584707, 72.8701366, 0.0 ], [ 19.0582904, 72.8700392, 0.0 ], [ 19.0580492, 72.869909, 0.0 ], [ 19.0579833, 72.8698733, 0.0 ], [ 19.0576759, 72.8697073, 0.0 ], [ 19.0576424, 72.8696842, 0.0 ], [ 19.0575018, 72.8695871, 0.0 ], [ 19.0574013, 72.8695177, 0.0 ], [ 19.0572502, 72.8693658, 0.0 ], [ 19.057095, 72.8692099, 0.0 ], [ 19.0570786, 72.8691935, 0.0 ], [ 19.0569538, 72.8690681, 0.0 ], [ 19.0569293, 72.8690435, 0.0 ], [ 19.0566776, 72.8687933, 0.0 ], [ 19.0566655, 72.8687812, 0.0 ], [ 19.0564799, 72.8685968, 0.0 ], [ 19.0547666, 72.866514, 0.0 ], [ 19.0543931, 72.8660562, 0.0 ], [ 19.054128, 72.8657312, 0.0 ] ] ] } },
{ "type": "Feature", "id": 8, "properties": { "Name": "\n    R/S\n   ", "tessellate": 1, "extrude": 0, "visibility": -1, "NAME2": "R/S\n", "OBJECTID": 9, "Shape__Area": 18556319.375300001, "Shape__Length": 28066.245516399998 }, "geometry": { "type": "Polygon", "coordinates": [ [ [ 19.2011444, 72.9010517, 0.0 ], [ 19.2010747, 72.9010472, 0.0 ], [ 19.2009156, 72.9010772, 0.0 ], [ 19.2008235, 72.9011224, 0.0 ], [ 19.2006901, 72.9012153, 0.0 ], [ 19.2006011, 72.9012667, 0.0 ], [ 19.2004852, 72.9013217, 0.0 ], [ 19.2002557, 72.9013686, 0.0 ], [ 19.2001009, 72.9014146, 0.0 ], [ 19.1999283, 72.9014734, 0.0 ], [ 19.199747, 72.9015574, 0.0 ], [ 19.1995692, 72.9016823, 0.0 ], [ 19.1994866, 72.9017777, 0.0 ], [ 19.1994317, 72.9019356, 0.0 ], [ 19.1993923, 72.9021468, 0.0 ], [ 19.1993945, 72.9023947, 0.0 ], [ 19.199394, 72.9023947, 0.0 ], [ 19.1992988, 72.9023927, 0.0 ], [ 19.1992392, 72.9023915, 0.0 ], [ 19.1991881, 72.9023904, 0.0 ], [ 19.199188, 72.9023904, 0.0 ], [ 19.1988918, 72.9023841, 0.0 ], [ 19.1988118, 72.9023824, 0.0 ], [ 19.1984624, 72.9023738, 0.0 ], [ 19.1978469, 72.9023582, 0.0 ], [ 19.1972512, 72.9023576, 0.0 ], [ 19.1970366, 72.9021411, 0.0 ], [ 19.19637, 72.9014686, 0.0 ], [ 19.1963699, 72.9014686, 0.0 ], [ 19.1957988, 72.901331, 0.0 ], [ 19.1957987, 72.901331, 0.0 ], [ 19.1954958, 72.901258, 0.0 ], [ 19.1950574, 72.9011523, 0.0 ], [ 19.194163, 72.9009368, 0.0 ], [ 19.1940318, 72.9009071, 0.0 ], [ 19.1930969, 72.9006953, 0.0 ], [ 19.1930205, 72.9006824, 0.0 ], [ 19.1930043, 72.9006767, 0.0 ], [ 19.1929004, 72.9006397, 0.0 ], [ 19.1927761, 72.9006104, 0.0 ], [ 19.1926688, 72.900585, 0.0 ], [ 19.1924744, 72.9005391, 0.0 ], [ 19.1924744, 72.9005391, 0.0 ], [ 19.1922693, 72.9004905, 0.0 ], [ 19.1921468, 72.9004614, 0.0 ], [ 19.1920761, 72.9004449, 0.0 ], [ 19.192076, 72.9004449, 0.0 ], [ 19.1920407, 72.9004365, 0.0 ], [ 19.1919245, 72.9004221, 0.0 ], [ 19.1918361, 72.9004029, 0.0 ], [ 19.1917954, 72.9003913, 0.0 ], [ 19.1917278, 72.9003718, 0.0 ], [ 19.1916325, 72.9003416, 0.0 ], [ 19.1916232, 72.9003398, 0.0 ], [ 19.1915367, 72.9003226, 0.0 ], [ 19.1913648, 72.9003172, 0.0 ], [ 19.1911311, 72.9003047, 0.0 ], [ 19.190824, 72.90026, 0.0 ], [ 19.1907036, 72.9002553, 0.0 ], [ 19.1906215, 72.9002517, 0.0 ], [ 19.1904906, 72.9002456, 0.0 ], [ 19.1904437, 72.900239, 0.0 ], [ 19.1903827, 72.9002302, 0.0 ], [ 19.1903264, 72.9002282, 0.0 ], [ 19.1902828, 72.9002264, 0.0 ], [ 19.190215, 72.9002221, 0.0 ], [ 19.1901491, 72.9002177, 0.0 ], [ 19.1901484, 72.9002074, 0.0 ], [ 19.1901474, 72.900197, 0.0 ], [ 19.1900026, 72.9001913, 0.0 ], [ 19.1898526, 72.9001935, 0.0 ], [ 19.1897603, 72.9001857, 0.0 ], [ 19.1897601, 72.9001857, 0.0 ], [ 19.1896245, 72.9001738, 0.0 ], [ 19.1895422, 72.9001613, 0.0 ], [ 19.1893844, 72.9001569, 0.0 ], [ 19.1893597, 72.900153, 0.0 ], [ 19.1893563, 72.9001524, 0.0 ], [ 19.1893349, 72.9001487, 0.0 ], [ 19.1856968, 72.9001827, 0.0 ], [ 19.1851018, 72.9001882, 0.0 ], [ 19.1892042, 72.8973907, 0.0 ], [ 19.1892044, 72.8973904, 0.0 ], [ 19.1892231, 72.8973668, 0.0 ], [ 19.1892246, 72.8973648, 0.0 ], [ 19.1892248, 72.8973646, 0.0 ], [ 19.1892249, 72.8973646, 0.0 ], [ 19.1892456, 72.8973373, 0.0 ], [ 19.1892464, 72.8973362, 0.0 ], [ 19.1894636, 72.8970505, 0.0 ], [ 19.1894731, 72.8970381, 0.0 ], [ 19.1901424, 72.8961793, 0.0 ], [ 19.1902011, 72.896104, 0.0 ], [ 19.1905407, 72.8956751, 0.0 ], [ 19.1905407, 72.8956751, 0.0 ], [ 19.1905407, 72.8956748, 0.0 ], [ 19.1905408, 72.8956745, 0.0 ], [ 19.1905413, 72.8956676, 0.0 ], [ 19.1906301, 72.8944969, 0.0 ], [ 19.1906452, 72.8943005, 0.0 ], [ 19.1906646, 72.8941652, 0.0 ], [ 19.190683, 72.8940371, 0.0 ], [ 19.190683, 72.894037, 0.0 ], [ 19.1910663, 72.8924341, 0.0 ], [ 19.1911061, 72.8920067, 0.0 ], [ 19.1911927, 72.891081, 0.0 ], [ 19.1922339, 72.8878406, 0.0 ], [ 19.1922401, 72.8878214, 0.0 ], [ 19.1922698, 72.8877289, 0.0 ], [ 19.1922892, 72.8876686, 0.0 ], [ 19.1923189, 72.887576, 0.0 ], [ 19.1924222, 72.8872545, 0.0 ], [ 19.1924585, 72.8871415, 0.0 ], [ 19.1924677, 72.8871129, 0.0 ], [ 19.192478, 72.887081, 0.0 ], [ 19.1924777, 72.8870364, 0.0 ], [ 19.19247, 72.8858588, 0.0 ], [ 19.1924686, 72.8856478, 0.0 ], [ 19.1924682, 72.8855746, 0.0 ], [ 19.192463, 72.8847443, 0.0 ], [ 19.1924557, 72.8827839, 0.0 ], [ 19.1924601, 72.88275, 0.0 ], [ 19.1927249, 72.8807251, 0.0 ], [ 19.1929713, 72.8788411, 0.0 ], [ 19.1929716, 72.8788389, 0.0 ], [ 19.1929286, 72.8784561, 0.0 ], [ 19.1929242, 72.8784166, 0.0 ], [ 19.1928117, 72.8774167, 0.0 ], [ 19.1928422, 72.8769661, 0.0 ], [ 19.1928534, 72.8768011, 0.0 ], [ 19.1928589, 72.87672, 0.0 ], [ 19.1928603, 72.8767068, 0.0 ], [ 19.1928626, 72.8767006, 0.0 ], [ 19.1929154, 72.8765601, 0.0 ], [ 19.1929223, 72.8765417, 0.0 ], [ 19.1929282, 72.8765152, 0.0 ], [ 19.1929581, 72.8763809, 0.0 ], [ 19.1929784, 72.87629, 0.0 ], [ 19.1929995, 72.876195, 0.0 ], [ 19.1930187, 72.8761089, 0.0 ], [ 19.1930293, 72.8760613, 0.0 ], [ 19.1930428, 72.8760162, 0.0 ], [ 19.1930757, 72.8759056, 0.0 ], [ 19.1930991, 72.8758272, 0.0 ], [ 19.1931194, 72.8757589, 0.0 ], [ 19.1931319, 72.8757171, 0.0 ], [ 19.1932131, 72.8754445, 0.0 ], [ 19.1932186, 72.8754269, 0.0 ], [ 19.1932656, 72.8752775, 0.0 ], [ 19.1932699, 72.8752639, 0.0 ], [ 19.1933048, 72.875154, 0.0 ], [ 19.1933229, 72.8750971, 0.0 ], [ 19.1933339, 72.8750617, 0.0 ], [ 19.1933678, 72.8749535, 0.0 ], [ 19.1933761, 72.8749269, 0.0 ], [ 19.1933862, 72.8748948, 0.0 ], [ 19.1933977, 72.8748585, 0.0 ], [ 19.1934253, 72.8747708, 0.0 ], [ 19.1934286, 72.8747606, 0.0 ], [ 19.1934539, 72.8746762, 0.0 ], [ 19.1934751, 72.8746067, 0.0 ], [ 19.1934793, 72.8745928, 0.0 ], [ 19.1935166, 72.8745672, 0.0 ], [ 19.1935519, 72.874543, 0.0 ], [ 19.193725, 72.8744263, 0.0 ], [ 19.193727, 72.874425, 0.0 ], [ 19.193846, 72.8743452, 0.0 ], [ 19.1938935, 72.8743127, 0.0 ], [ 19.1939163, 72.8742973, 0.0 ], [ 19.1939175, 72.8742964, 0.0 ], [ 19.1939213, 72.8742943, 0.0 ], [ 19.1939219, 72.8742892, 0.0 ], [ 19.193923, 72.8742808, 0.0 ], [ 19.1939256, 72.8742654, 0.0 ], [ 19.1939345, 72.8742143, 0.0 ], [ 19.1939406, 72.8741795, 0.0 ], [ 19.1939451, 72.8741518, 0.0 ], [ 19.1939618, 72.8740511, 0.0 ], [ 19.1939585, 72.8740191, 0.0 ], [ 19.1939561, 72.8739926, 0.0 ], [ 19.1939444, 72.8738675, 0.0 ], [ 19.1939412, 72.8738553, 0.0 ], [ 19.1939376, 72.8738411, 0.0 ], [ 19.1939387, 72.8737863, 0.0 ], [ 19.1939361, 72.8737514, 0.0 ], [ 19.1939354, 72.8737422, 0.0 ], [ 19.1939378, 72.873709, 0.0 ], [ 19.1939461, 72.8735971, 0.0 ], [ 19.1939583, 72.8734546, 0.0 ], [ 19.1939615, 72.873418, 0.0 ], [ 19.1939654, 72.8733624, 0.0 ], [ 19.1939745, 72.8732383, 0.0 ], [ 19.1939773, 72.8732205, 0.0 ], [ 19.1939782, 72.8732156, 0.0 ], [ 19.1939852, 72.8731738, 0.0 ], [ 19.1939886, 72.8731519, 0.0 ], [ 19.1939975, 72.8730954, 0.0 ], [ 19.1939975, 72.8730954, 0.0 ], [ 19.1939975, 72.8730953, 0.0 ], [ 19.1939975, 72.8730951, 0.0 ], [ 19.1939978, 72.8730915, 0.0 ], [ 19.1939978, 72.8730914, 0.0 ], [ 19.194007, 72.8729877, 0.0 ], [ 19.1940005, 72.8729516, 0.0 ], [ 19.1939935, 72.8729107, 0.0 ], [ 19.1939856, 72.8728882, 0.0 ], [ 19.1939771, 72.8728639, 0.0 ], [ 19.1939599, 72.8728149, 0.0 ], [ 19.1939352, 72.8727902, 0.0 ], [ 19.1939284, 72.8727835, 0.0 ], [ 19.1939272, 72.8727142, 0.0 ], [ 19.1939288, 72.8726995, 0.0 ], [ 19.1939337, 72.872654, 0.0 ], [ 19.1939341, 72.8726489, 0.0 ], [ 19.1939388, 72.8725895, 0.0 ], [ 19.1939384, 72.8725857, 0.0 ], [ 19.1939384, 72.8725857, 0.0 ], [ 19.1939315, 72.872525, 0.0 ], [ 19.1939292, 72.8725168, 0.0 ], [ 19.1939119, 72.872476, 0.0 ], [ 19.1939113, 72.8724746, 0.0 ], [ 19.1938817, 72.8724047, 0.0 ], [ 19.1938753, 72.8723898, 0.0 ], [ 19.1938723, 72.872356, 0.0 ], [ 19.193863, 72.872253, 0.0 ], [ 19.1938623, 72.8722454, 0.0 ], [ 19.1938575, 72.8721932, 0.0 ], [ 19.1938564, 72.8721793, 0.0 ], [ 19.1938608, 72.8719846, 0.0 ], [ 19.1938638, 72.8718515, 0.0 ], [ 19.1938708, 72.8715429, 0.0 ], [ 19.1938515, 72.8713393, 0.0 ], [ 19.1938501, 72.8713173, 0.0 ], [ 19.1938462, 72.8712567, 0.0 ], [ 19.1938411, 72.8710675, 0.0 ], [ 19.1938394, 72.8710044, 0.0 ], [ 19.1938391, 72.8710031, 0.0 ], [ 19.1938388, 72.8710015, 0.0 ], [ 19.1938356, 72.8709847, 0.0 ], [ 19.1938354, 72.8709594, 0.0 ], [ 19.1938343, 72.8708481, 0.0 ], [ 19.1938338, 72.8707993, 0.0 ], [ 19.193833, 72.8707251, 0.0 ], [ 19.1938311, 72.8705302, 0.0 ], [ 19.1938308, 72.8704964, 0.0 ], [ 19.1938307, 72.8704914, 0.0 ], [ 19.1938288, 72.8702972, 0.0 ], [ 19.1937519, 72.8700695, 0.0 ], [ 19.1937124, 72.8697048, 0.0 ], [ 19.1937066, 72.8696514, 0.0 ], [ 19.1936987, 72.8695787, 0.0 ], [ 19.1937092, 72.8695396, 0.0 ], [ 19.193712, 72.869529, 0.0 ], [ 19.1937392, 72.8694159, 0.0 ], [ 19.1937576, 72.8693395, 0.0 ], [ 19.19377, 72.869263, 0.0 ], [ 19.1937756, 72.8692282, 0.0 ], [ 19.193779, 72.8692073, 0.0 ], [ 19.1937818, 72.8689113, 0.0 ], [ 19.1937841, 72.8688985, 0.0 ], [ 19.1938006, 72.8688079, 0.0 ], [ 19.1938093, 72.8687599, 0.0 ], [ 19.1938104, 72.8687552, 0.0 ], [ 19.1938276, 72.8686837, 0.0 ], [ 19.193887, 72.8684297, 0.0 ], [ 19.1938892, 72.86842, 0.0 ], [ 19.1938989, 72.8683506, 0.0 ], [ 19.1939073, 72.8682901, 0.0 ], [ 19.1939184, 72.8681854, 0.0 ], [ 19.1939233, 72.8681501, 0.0 ], [ 19.19393, 72.868102, 0.0 ], [ 19.1939381, 72.8680434, 0.0 ], [ 19.1939293, 72.8680444, 0.0 ], [ 19.193839, 72.8680549, 0.0 ], [ 19.1938018, 72.8680869, 0.0 ], [ 19.1937582, 72.8681245, 0.0 ], [ 19.1937065, 72.8680856, 0.0 ], [ 19.1937072, 72.8680638, 0.0 ], [ 19.1937147, 72.8678425, 0.0 ], [ 19.1937193, 72.8677062, 0.0 ], [ 19.1937201, 72.8676852, 0.0 ], [ 19.1937205, 72.8676746, 0.0 ], [ 19.1937096, 72.8676133, 0.0 ], [ 19.1937025, 72.8675734, 0.0 ], [ 19.1936813, 72.8674486, 0.0 ], [ 19.1936739, 72.8674253, 0.0 ], [ 19.1936734, 72.8674236, 0.0 ], [ 19.1936052, 72.8672067, 0.0 ], [ 19.1935454, 72.8670002, 0.0 ], [ 19.1935338, 72.8669598, 0.0 ], [ 19.1935279, 72.8668269, 0.0 ], [ 19.1935235, 72.8667272, 0.0 ], [ 19.1935221, 72.8666956, 0.0 ], [ 19.1934977, 72.8664068, 0.0 ], [ 19.1934895, 72.8663428, 0.0 ], [ 19.1934865, 72.8661256, 0.0 ], [ 19.193482, 72.8660959, 0.0 ], [ 19.1934733, 72.8660229, 0.0 ], [ 19.1934541, 72.8658489, 0.0 ], [ 19.1934524, 72.8658345, 0.0 ], [ 19.1934524, 72.8658343, 0.0 ], [ 19.1934335, 72.8656704, 0.0 ], [ 19.1934288, 72.8653269, 0.0 ], [ 19.1934269, 72.8653062, 0.0 ], [ 19.1934257, 72.8652932, 0.0 ], [ 19.1934255, 72.865291, 0.0 ], [ 19.1934242, 72.8652768, 0.0 ], [ 19.1934229, 72.8652628, 0.0 ], [ 19.193424, 72.8652428, 0.0 ], [ 19.1934229, 72.8651451, 0.0 ], [ 19.1934227, 72.8651228, 0.0 ], [ 19.1934221, 72.865103, 0.0 ], [ 19.193422, 72.8651004, 0.0 ], [ 19.1934201, 72.8649833, 0.0 ], [ 19.1934182, 72.8648878, 0.0 ], [ 19.19343, 72.8647611, 0.0 ], [ 19.1932928, 72.8647368, 0.0 ], [ 19.1927434, 72.8646397, 0.0 ], [ 19.1925058, 72.8646073, 0.0 ], [ 19.1923974, 72.8645925, 0.0 ], [ 19.1923468, 72.8645856, 0.0 ], [ 19.1922741, 72.8645757, 0.0 ], [ 19.1922493, 72.8645723, 0.0 ], [ 19.1922213, 72.8645685, 0.0 ], [ 19.1921728, 72.8645619, 0.0 ], [ 19.1921521, 72.8645435, 0.0 ], [ 19.1921466, 72.8645386, 0.0 ], [ 19.1921393, 72.8645321, 0.0 ], [ 19.1920959, 72.8644935, 0.0 ], [ 19.1920542, 72.8644564, 0.0 ], [ 19.1920473, 72.8644503, 0.0 ], [ 19.1920259, 72.8644313, 0.0 ], [ 19.1919508, 72.8643644, 0.0 ], [ 19.1918616, 72.8643548, 0.0 ], [ 19.1918399, 72.8643525, 0.0 ], [ 19.1917939, 72.8643475, 0.0 ], [ 19.1917202, 72.8643395, 0.0 ], [ 19.1917161, 72.8643391, 0.0 ], [ 19.1917091, 72.8643384, 0.0 ], [ 19.1916961, 72.864337, 0.0 ], [ 19.1916436, 72.8643313, 0.0 ], [ 19.19162, 72.864323, 0.0 ], [ 19.1916006, 72.8643161, 0.0 ], [ 19.1915998, 72.8643159, 0.0 ], [ 19.191555, 72.8643001, 0.0 ], [ 19.1915339, 72.8642927, 0.0 ], [ 19.1914331, 72.8642572, 0.0 ], [ 19.1914244, 72.8642541, 0.0 ], [ 19.1913373, 72.8642583, 0.0 ], [ 19.19126, 72.8642621, 0.0 ], [ 19.1911756, 72.8642662, 0.0 ], [ 19.1910969, 72.86427, 0.0 ], [ 19.1911015, 72.8641846, 0.0 ], [ 19.1911041, 72.8641347, 0.0 ], [ 19.1910772, 72.8641144, 0.0 ], [ 19.19106, 72.8641014, 0.0 ], [ 19.191036, 72.8640833, 0.0 ], [ 19.190984, 72.864044, 0.0 ], [ 19.1910262, 72.86384, 0.0 ], [ 19.1910389, 72.8637829, 0.0 ], [ 19.1910414, 72.8637693, 0.0 ], [ 19.1910459, 72.8637448, 0.0 ], [ 19.1910528, 72.8637115, 0.0 ], [ 19.191054, 72.8637054, 0.0 ], [ 19.1910631, 72.8636615, 0.0 ], [ 19.1910645, 72.8636547, 0.0 ], [ 19.1910861, 72.8635504, 0.0 ], [ 19.1911011, 72.8634779, 0.0 ], [ 19.1911062, 72.863453, 0.0 ], [ 19.191111, 72.8634296, 0.0 ], [ 19.1911245, 72.8633645, 0.0 ], [ 19.191135, 72.8633135, 0.0 ], [ 19.1911361, 72.86331, 0.0 ], [ 19.1911368, 72.8633076, 0.0 ], [ 19.1911423, 72.8632888, 0.0 ], [ 19.1911483, 72.8632686, 0.0 ], [ 19.1911536, 72.8632505, 0.0 ], [ 19.1911637, 72.8632098, 0.0 ], [ 19.1912007, 72.8630607, 0.0 ], [ 19.1912249, 72.8629631, 0.0 ], [ 19.1912272, 72.8629538, 0.0 ], [ 19.1912426, 72.8628916, 0.0 ], [ 19.191244, 72.862886, 0.0 ], [ 19.1912612, 72.8628164, 0.0 ], [ 19.1912679, 72.8627897, 0.0 ], [ 19.1912779, 72.8627491, 0.0 ], [ 19.1912821, 72.8627208, 0.0 ], [ 19.1912901, 72.8626674, 0.0 ], [ 19.1912971, 72.8626207, 0.0 ], [ 19.1913134, 72.8625113, 0.0 ], [ 19.191374, 72.8623106, 0.0 ], [ 19.1914109, 72.8621881, 0.0 ], [ 19.1914103, 72.8621187, 0.0 ], [ 19.19141, 72.8620873, 0.0 ], [ 19.1914704, 72.8618573, 0.0 ], [ 19.1915078, 72.8617148, 0.0 ], [ 19.1915336, 72.8616166, 0.0 ], [ 19.1915569, 72.8615278, 0.0 ], [ 19.1915729, 72.8614672, 0.0 ], [ 19.1915757, 72.8614562, 0.0 ], [ 19.1916752, 72.8613062, 0.0 ], [ 19.191692, 72.8612808, 0.0 ], [ 19.1917626, 72.8612161, 0.0 ], [ 19.1918533, 72.8611329, 0.0 ], [ 19.191898, 72.8610906, 0.0 ], [ 19.1919351, 72.8610567, 0.0 ], [ 19.1919461, 72.8610467, 0.0 ], [ 19.1920082, 72.8609902, 0.0 ], [ 19.1921176, 72.8608948, 0.0 ], [ 19.1922301, 72.8607946, 0.0 ], [ 19.1923097, 72.8607236, 0.0 ], [ 19.1923206, 72.8607138, 0.0 ], [ 19.1923233, 72.8607115, 0.0 ], [ 19.1923389, 72.8606984, 0.0 ], [ 19.1924001, 72.8606472, 0.0 ], [ 19.1924635, 72.8605941, 0.0 ], [ 19.1924959, 72.860567, 0.0 ], [ 19.192603, 72.8604726, 0.0 ], [ 19.1927207, 72.8603711, 0.0 ], [ 19.1927669, 72.8603312, 0.0 ], [ 19.1927746, 72.8603257, 0.0 ], [ 19.1928062, 72.860289, 0.0 ], [ 19.1928339, 72.8602611, 0.0 ], [ 19.1928762, 72.8602185, 0.0 ], [ 19.1929887, 72.8601317, 0.0 ], [ 19.1930069, 72.8601154, 0.0 ], [ 19.1930443, 72.8600788, 0.0 ], [ 19.1931159, 72.8600088, 0.0 ], [ 19.1931587, 72.859967, 0.0 ], [ 19.1933714, 72.8598406, 0.0 ], [ 19.19341, 72.8598177, 0.0 ], [ 19.1934884, 72.8597998, 0.0 ], [ 19.1935109, 72.8598083, 0.0 ], [ 19.1935116, 72.8598086, 0.0 ], [ 19.1938986, 72.86001, 0.0 ], [ 19.1940045, 72.8600543, 0.0 ], [ 19.1943361, 72.860193, 0.0 ], [ 19.1946788, 72.8603449, 0.0 ], [ 19.1947243, 72.8600647, 0.0 ], [ 19.1947041, 72.8599215, 0.0 ], [ 19.194658, 72.8597513, 0.0 ], [ 19.1946282, 72.8596179, 0.0 ], [ 19.1946271, 72.8596128, 0.0 ], [ 19.1946115, 72.859543, 0.0 ], [ 19.1946242, 72.8595244, 0.0 ], [ 19.1946335, 72.8595108, 0.0 ], [ 19.1946425, 72.8594977, 0.0 ], [ 19.1946482, 72.8594892, 0.0 ], [ 19.1946608, 72.8594708, 0.0 ], [ 19.1946707, 72.8594564, 0.0 ], [ 19.1946755, 72.8594493, 0.0 ], [ 19.1947127, 72.8593948, 0.0 ], [ 19.1947152, 72.8593911, 0.0 ], [ 19.1947153, 72.8593865, 0.0 ], [ 19.1947157, 72.8593521, 0.0 ], [ 19.1947111, 72.8593345, 0.0 ], [ 19.1947107, 72.8593265, 0.0 ], [ 19.1946995, 72.8593056, 0.0 ], [ 19.1946906, 72.8592885, 0.0 ], [ 19.1946831, 72.8592668, 0.0 ], [ 19.1946824, 72.8592647, 0.0 ], [ 19.1946689, 72.8592255, 0.0 ], [ 19.1946603, 72.8591858, 0.0 ], [ 19.1946448, 72.8591137, 0.0 ], [ 19.1946397, 72.8590904, 0.0 ], [ 19.1946341, 72.8590819, 0.0 ], [ 19.194618, 72.8590578, 0.0 ], [ 19.1946157, 72.8590492, 0.0 ], [ 19.1946097, 72.8590276, 0.0 ], [ 19.1945713, 72.8588888, 0.0 ], [ 19.1945664, 72.8588711, 0.0 ], [ 19.1945586, 72.8588428, 0.0 ], [ 19.1945579, 72.8588391, 0.0 ], [ 19.194534, 72.8587114, 0.0 ], [ 19.1944975, 72.8585054, 0.0 ], [ 19.1945642, 72.8583354, 0.0 ], [ 19.1945649, 72.8583364, 0.0 ], [ 19.1945752, 72.8583111, 0.0 ], [ 19.1945776, 72.8583058, 0.0 ], [ 19.1946149, 72.8582272, 0.0 ], [ 19.1946331, 72.858189, 0.0 ], [ 19.1946531, 72.8581664, 0.0 ], [ 19.1945721, 72.8578577, 0.0 ], [ 19.1944974, 72.8576242, 0.0 ], [ 19.1944382, 72.8574392, 0.0 ], [ 19.1944367, 72.8573893, 0.0 ], [ 19.1944362, 72.8573721, 0.0 ], [ 19.1944362, 72.857372, 0.0 ], [ 19.1944327, 72.857249, 0.0 ], [ 19.1944302, 72.8571635, 0.0 ], [ 19.1943779, 72.856818, 0.0 ], [ 19.1943658, 72.8567338, 0.0 ], [ 19.1943646, 72.8567255, 0.0 ], [ 19.1943521, 72.8566377, 0.0 ], [ 19.1943471, 72.8564271, 0.0 ], [ 19.1943471, 72.8564262, 0.0 ], [ 19.194347, 72.8564252, 0.0 ], [ 19.1943441, 72.8562979, 0.0 ], [ 19.194344, 72.8562978, 0.0 ], [ 19.194344, 72.8562975, 0.0 ], [ 19.1942004, 72.8560491, 0.0 ], [ 19.1941775, 72.8560137, 0.0 ], [ 19.1941774, 72.8560136, 0.0 ], [ 19.1941742, 72.8560087, 0.0 ], [ 19.1940266, 72.8557801, 0.0 ], [ 19.1940086, 72.8557493, 0.0 ], [ 19.1939716, 72.8556572, 0.0 ], [ 19.1939484, 72.8555608, 0.0 ], [ 19.1939484, 72.8555607, 0.0 ], [ 19.1939484, 72.8555607, 0.0 ], [ 19.1939436, 72.8555405, 0.0 ], [ 19.19394, 72.8555251, 0.0 ], [ 19.1939189, 72.8554946, 0.0 ], [ 19.1939177, 72.8554928, 0.0 ], [ 19.1939176, 72.8554927, 0.0 ], [ 19.1938785, 72.8554357, 0.0 ], [ 19.1938665, 72.8554136, 0.0 ], [ 19.1937915, 72.8552754, 0.0 ], [ 19.1937915, 72.8552753, 0.0 ], [ 19.1937805, 72.855255, 0.0 ], [ 19.193772, 72.8552394, 0.0 ], [ 19.1936967, 72.8551003, 0.0 ], [ 19.1936858, 72.8547786, 0.0 ], [ 19.1937184, 72.8545645, 0.0 ], [ 19.1937548, 72.8543247, 0.0 ], [ 19.1937654, 72.8542714, 0.0 ], [ 19.1937688, 72.8542542, 0.0 ], [ 19.1937808, 72.8541937, 0.0 ], [ 19.1937808, 72.8541936, 0.0 ], [ 19.1937959, 72.8541176, 0.0 ], [ 19.1938483, 72.8538546, 0.0 ], [ 19.1938729, 72.8537309, 0.0 ], [ 19.1938763, 72.8537134, 0.0 ], [ 19.1938933, 72.8536793, 0.0 ], [ 19.1939078, 72.8536501, 0.0 ], [ 19.1941999, 72.8536416, 0.0 ], [ 19.1947564, 72.8536256, 0.0 ], [ 19.1948648, 72.8536224, 0.0 ], [ 19.1950227, 72.8536179, 0.0 ], [ 19.1950366, 72.8536175, 0.0 ], [ 19.1952081, 72.8536125, 0.0 ], [ 19.1954572, 72.8536058, 0.0 ], [ 19.1957376, 72.8535982, 0.0 ], [ 19.1957378, 72.8537067, 0.0 ], [ 19.1957378, 72.8537088, 0.0 ], [ 19.195738, 72.8538482, 0.0 ], [ 19.1957559, 72.8538822, 0.0 ], [ 19.1958411, 72.8540438, 0.0 ], [ 19.1958947, 72.8541049, 0.0 ], [ 19.1964027, 72.8540043, 0.0 ], [ 19.1964755, 72.8539957, 0.0 ], [ 19.1969453, 72.85394, 0.0 ], [ 19.19698, 72.8539468, 0.0 ], [ 19.1969849, 72.8539478, 0.0 ], [ 19.1976993, 72.8538594, 0.0 ], [ 19.1977997, 72.8538461, 0.0 ], [ 19.1981168, 72.8538041, 0.0 ], [ 19.1981263, 72.8538029, 0.0 ], [ 19.1985816, 72.8537426, 0.0 ], [ 19.1986549, 72.8537329, 0.0 ], [ 19.1988141, 72.8537119, 0.0 ], [ 19.1988229, 72.8537092, 0.0 ], [ 19.1988591, 72.8536981, 0.0 ], [ 19.1988945, 72.8536816, 0.0 ], [ 19.1988985, 72.8536798, 0.0 ], [ 19.1988987, 72.8536797, 0.0 ], [ 19.1988981, 72.8536678, 0.0 ], [ 19.1988975, 72.8536537, 0.0 ], [ 19.1988914, 72.8535287, 0.0 ], [ 19.1988868, 72.8534357, 0.0 ], [ 19.1988687, 72.8530629, 0.0 ], [ 19.198862, 72.8529252, 0.0 ], [ 19.1988611, 72.8529065, 0.0 ], [ 19.1988564, 72.8528102, 0.0 ], [ 19.1988492, 72.8526616, 0.0 ], [ 19.1988408, 72.8524889, 0.0 ], [ 19.1988398, 72.8524698, 0.0 ], [ 19.1988226, 72.8521153, 0.0 ], [ 19.1987989, 72.8516284, 0.0 ], [ 19.1987969, 72.8515886, 0.0 ], [ 19.1987956, 72.8515602, 0.0 ], [ 19.1987958, 72.8515601, 0.0 ], [ 19.1988419, 72.8515242, 0.0 ], [ 19.1988445, 72.8515222, 0.0 ], [ 19.1989193, 72.851464, 0.0 ], [ 19.19892, 72.8514505, 0.0 ], [ 19.1989225, 72.8514004, 0.0 ], [ 19.1989233, 72.8513857, 0.0 ], [ 19.1989258, 72.8513363, 0.0 ], [ 19.1989276, 72.8512711, 0.0 ], [ 19.1989305, 72.8511602, 0.0 ], [ 19.198782, 72.8511236, 0.0 ], [ 19.1985456, 72.8510685, 0.0 ], [ 19.1983446, 72.8510229, 0.0 ], [ 19.1982318, 72.8509973, 0.0 ], [ 19.1980911, 72.8509739, 0.0 ], [ 19.1978956, 72.8509413, 0.0 ], [ 19.1978817, 72.850939, 0.0 ], [ 19.1976944, 72.8509079, 0.0 ], [ 19.1973911, 72.8508574, 0.0 ], [ 19.1969644, 72.8508209, 0.0 ], [ 19.1963904, 72.8507653, 0.0 ], [ 19.1960103, 72.8507372, 0.0 ], [ 19.1956038, 72.8507093, 0.0 ], [ 19.1954117, 72.8506835, 0.0 ], [ 19.1953238, 72.8506635, 0.0 ], [ 19.195166, 72.8506274, 0.0 ], [ 19.1950186, 72.8505937, 0.0 ], [ 19.1950011, 72.8505897, 0.0 ], [ 19.1948714, 72.8505601, 0.0 ], [ 19.1948702, 72.8505598, 0.0 ], [ 19.1948701, 72.8505598, 0.0 ], [ 19.19487, 72.8505598, 0.0 ], [ 19.1948234, 72.8505502, 0.0 ], [ 19.1948255, 72.8505364, 0.0 ], [ 19.1948312, 72.8504992, 0.0 ], [ 19.1948526, 72.8502542, 0.0 ], [ 19.1948527, 72.8502542, 0.0 ], [ 19.1948814, 72.8499394, 0.0 ], [ 19.1949104, 72.8495202, 0.0 ], [ 19.1948806, 72.8494635, 0.0 ], [ 19.194895, 72.849075, 0.0 ], [ 19.1949125, 72.8488237, 0.0 ], [ 19.1949107, 72.8483231, 0.0 ], [ 19.1948866, 72.8480454, 0.0 ], [ 19.1948871, 72.8478706, 0.0 ], [ 19.1949188, 72.8475272, 0.0 ], [ 19.1949611, 72.8473055, 0.0 ], [ 19.1949764, 72.8472048, 0.0 ], [ 19.1949832, 72.8471566, 0.0 ], [ 19.1953496, 72.8471922, 0.0 ], [ 19.1953743, 72.847083, 0.0 ], [ 19.1954082, 72.8469465, 0.0 ], [ 19.1954632, 72.8467271, 0.0 ], [ 19.1954853, 72.8465862, 0.0 ], [ 19.1954883, 72.8464323, 0.0 ], [ 19.195476, 72.8462697, 0.0 ], [ 19.1954495, 72.8459994, 0.0 ], [ 19.1954268, 72.8457445, 0.0 ], [ 19.1953994, 72.845411, 0.0 ], [ 19.1953788, 72.8452347, 0.0 ], [ 19.1955109, 72.8452191, 0.0 ], [ 19.1958379, 72.8451783, 0.0 ], [ 19.196098, 72.8451467, 0.0 ], [ 19.1963128, 72.8451158, 0.0 ], [ 19.1964405, 72.8450975, 0.0 ], [ 19.1964037, 72.844745, 0.0 ], [ 19.1963793, 72.8445055, 0.0 ], [ 19.196398, 72.8444951, 0.0 ], [ 19.1965195, 72.8444213, 0.0 ], [ 19.1965316, 72.8444139, 0.0 ], [ 19.1966965, 72.8443139, 0.0 ], [ 19.1967168, 72.8443022, 0.0 ], [ 19.1969863, 72.8441468, 0.0 ], [ 19.1970217, 72.8441268, 0.0 ], [ 19.1972706, 72.8439276, 0.0 ], [ 19.1973234, 72.8438861, 0.0 ], [ 19.1975398, 72.8437505, 0.0 ], [ 19.1975482, 72.8437451, 0.0 ], [ 19.1976695, 72.8436238, 0.0 ], [ 19.197704, 72.8435892, 0.0 ], [ 19.1978245, 72.8435215, 0.0 ], [ 19.1979328, 72.8434857, 0.0 ], [ 19.1980174, 72.8434737, 0.0 ], [ 19.1980833, 72.8434498, 0.0 ], [ 19.1982182, 72.8433806, 0.0 ], [ 19.1982516, 72.8433656, 0.0 ], [ 19.1982937, 72.8433473, 0.0 ], [ 19.1983258, 72.8433241, 0.0 ], [ 19.1984559, 72.8432625, 0.0 ], [ 19.1986348, 72.8431688, 0.0 ], [ 19.198723, 72.843105, 0.0 ], [ 19.1988781, 72.8429861, 0.0 ], [ 19.1990122, 72.8428865, 0.0 ], [ 19.199394, 72.8425931, 0.0 ], [ 19.19947, 72.8424077, 0.0 ], [ 19.199552, 72.8421629, 0.0 ], [ 19.1996135, 72.8419097, 0.0 ], [ 19.1996292, 72.8417416, 0.0 ], [ 19.1996485, 72.8416153, 0.0 ], [ 19.1997037, 72.8412684, 0.0 ], [ 19.1998096, 72.8411639, 0.0 ], [ 19.199926, 72.8410112, 0.0 ], [ 19.1999425, 72.8409896, 0.0 ], [ 19.1999551, 72.8409619, 0.0 ], [ 19.1999551, 72.8409617, 0.0 ], [ 19.1999566, 72.8409593, 0.0 ], [ 19.1999853, 72.8409115, 0.0 ], [ 19.1999928, 72.8408988, 0.0 ], [ 19.2000017, 72.8408867, 0.0 ], [ 19.200059, 72.8408083, 0.0 ], [ 19.2001232, 72.840725, 0.0 ], [ 19.2001301, 72.8407114, 0.0 ], [ 19.2001336, 72.8407045, 0.0 ], [ 19.2001429, 72.8406863, 0.0 ], [ 19.2001885, 72.8405965, 0.0 ], [ 19.2002068, 72.8405605, 0.0 ], [ 19.2002085, 72.8404947, 0.0 ], [ 19.2002097, 72.8404461, 0.0 ], [ 19.2002124, 72.8404272, 0.0 ], [ 19.2002802, 72.8401233, 0.0 ], [ 19.2002828, 72.8401153, 0.0 ], [ 19.200308, 72.8400374, 0.0 ], [ 19.2003148, 72.8400185, 0.0 ], [ 19.2003491, 72.8399239, 0.0 ], [ 19.2003539, 72.8399105, 0.0 ], [ 19.2003661, 72.8398863, 0.0 ], [ 19.2003743, 72.8398699, 0.0 ], [ 19.200427, 72.8397573, 0.0 ], [ 19.2004077, 72.8395144, 0.0 ], [ 19.2003927, 72.8393874, 0.0 ], [ 19.2003908, 72.8393688, 0.0 ], [ 19.2003939, 72.8393577, 0.0 ], [ 19.2004063, 72.8392705, 0.0 ], [ 19.200412, 72.8392462, 0.0 ], [ 19.2004299, 72.8391854, 0.0 ], [ 19.2004366, 72.8391664, 0.0 ], [ 19.2004451, 72.8391369, 0.0 ], [ 19.2004506, 72.8391203, 0.0 ], [ 19.2004727, 72.8390524, 0.0 ], [ 19.2004774, 72.8390367, 0.0 ], [ 19.2004892, 72.8390003, 0.0 ], [ 19.200493, 72.8389855, 0.0 ], [ 19.2004974, 72.8388591, 0.0 ], [ 19.2005016, 72.8387374, 0.0 ], [ 19.2005026, 72.8387076, 0.0 ], [ 19.2005069, 72.8386642, 0.0 ], [ 19.2005281, 72.8384481, 0.0 ], [ 19.2005883, 72.838196, 0.0 ], [ 19.2006643, 72.8380925, 0.0 ], [ 19.2006708, 72.8380256, 0.0 ], [ 19.2006754, 72.8379785, 0.0 ], [ 19.200682, 72.8379099, 0.0 ], [ 19.2006569, 72.8377295, 0.0 ], [ 19.2006406, 72.8376129, 0.0 ], [ 19.2006512, 72.8374535, 0.0 ], [ 19.2006553, 72.8373915, 0.0 ], [ 19.2006606, 72.8373105, 0.0 ], [ 19.2006709, 72.8370179, 0.0 ], [ 19.2006719, 72.8369899, 0.0 ], [ 19.2006783, 72.8369845, 0.0 ], [ 19.2006835, 72.8369542, 0.0 ], [ 19.2006885, 72.8369248, 0.0 ], [ 19.2007008, 72.8368521, 0.0 ], [ 19.2007065, 72.8368183, 0.0 ], [ 19.2007125, 72.8367831, 0.0 ], [ 19.2007152, 72.8367671, 0.0 ], [ 19.2007285, 72.8366888, 0.0 ], [ 19.2007578, 72.8365164, 0.0 ], [ 19.200765, 72.8364737, 0.0 ], [ 19.2007852, 72.8363553, 0.0 ], [ 19.2007852, 72.8363551, 0.0 ], [ 19.2009439, 72.8360925, 0.0 ], [ 19.2009539, 72.8360759, 0.0 ], [ 19.2009966, 72.8359317, 0.0 ], [ 19.2009343, 72.835699, 0.0 ], [ 19.2009082, 72.8356014, 0.0 ], [ 19.2007656, 72.8353976, 0.0 ], [ 19.2006473, 72.8352285, 0.0 ], [ 19.2005478, 72.8350862, 0.0 ], [ 19.2003729, 72.8347097, 0.0 ], [ 19.2003703, 72.8347028, 0.0 ], [ 19.200365, 72.8346885, 0.0 ], [ 19.2003506, 72.8346497, 0.0 ], [ 19.2002597, 72.8344045, 0.0 ], [ 19.2002479, 72.8343726, 0.0 ], [ 19.2002453, 72.8343655, 0.0 ], [ 19.200222, 72.8343026, 0.0 ], [ 19.2001877, 72.8342101, 0.0 ], [ 19.2001448, 72.8340945, 0.0 ], [ 19.2001447, 72.8340941, 0.0 ], [ 19.2001414, 72.8340853, 0.0 ], [ 19.2001269, 72.8340469, 0.0 ], [ 19.2000896, 72.8339451, 0.0 ], [ 19.2000704, 72.8339022, 0.0 ], [ 19.2000447, 72.833845, 0.0 ], [ 19.2000061, 72.8337589, 0.0 ], [ 19.1999986, 72.8337425, 0.0 ], [ 19.1999049, 72.8335373, 0.0 ], [ 19.1999014, 72.8335295, 0.0 ], [ 19.1998894, 72.8335033, 0.0 ], [ 19.199862, 72.8334219, 0.0 ], [ 19.1998402, 72.8333571, 0.0 ], [ 19.1998299, 72.8333264, 0.0 ], [ 19.1998106, 72.8332689, 0.0 ], [ 19.1998081, 72.8332616, 0.0 ], [ 19.1997721, 72.8331546, 0.0 ], [ 19.1997626, 72.8331262, 0.0 ], [ 19.1997607, 72.8331208, 0.0 ], [ 19.1997475, 72.833084, 0.0 ], [ 19.1997176, 72.833, 0.0 ], [ 19.199704, 72.8329618, 0.0 ], [ 19.1996896, 72.8329216, 0.0 ], [ 19.199669, 72.8328636, 0.0 ], [ 19.1996608, 72.8328405, 0.0 ], [ 19.1996571, 72.8328303, 0.0 ], [ 19.1996526, 72.8328177, 0.0 ], [ 19.1996313, 72.8327577, 0.0 ], [ 19.1996153, 72.8327131, 0.0 ], [ 19.1995479, 72.8325239, 0.0 ], [ 19.1995167, 72.832439, 0.0 ], [ 19.1994637, 72.8322949, 0.0 ], [ 19.199411, 72.8321517, 0.0 ], [ 19.1993636, 72.8320229, 0.0 ], [ 19.199277, 72.8319579, 0.0 ], [ 19.1992544, 72.8319409, 0.0 ], [ 19.199194, 72.8318955, 0.0 ], [ 19.1991932, 72.831892, 0.0 ], [ 19.1990841, 72.8318094, 0.0 ], [ 19.1990489, 72.8317828, 0.0 ], [ 19.1989252, 72.8316892, 0.0 ], [ 19.1989127, 72.8316919, 0.0 ], [ 19.1986024, 72.8317595, 0.0 ], [ 19.1983678, 72.8318105, 0.0 ], [ 19.1982208, 72.8318578, 0.0 ], [ 19.1981439, 72.8318023, 0.0 ], [ 19.1980296, 72.8317249, 0.0 ], [ 19.1978962, 72.8316162, 0.0 ], [ 19.1976224, 72.8314312, 0.0 ], [ 19.1975928, 72.8314116, 0.0 ], [ 19.1972461, 72.8311818, 0.0 ], [ 19.1971858, 72.8311431, 0.0 ], [ 19.1971816, 72.831142, 0.0 ], [ 19.1970441, 72.8310595, 0.0 ], [ 19.1969365, 72.8309948, 0.0 ], [ 19.1965867, 72.8307848, 0.0 ], [ 19.1962639, 72.8306506, 0.0 ], [ 19.1967213, 72.8301681, 0.0 ], [ 19.1971002, 72.8297741, 0.0 ], [ 19.197466, 72.8293666, 0.0 ], [ 19.1977046, 72.8291077, 0.0 ], [ 19.1981112, 72.8292139, 0.0 ], [ 19.1981623, 72.8292272, 0.0 ], [ 19.198289, 72.8292617, 0.0 ], [ 19.1989518, 72.8294422, 0.0 ], [ 19.1991074, 72.8294133, 0.0 ], [ 19.1991136, 72.8294121, 0.0 ], [ 19.1991384, 72.8294073, 0.0 ], [ 19.1992402, 72.8293876, 0.0 ], [ 19.1992447, 72.8293868, 0.0 ], [ 19.1992488, 72.829386, 0.0 ], [ 19.1992514, 72.8293855, 0.0 ], [ 19.1992582, 72.8293473, 0.0 ], [ 19.1993127, 72.8290377, 0.0 ], [ 19.199316, 72.8290192, 0.0 ], [ 19.1993203, 72.828995, 0.0 ], [ 19.1993998, 72.8288835, 0.0 ], [ 19.1995358, 72.828693, 0.0 ], [ 19.199551, 72.8286718, 0.0 ], [ 19.1996203, 72.8285745, 0.0 ], [ 19.1996784, 72.8285489, 0.0 ], [ 19.1997348, 72.828524, 0.0 ], [ 19.1997414, 72.8285211, 0.0 ], [ 19.1997591, 72.8285132, 0.0 ], [ 19.1998503, 72.8284729, 0.0 ], [ 19.1998626, 72.8284675, 0.0 ], [ 19.1998628, 72.8284674, 0.0 ], [ 19.1998902, 72.8284554, 0.0 ], [ 19.1999493, 72.8284293, 0.0 ], [ 19.2000318, 72.8283929, 0.0 ], [ 19.2000515, 72.8283738, 0.0 ], [ 19.2000516, 72.8283737, 0.0 ], [ 19.2000737, 72.8283523, 0.0 ], [ 19.2001341, 72.828294, 0.0 ], [ 19.2002166, 72.8282143, 0.0 ], [ 19.2002751, 72.8281579, 0.0 ], [ 19.2004261, 72.8280175, 0.0 ], [ 19.2004261, 72.8280175, 0.0 ], [ 19.2004338, 72.8280071, 0.0 ], [ 19.200437, 72.8280027, 0.0 ], [ 19.2004372, 72.8280025, 0.0 ], [ 19.2004538, 72.8279862, 0.0 ], [ 19.200475, 72.8279654, 0.0 ], [ 19.2005985, 72.8278443, 0.0 ], [ 19.2006005, 72.8278423, 0.0 ], [ 19.2006731, 72.8277849, 0.0 ], [ 19.2006846, 72.8277729, 0.0 ], [ 19.2006967, 72.8277603, 0.0 ], [ 19.2006973, 72.8277598, 0.0 ], [ 19.20072, 72.8277823, 0.0 ], [ 19.2007791, 72.8278407, 0.0 ], [ 19.2008109, 72.8278717, 0.0 ], [ 19.2009027, 72.8279611, 0.0 ], [ 19.2009038, 72.8279602, 0.0 ], [ 19.2010052, 72.8278818, 0.0 ], [ 19.2010363, 72.8278577, 0.0 ], [ 19.2015935, 72.8274263, 0.0 ], [ 19.2015939, 72.827426, 0.0 ], [ 19.2016133, 72.8273962, 0.0 ], [ 19.2020498, 72.8267243, 0.0 ], [ 19.2024052, 72.8261773, 0.0 ], [ 19.2025336, 72.8259797, 0.0 ], [ 19.2029339, 72.8253762, 0.0 ], [ 19.2030558, 72.8251925, 0.0 ], [ 19.2034542, 72.8245918, 0.0 ], [ 19.2038103, 72.8240603, 0.0 ], [ 19.2039728, 72.8238178, 0.0 ], [ 19.2045115, 72.8230136, 0.0 ], [ 19.2045116, 72.8230135, 0.0 ], [ 19.2045333, 72.8230053, 0.0 ], [ 19.2047812, 72.8229111, 0.0 ], [ 19.2048396, 72.822889, 0.0 ], [ 19.2049853, 72.8228336, 0.0 ], [ 19.2049027, 72.8221305, 0.0 ], [ 19.2048673, 72.8218297, 0.0 ], [ 19.2048441, 72.8216003, 0.0 ], [ 19.2048425, 72.8215933, 0.0 ], [ 19.2048286, 72.82142, 0.0 ], [ 19.2048284, 72.8214166, 0.0 ], [ 19.204812, 72.8212466, 0.0 ], [ 19.2047798, 72.8209132, 0.0 ], [ 19.2047636, 72.8207459, 0.0 ], [ 19.2047619, 72.8207278, 0.0 ], [ 19.2047427, 72.8205286, 0.0 ], [ 19.2047329, 72.8203937, 0.0 ], [ 19.2047198, 72.8202333, 0.0 ], [ 19.2047159, 72.8202091, 0.0 ], [ 19.2046992, 72.8201045, 0.0 ], [ 19.2046748, 72.8198735, 0.0 ], [ 19.2046041, 72.8191208, 0.0 ], [ 19.2046024, 72.819104, 0.0 ], [ 19.2046002, 72.8190814, 0.0 ], [ 19.2045967, 72.8190485, 0.0 ], [ 19.204594, 72.8190231, 0.0 ], [ 19.2045932, 72.8190154, 0.0 ], [ 19.2045847, 72.8189353, 0.0 ], [ 19.2045775, 72.8188633, 0.0 ], [ 19.2045719, 72.8188082, 0.0 ], [ 19.2045595, 72.8186842, 0.0 ], [ 19.2045542, 72.818625, 0.0 ], [ 19.2045528, 72.8186084, 0.0 ], [ 19.2045462, 72.8185353, 0.0 ], [ 19.2045361, 72.8184212, 0.0 ], [ 19.2045276, 72.8183714, 0.0 ], [ 19.2045269, 72.8183675, 0.0 ], [ 19.2045257, 72.8183603, 0.0 ], [ 19.2045217, 72.8183368, 0.0 ], [ 19.2045217, 72.8183364, 0.0 ], [ 19.2044959, 72.8181259, 0.0 ], [ 19.2044427, 72.8173411, 0.0 ], [ 19.2044374, 72.8172851, 0.0 ], [ 19.2044368, 72.8172787, 0.0 ], [ 19.2044322, 72.817229, 0.0 ], [ 19.204376, 72.8166324, 0.0 ], [ 19.2043759, 72.8166317, 0.0 ], [ 19.2043895, 72.8165305, 0.0 ], [ 19.2043897, 72.8165283, 0.0 ], [ 19.2043978, 72.8164377, 0.0 ], [ 19.2043988, 72.8164257, 0.0 ], [ 19.204403, 72.816362, 0.0 ], [ 19.2044035, 72.8163546, 0.0 ], [ 19.2044048, 72.8163337, 0.0 ], [ 19.2044073, 72.8162948, 0.0 ], [ 19.2044092, 72.8162661, 0.0 ], [ 19.2044093, 72.8162646, 0.0 ], [ 19.2044093, 72.8162638, 0.0 ], [ 19.204429, 72.8160155, 0.0 ], [ 19.2044312, 72.8159872, 0.0 ], [ 19.2044313, 72.8159859, 0.0 ], [ 19.2046392, 72.8150443, 0.0 ], [ 19.204694, 72.8147953, 0.0 ], [ 19.204716, 72.814695, 0.0 ], [ 19.2047531, 72.8145268, 0.0 ], [ 19.2047976, 72.8143244, 0.0 ], [ 19.2056471, 72.8126471, 0.0 ], [ 19.2057748, 72.8123739, 0.0 ], [ 19.2058964, 72.8121041, 0.0 ], [ 19.2060325, 72.811802, 0.0 ], [ 19.2060642, 72.8117316, 0.0 ], [ 19.2061622, 72.81155, 0.0 ], [ 19.2062398, 72.8114061, 0.0 ], [ 19.2065018, 72.8109207, 0.0 ], [ 19.2073046, 72.8110466, 0.0 ], [ 19.2074532, 72.8110699, 0.0 ], [ 19.207601, 72.8110206, 0.0 ], [ 19.2079483, 72.8109046, 0.0 ], [ 19.2082577, 72.8110665, 0.0 ], [ 19.208256, 72.811061, 0.0 ], [ 19.2080587, 72.810391, 0.0 ], [ 19.2080638, 72.8103915, 0.0 ], [ 19.2084215, 72.8104276, 0.0 ], [ 19.2085241, 72.8104334, 0.0 ], [ 19.208597, 72.8104376, 0.0 ], [ 19.2086666, 72.8101846, 0.0 ], [ 19.2087127, 72.810017, 0.0 ], [ 19.2087132, 72.8100153, 0.0 ], [ 19.2084079, 72.8095988, 0.0 ], [ 19.2084066, 72.809597, 0.0 ], [ 19.2085484, 72.8094699, 0.0 ], [ 19.2085564, 72.8094627, 0.0 ], [ 19.208558, 72.8094613, 0.0 ], [ 19.208617, 72.8094083, 0.0 ], [ 19.2086189, 72.8094066, 0.0 ], [ 19.2086496, 72.8093834, 0.0 ], [ 19.2089484, 72.8091573, 0.0 ], [ 19.2096935, 72.8085963, 0.0 ], [ 19.2099285, 72.8086634, 0.0 ], [ 19.2099798, 72.808678, 0.0 ], [ 19.2101291, 72.8087206, 0.0 ], [ 19.210769, 72.8089032, 0.0 ], [ 19.2107898, 72.8088838, 0.0 ], [ 19.2107898, 72.8088838, 0.0 ], [ 19.2107982, 72.8088759, 0.0 ], [ 19.2108459, 72.8088313, 0.0 ], [ 19.2109831, 72.8087031, 0.0 ], [ 19.2111159, 72.8085789, 0.0 ], [ 19.2113541, 72.8083562, 0.0 ], [ 19.2114003, 72.8083219, 0.0 ], [ 19.2114567, 72.8082801, 0.0 ], [ 19.2115603, 72.8082033, 0.0 ], [ 19.2117593, 72.8080557, 0.0 ], [ 19.2119395, 72.807922, 0.0 ], [ 19.2119427, 72.8079197, 0.0 ], [ 19.2119426, 72.8079196, 0.0 ], [ 19.2119405, 72.807918, 0.0 ], [ 19.2123729, 72.8062056, 0.0 ], [ 19.2123959, 72.806158, 0.0 ], [ 19.212415, 72.8061185, 0.0 ], [ 19.2126934, 72.8055416, 0.0 ], [ 19.2130474, 72.8042385, 0.0 ], [ 19.2135014, 72.8033859, 0.0 ], [ 19.2141438, 72.8036061, 0.0 ], [ 19.2146087, 72.8110646, 0.0 ], [ 19.2147338, 72.8126176, 0.0 ], [ 19.2149793, 72.8145866, 0.0 ], [ 19.2150251, 72.8150355, 0.0 ], [ 19.2150742, 72.8155083, 0.0 ], [ 19.2151222, 72.815935, 0.0 ], [ 19.2151562, 72.8163292, 0.0 ], [ 19.2151651, 72.8164317, 0.0 ], [ 19.2152038, 72.8168798, 0.0 ], [ 19.2152545, 72.8173684, 0.0 ], [ 19.2153206, 72.8179286, 0.0 ], [ 19.2153863, 72.8186142, 0.0 ], [ 19.2154476, 72.8192545, 0.0 ], [ 19.2154924, 72.8197212, 0.0 ], [ 19.2155273, 72.8200816, 0.0 ], [ 19.2155782, 72.8205296, 0.0 ], [ 19.2156079, 72.8209757, 0.0 ], [ 19.2156119, 72.8213362, 0.0 ], [ 19.2156022, 72.8216477, 0.0 ], [ 19.2155882, 72.8219488, 0.0 ], [ 19.2155702, 72.8222499, 0.0 ], [ 19.2155586, 72.8224999, 0.0 ], [ 19.2155339, 72.8231253, 0.0 ], [ 19.2155202, 72.8233981, 0.0 ], [ 19.2154964, 72.8239105, 0.0 ], [ 19.2154881, 72.8241345, 0.0 ], [ 19.2154718, 72.8245755, 0.0 ], [ 19.2154515, 72.8249769, 0.0 ], [ 19.2154439, 72.8251253, 0.0 ], [ 19.2154397, 72.82527, 0.0 ], [ 19.2154294, 72.8256312, 0.0 ], [ 19.2154262, 72.825697, 0.0 ], [ 19.2154137, 72.8259599, 0.0 ], [ 19.2154048, 72.8261456, 0.0 ], [ 19.2153962, 72.826326, 0.0 ], [ 19.2153793, 72.8266626, 0.0 ], [ 19.2153643, 72.8270128, 0.0 ], [ 19.2153525, 72.8272889, 0.0 ], [ 19.2153451, 72.8274629, 0.0 ], [ 19.215338, 72.8276206, 0.0 ], [ 19.215318, 72.8280688, 0.0 ], [ 19.2153085, 72.828523, 0.0 ], [ 19.215306, 72.8288725, 0.0 ], [ 19.2153055, 72.8289433, 0.0 ], [ 19.2153069, 72.8289939, 0.0 ], [ 19.2153178, 72.8295876, 0.0 ], [ 19.2153201, 72.8299711, 0.0 ], [ 19.2153212, 72.8301495, 0.0 ], [ 19.2153213, 72.8305878, 0.0 ], [ 19.2153213, 72.8307541, 0.0 ], [ 19.2153213, 72.8311057, 0.0 ], [ 19.2153215, 72.8317207, 0.0 ], [ 19.2153235, 72.8320723, 0.0 ], [ 19.2153245, 72.8322588, 0.0 ], [ 19.2153267, 72.8326502, 0.0 ], [ 19.2153289, 72.8329724, 0.0 ], [ 19.2153321, 72.833244, 0.0 ], [ 19.2153823, 72.8357761, 0.0 ], [ 19.2153624, 72.836024, 0.0 ], [ 19.2153011, 72.8363931, 0.0 ], [ 19.2152544, 72.8366883, 0.0 ], [ 19.2151879, 72.8371023, 0.0 ], [ 19.2151495, 72.8373834, 0.0 ], [ 19.2151217, 72.8375876, 0.0 ], [ 19.2151073, 72.8377691, 0.0 ], [ 19.2151008, 72.8382572, 0.0 ], [ 19.2141851, 72.8397845, 0.0 ], [ 19.2136724, 72.840656, 0.0 ], [ 19.2134045, 72.84115, 0.0 ], [ 19.2131174, 72.8418984, 0.0 ], [ 19.2129404, 72.8424109, 0.0 ], [ 19.2128093, 72.8430733, 0.0 ], [ 19.212588, 72.843771, 0.0 ], [ 19.2123202, 72.844788, 0.0 ], [ 19.212199, 72.8454507, 0.0 ], [ 19.2121543, 72.8459802, 0.0 ], [ 19.2121509, 72.8462698, 0.0 ], [ 19.2121829, 72.8466767, 0.0 ], [ 19.2122404, 72.8472371, 0.0 ], [ 19.2122996, 72.847658, 0.0 ], [ 19.2124423, 72.8482423, 0.0 ], [ 19.2126979, 72.8489037, 0.0 ], [ 19.2129562, 72.8494982, 0.0 ], [ 19.2132338, 72.8500708, 0.0 ], [ 19.2134119, 72.8504383, 0.0 ], [ 19.2138551, 72.8511557, 0.0 ], [ 19.2135389, 72.8514872, 0.0 ], [ 19.2136341, 72.8516263, 0.0 ], [ 19.2137422, 72.8518459, 0.0 ], [ 19.2138259, 72.8524307, 0.0 ], [ 19.2138835, 72.8528668, 0.0 ], [ 19.2139162, 72.8534212, 0.0 ], [ 19.2139064, 72.8535971, 0.0 ], [ 19.2138561, 72.853786, 0.0 ], [ 19.2137596, 72.8540961, 0.0 ], [ 19.2131515, 72.8557359, 0.0 ], [ 19.2129858, 72.8562502, 0.0 ], [ 19.2129494, 72.8563963, 0.0 ], [ 19.2129092, 72.8568362, 0.0 ], [ 19.2128924, 72.8574389, 0.0 ], [ 19.2129701, 72.8587836, 0.0 ], [ 19.2129722, 72.8589058, 0.0 ], [ 19.2130012, 72.860626, 0.0 ], [ 19.2130927, 72.8621312, 0.0 ], [ 19.2131513, 72.8630669, 0.0 ], [ 19.2130703, 72.8634797, 0.0 ], [ 19.2133284, 72.8645534, 0.0 ], [ 19.2137153, 72.8660297, 0.0 ], [ 19.2141098, 72.8675705, 0.0 ], [ 19.2141106, 72.8675697, 0.0 ], [ 19.2145253, 72.8688972, 0.0 ], [ 19.2145346, 72.8689433, 0.0 ], [ 19.2145537, 72.8692015, 0.0 ], [ 19.2145311, 72.8704473, 0.0 ], [ 19.2145429, 72.8716493, 0.0 ], [ 19.2145175, 72.8721735, 0.0 ], [ 19.2144942, 72.8726547, 0.0 ], [ 19.2144869, 72.8742597, 0.0 ], [ 19.2144799, 72.8751513, 0.0 ], [ 19.2144575, 72.8768327, 0.0 ], [ 19.2144459, 72.8775813, 0.0 ], [ 19.2143757, 72.8776214, 0.0 ], [ 19.2143013, 72.8776511, 0.0 ], [ 19.2142504, 72.8776652, 0.0 ], [ 19.2141836, 72.8776746, 0.0 ], [ 19.2141776, 72.8777182, 0.0 ], [ 19.2141119, 72.8781926, 0.0 ], [ 19.2141112, 72.8781961, 0.0 ], [ 19.2141111, 72.8781965, 0.0 ], [ 19.2141135, 72.8781999, 0.0 ], [ 19.214323, 72.8784943, 0.0 ], [ 19.2145217, 72.8787864, 0.0 ], [ 19.214555, 72.8788357, 0.0 ], [ 19.2147624, 72.8791428, 0.0 ], [ 19.2147627, 72.8791432, 0.0 ], [ 19.2148906, 72.8792989, 0.0 ], [ 19.2149746, 72.8793706, 0.0 ], [ 19.215193, 72.8795573, 0.0 ], [ 19.21613, 72.8806696, 0.0 ], [ 19.216375, 72.8809605, 0.0 ], [ 19.2165296, 72.8811391, 0.0 ], [ 19.2173228, 72.8820568, 0.0 ], [ 19.2172237, 72.8823469, 0.0 ], [ 19.2166801, 72.8839387, 0.0 ], [ 19.2166798, 72.8839396, 0.0 ], [ 19.2164756, 72.8845376, 0.0 ], [ 19.2163335, 72.8849663, 0.0 ], [ 19.2163333, 72.884967, 0.0 ], [ 19.2161911, 72.8853961, 0.0 ], [ 19.2161182, 72.8856159, 0.0 ], [ 19.2158827, 72.8863267, 0.0 ], [ 19.2152832, 72.8892003, 0.0 ], [ 19.2149313, 72.889152, 0.0 ], [ 19.2145543, 72.8891039, 0.0 ], [ 19.2140838, 72.8890232, 0.0 ], [ 19.2137674, 72.8889404, 0.0 ], [ 19.2135447, 72.8889017, 0.0 ], [ 19.213211, 72.8888796, 0.0 ], [ 19.2128276, 72.8888958, 0.0 ], [ 19.2124445, 72.8889347, 0.0 ], [ 19.2120586, 72.8890415, 0.0 ], [ 19.2115024, 72.8893127, 0.0 ], [ 19.2111616, 72.8895963, 0.0 ], [ 19.2109363, 72.8899539, 0.0 ], [ 19.2107687, 72.8903485, 0.0 ], [ 19.2107137, 72.8905492, 0.0 ], [ 19.2107053, 72.8907531, 0.0 ], [ 19.2107724, 72.8909786, 0.0 ], [ 19.2107975, 72.8912877, 0.0 ], [ 19.2107433, 72.8915639, 0.0 ], [ 19.210598, 72.8920186, 0.0 ], [ 19.2105437, 72.892291, 0.0 ], [ 19.2105513, 72.8926343, 0.0 ], [ 19.2106411, 72.8929614, 0.0 ], [ 19.2107589, 72.8932354, 0.0 ], [ 19.2107971, 72.8934387, 0.0 ], [ 19.2107967, 72.8937179, 0.0 ], [ 19.2107632, 72.8939184, 0.0 ], [ 19.2106724, 72.8941271, 0.0 ], [ 19.21058, 72.8941962, 0.0 ], [ 19.2104227, 72.8942321, 0.0 ], [ 19.2101858, 72.8942125, 0.0 ], [ 19.2098263, 72.894119, 0.0 ], [ 19.2097773, 72.8941095, 0.0 ], [ 19.20937, 72.8940304, 0.0 ], [ 19.2091112, 72.8939696, 0.0 ], [ 19.2089283, 72.8939681, 0.0 ], [ 19.2088105, 72.8940074, 0.0 ], [ 19.2086821, 72.8940656, 0.0 ], [ 19.2085936, 72.8941611, 0.0 ], [ 19.2085416, 72.8943202, 0.0 ], [ 19.2084636, 72.8947023, 0.0 ], [ 19.2084459, 72.8950384, 0.0 ], [ 19.2084739, 72.8952909, 0.0 ], [ 19.2085671, 72.8955991, 0.0 ], [ 19.2086414, 72.8958246, 0.0 ], [ 19.2086477, 72.8960622, 0.0 ], [ 19.2086185, 72.8963268, 0.0 ], [ 19.2085922, 72.8965346, 0.0 ], [ 19.208601, 72.8966779, 0.0 ], [ 19.2086423, 72.8968397, 0.0 ], [ 19.2086644, 72.8968842, 0.0 ], [ 19.208756, 72.8970684, 0.0 ], [ 19.2089344, 72.8973076, 0.0 ], [ 19.2090149, 72.8974462, 0.0 ], [ 19.2090198, 72.8975594, 0.0 ], [ 19.2089781, 72.8976807, 0.0 ], [ 19.208872, 72.8978028, 0.0 ], [ 19.2087151, 72.8978727, 0.0 ], [ 19.2085035, 72.8978678, 0.0 ], [ 19.2082275, 72.8978713, 0.0 ], [ 19.2079734, 72.8979085, 0.0 ], [ 19.2074613, 72.8979565, 0.0 ], [ 19.2072825, 72.8979928, 0.0 ], [ 19.2071184, 72.8980628, 0.0 ], [ 19.2067125, 72.8983019, 0.0 ], [ 19.206101, 72.8987474, 0.0 ], [ 19.2058947, 72.8988896, 0.0 ], [ 19.2055598, 72.899075, 0.0 ], [ 19.2052143, 72.8992643, 0.0 ], [ 19.2049194, 72.8994406, 0.0 ], [ 19.2047692, 72.8995303, 0.0 ], [ 19.2044224, 72.8997683, 0.0 ], [ 19.2043211, 72.8998379, 0.0 ], [ 19.2040698, 72.9001278, 0.0 ], [ 19.2038434, 72.9003911, 0.0 ], [ 19.2036516, 72.9005445, 0.0 ], [ 19.2034875, 72.9006182, 0.0 ], [ 19.2031801, 72.9006938, 0.0 ], [ 19.2029547, 72.9007344, 0.0 ], [ 19.2027619, 72.900801, 0.0 ], [ 19.2025804, 72.9009128, 0.0 ], [ 19.2023417, 72.9010441, 0.0 ], [ 19.2021175, 72.9011865, 0.0 ], [ 19.201978, 72.9012185, 0.0 ], [ 19.2018203, 72.9012205, 0.0 ], [ 19.2016588, 72.9011999, 0.0 ], [ 19.2013997, 72.9011126, 0.0 ], [ 19.2012234, 72.9010583, 0.0 ], [ 19.2011444, 72.9010517, 0.0 ] ] ] } },
{ "type": "Feature", "id": 9, "properties": { "Name": "\n    T\n   ", "tessellate": 1, "extrude": 0, "visibility": -1, "NAME2": "T\n", "OBJECTID": 10, "Shape__Area": 45130672.537500001, "Shape__Length": 40408.722928800002 }, "geometry": { "type": "Polygon", "coordinates": [ [ [ 19.199988, 72.9354831, 0.0 ], [ 19.1966926, 72.9353267, 0.0 ], [ 19.1939974, 72.9353296, 0.0 ], [ 19.1939974, 72.9353297, 0.0 ], [ 19.191829, 72.9370228, 0.0 ], [ 19.1894857, 72.9395251, 0.0 ], [ 19.1893416, 72.9397428, 0.0 ], [ 19.1892194, 72.9399197, 0.0 ], [ 19.1889986, 72.9402387, 0.0 ], [ 19.1887166, 72.940647, 0.0 ], [ 19.1886481, 72.9407464, 0.0 ], [ 19.1886066, 72.9407925, 0.0 ], [ 19.1885537, 72.9408542, 0.0 ], [ 19.1883303, 72.9410908, 0.0 ], [ 19.1881573, 72.9413343, 0.0 ], [ 19.1880149, 72.9414535, 0.0 ], [ 19.1879479, 72.9415125, 0.0 ], [ 19.1877791, 72.9416517, 0.0 ], [ 19.1873861, 72.94194, 0.0 ], [ 19.1873862, 72.94194, 0.0 ], [ 19.1876548, 72.9422479, 0.0 ], [ 19.187705, 72.9424069, 0.0 ], [ 19.1878532, 72.9428767, 0.0 ], [ 19.1878532, 72.9428767, 0.0 ], [ 19.1877494, 72.9431024, 0.0 ], [ 19.1875968, 72.9434392, 0.0 ], [ 19.1875968, 72.9434392, 0.0 ], [ 19.1877559, 72.9437819, 0.0 ], [ 19.1879767, 72.9442546, 0.0 ], [ 19.1879767, 72.9442547, 0.0 ], [ 19.1879692, 72.9446855, 0.0 ], [ 19.1879692, 72.9446856, 0.0 ], [ 19.1879683, 72.944738, 0.0 ], [ 19.1880811, 72.9449681, 0.0 ], [ 19.1881072, 72.9450214, 0.0 ], [ 19.1881072, 72.9450215, 0.0 ], [ 19.1881388, 72.945931, 0.0 ], [ 19.187967, 72.9461554, 0.0 ], [ 19.1878936, 72.9462931, 0.0 ], [ 19.1878936, 72.9462931, 0.0 ], [ 19.1879536, 72.9463891, 0.0 ], [ 19.1879536, 72.9463892, 0.0 ], [ 19.1878919, 72.946509, 0.0 ], [ 19.1878919, 72.9465091, 0.0 ], [ 19.1880204, 72.9467274, 0.0 ], [ 19.1880204, 72.9467275, 0.0 ], [ 19.1879712, 72.9468632, 0.0 ], [ 19.1877631, 72.946815, 0.0 ], [ 19.1877507, 72.9469237, 0.0 ], [ 19.1877419, 72.9470012, 0.0 ], [ 19.1877022, 72.9471115, 0.0 ], [ 19.1876968, 72.947126, 0.0 ], [ 19.1876911, 72.9471413, 0.0 ], [ 19.1876354, 72.9472902, 0.0 ], [ 19.1876354, 72.9472903, 0.0 ], [ 19.1878151, 72.9475412, 0.0 ], [ 19.1878151, 72.9475413, 0.0 ], [ 19.1877401, 72.9477137, 0.0 ], [ 19.1876458, 72.9479158, 0.0 ], [ 19.1875608, 72.9481166, 0.0 ], [ 19.1875023, 72.948139, 0.0 ], [ 19.1874583, 72.9482819, 0.0 ], [ 19.1874424, 72.948371, 0.0 ], [ 19.187421, 72.9484189, 0.0 ], [ 19.1873603, 72.9485752, 0.0 ], [ 19.1873373, 72.9487125, 0.0 ], [ 19.1873369, 72.9487147, 0.0 ], [ 19.187333, 72.9487377, 0.0 ], [ 19.1873051, 72.9488425, 0.0 ], [ 19.1871481, 72.9491731, 0.0 ], [ 19.1870753, 72.9496059, 0.0 ], [ 19.1868767, 72.949742, 0.0 ], [ 19.1868725, 72.9497485, 0.0 ], [ 19.1867669, 72.9499142, 0.0 ], [ 19.1866561, 72.9500814, 0.0 ], [ 19.186328, 72.950042, 0.0 ], [ 19.1862124, 72.9500261, 0.0 ], [ 19.1859921, 72.9500438, 0.0 ], [ 19.1859468, 72.950074, 0.0 ], [ 19.1859177, 72.9501118, 0.0 ], [ 19.18591, 72.9502049, 0.0 ], [ 19.1858608, 72.9502788, 0.0 ], [ 19.1855758, 72.950568, 0.0 ], [ 19.185438, 72.9508189, 0.0 ], [ 19.1853359, 72.9510045, 0.0 ], [ 19.1852816, 72.9510518, 0.0 ], [ 19.185247, 72.9511086, 0.0 ], [ 19.1851545, 72.9511821, 0.0 ], [ 19.1850595, 72.9512705, 0.0 ], [ 19.1850527, 72.9513046, 0.0 ], [ 19.1850386, 72.9513569, 0.0 ], [ 19.1848762, 72.9522364, 0.0 ], [ 19.1848762, 72.9522365, 0.0 ], [ 19.1848673, 72.9524763, 0.0 ], [ 19.1848517, 72.952534, 0.0 ], [ 19.1848041, 72.9527107, 0.0 ], [ 19.1847877, 72.9528577, 0.0 ], [ 19.1847668, 72.9530582, 0.0 ], [ 19.1847566, 72.953156, 0.0 ], [ 19.1847412, 72.953303, 0.0 ], [ 19.1848442, 72.9534388, 0.0 ], [ 19.184851, 72.9534477, 0.0 ], [ 19.1849157, 72.9537316, 0.0 ], [ 19.1849157, 72.9537316, 0.0 ], [ 19.1848832, 72.9538786, 0.0 ], [ 19.1848598, 72.9540526, 0.0 ], [ 19.1848383, 72.9541478, 0.0 ], [ 19.1847782, 72.9544135, 0.0 ], [ 19.1848044, 72.9544561, 0.0 ], [ 19.1848045, 72.9544561, 0.0 ], [ 19.1848357, 72.9544564, 0.0 ], [ 19.1851701, 72.9544595, 0.0 ], [ 19.1851701, 72.9544596, 0.0 ], [ 19.1851633, 72.9545145, 0.0 ], [ 19.1851633, 72.9545146, 0.0 ], [ 19.1851987, 72.9548856, 0.0 ], [ 19.1851776, 72.9549813, 0.0 ], [ 19.185099, 72.9550346, 0.0 ], [ 19.1848905, 72.9550794, 0.0 ], [ 19.1848693, 72.955084, 0.0 ], [ 19.1848302, 72.9551174, 0.0 ], [ 19.1847606, 72.955177, 0.0 ], [ 19.184698, 72.9553179, 0.0 ], [ 19.1846957, 72.9553232, 0.0 ], [ 19.1846953, 72.9553241, 0.0 ], [ 19.1846512, 72.9554232, 0.0 ], [ 19.1846512, 72.9554233, 0.0 ], [ 19.1843682, 72.955528, 0.0 ], [ 19.1842167, 72.9558557, 0.0 ], [ 19.1841173, 72.95587, 0.0 ], [ 19.1837988, 72.9558877, 0.0 ], [ 19.1837988, 72.9558876, 0.0 ], [ 19.1837983, 72.9558872, 0.0 ], [ 19.1837981, 72.955887, 0.0 ], [ 19.1835684, 72.9556915, 0.0 ], [ 19.1835684, 72.9556915, 0.0 ], [ 19.1833308, 72.9557866, 0.0 ], [ 19.1830071, 72.9564213, 0.0 ], [ 19.182899, 72.9564576, 0.0 ], [ 19.1827644, 72.9565578, 0.0 ], [ 19.1827068, 72.9566637, 0.0 ], [ 19.1827068, 72.9566638, 0.0 ], [ 19.1826957, 72.956996, 0.0 ], [ 19.1826987, 72.9571872, 0.0 ], [ 19.1826987, 72.9571873, 0.0 ], [ 19.1826999, 72.9572628, 0.0 ], [ 19.1826999, 72.9572647, 0.0 ], [ 19.1827011, 72.957343, 0.0 ], [ 19.1825905, 72.9575038, 0.0 ], [ 19.1825905, 72.9575039, 0.0 ], [ 19.1826555, 72.9576686, 0.0 ], [ 19.1826659, 72.9576982, 0.0 ], [ 19.1826659, 72.9576982, 0.0 ], [ 19.1825524, 72.9580208, 0.0 ], [ 19.1821675, 72.9581648, 0.0 ], [ 19.1821528, 72.9583474, 0.0 ], [ 19.1820208, 72.9583964, 0.0 ], [ 19.1819278, 72.958452, 0.0 ], [ 19.1816866, 72.9586574, 0.0 ], [ 19.1810504, 72.9585385, 0.0 ], [ 19.1808092, 72.958622, 0.0 ], [ 19.1807584, 72.95867, 0.0 ], [ 19.1807585, 72.95867, 0.0 ], [ 19.180795, 72.9587441, 0.0 ], [ 19.180858, 72.9588093, 0.0 ], [ 19.180858, 72.9588093, 0.0 ], [ 19.1808146, 72.9590187, 0.0 ], [ 19.1806998, 72.9591399, 0.0 ], [ 19.1804149, 72.9593842, 0.0 ], [ 19.1802074, 72.9595604, 0.0 ], [ 19.180062, 72.9596001, 0.0 ], [ 19.1800619, 72.9596001, 0.0 ], [ 19.1797084, 72.9593925, 0.0 ], [ 19.1797083, 72.9593925, 0.0 ], [ 19.1794204, 72.959394, 0.0 ], [ 19.1793144, 72.9597466, 0.0 ], [ 19.1790616, 72.9597501, 0.0 ], [ 19.178933, 72.9597979, 0.0 ], [ 19.1789001, 72.9601734, 0.0 ], [ 19.1791148, 72.9604985, 0.0 ], [ 19.1791148, 72.9604985, 0.0 ], [ 19.1789015, 72.9607781, 0.0 ], [ 19.1789015, 72.9607781, 0.0 ], [ 19.1789983, 72.9608669, 0.0 ], [ 19.1790084, 72.9608763, 0.0 ], [ 19.1790084, 72.9608763, 0.0 ], [ 19.1788707, 72.9610622, 0.0 ], [ 19.1788708, 72.9610623, 0.0 ], [ 19.1793106, 72.9614361, 0.0 ], [ 19.1794789, 72.9615821, 0.0 ], [ 19.1794788, 72.9615821, 0.0 ], [ 19.1794425, 72.9616685, 0.0 ], [ 19.1793911, 72.9617324, 0.0 ], [ 19.1792042, 72.9618132, 0.0 ], [ 19.1790107, 72.9618567, 0.0 ], [ 19.1786949, 72.9621528, 0.0 ], [ 19.1784252, 72.9625495, 0.0 ], [ 19.1784252, 72.9625495, 0.0 ], [ 19.178248, 72.9625877, 0.0 ], [ 19.178109, 72.962622, 0.0 ], [ 19.178107, 72.9626225, 0.0 ], [ 19.1779521, 72.962591, 0.0 ], [ 19.1778574, 72.9625816, 0.0 ], [ 19.1776181, 72.9625579, 0.0 ], [ 19.1776151, 72.9625576, 0.0 ], [ 19.177615, 72.9625577, 0.0 ], [ 19.1775661, 72.9626272, 0.0 ], [ 19.1775562, 72.9626412, 0.0 ], [ 19.1774298, 72.9627691, 0.0 ], [ 19.1771573, 72.9630447, 0.0 ], [ 19.1768267, 72.9633791, 0.0 ], [ 19.1766703, 72.9637839, 0.0 ], [ 19.1766703, 72.963784, 0.0 ], [ 19.1766704, 72.963784, 0.0 ], [ 19.1766711, 72.9637859, 0.0 ], [ 19.1766872, 72.9638293, 0.0 ], [ 19.1766873, 72.9638293, 0.0 ], [ 19.1767622, 72.9638468, 0.0 ], [ 19.1768614, 72.9639482, 0.0 ], [ 19.1768616, 72.9639484, 0.0 ], [ 19.1768977, 72.9639722, 0.0 ], [ 19.1768977, 72.9639723, 0.0 ], [ 19.1768992, 72.9640653, 0.0 ], [ 19.1768638, 72.9642664, 0.0 ], [ 19.1768638, 72.9642664, 0.0 ], [ 19.1768812, 72.964487, 0.0 ], [ 19.1769182, 72.9645827, 0.0 ], [ 19.1769341, 72.9647417, 0.0 ], [ 19.1769544, 72.9648194, 0.0 ], [ 19.1770589, 72.9653054, 0.0 ], [ 19.1771438, 72.9657448, 0.0 ], [ 19.1772191, 72.965827, 0.0 ], [ 19.1774267, 72.9662046, 0.0 ], [ 19.1774733, 72.9662452, 0.0 ], [ 19.1775204, 72.9662862, 0.0 ], [ 19.1775419, 72.9663303, 0.0 ], [ 19.177582, 72.9664998, 0.0 ], [ 19.1776043, 72.9665272, 0.0 ], [ 19.1776556, 72.9667659, 0.0 ], [ 19.1779506, 72.9669691, 0.0 ], [ 19.1779506, 72.9669692, 0.0 ], [ 19.1778976, 72.9672511, 0.0 ], [ 19.1778875, 72.9673049, 0.0 ], [ 19.1778175, 72.9676704, 0.0 ], [ 19.1777923, 72.9677638, 0.0 ], [ 19.1777924, 72.9677639, 0.0 ], [ 19.1777983, 72.9677774, 0.0 ], [ 19.1777983, 72.9677774, 0.0 ], [ 19.1779136, 72.9680256, 0.0 ], [ 19.1779136, 72.9680256, 0.0 ], [ 19.1775312, 72.9679595, 0.0 ], [ 19.1774549, 72.9679881, 0.0 ], [ 19.1772801, 72.9680536, 0.0 ], [ 19.1772155, 72.9680694, 0.0 ], [ 19.1771532, 72.9680847, 0.0 ], [ 19.1771104, 72.968104, 0.0 ], [ 19.1770897, 72.9681133, 0.0 ], [ 19.1768995, 72.9681556, 0.0 ], [ 19.1767981, 72.9682031, 0.0 ], [ 19.1767835, 72.96821, 0.0 ], [ 19.1767393, 72.9682242, 0.0 ], [ 19.1765847, 72.9683015, 0.0 ], [ 19.1764858, 72.9683479, 0.0 ], [ 19.1764687, 72.9683559, 0.0 ], [ 19.1763859, 72.9684017, 0.0 ], [ 19.1763224, 72.9684274, 0.0 ], [ 19.176132, 72.9684871, 0.0 ], [ 19.1760535, 72.9685008, 0.0 ], [ 19.1760117, 72.9685081, 0.0 ], [ 19.1760116, 72.9685082, 0.0 ], [ 19.1759134, 72.9686761, 0.0 ], [ 19.1758612, 72.9688112, 0.0 ], [ 19.1758171, 72.9689382, 0.0 ], [ 19.1757981, 72.9689924, 0.0 ], [ 19.1757548, 72.9691167, 0.0 ], [ 19.1757, 72.9692953, 0.0 ], [ 19.175643, 72.9696376, 0.0 ], [ 19.1756172, 72.9697596, 0.0 ], [ 19.1755943, 72.9699148, 0.0 ], [ 19.1755554, 72.9702213, 0.0 ], [ 19.1755554, 72.9702214, 0.0 ], [ 19.1757685, 72.9705002, 0.0 ], [ 19.1758384, 72.9705916, 0.0 ], [ 19.1760898, 72.970916, 0.0 ], [ 19.1766071, 72.9711466, 0.0 ], [ 19.1770465, 72.971323, 0.0 ], [ 19.1773158, 72.971432, 0.0 ], [ 19.1773837, 72.9714569, 0.0 ], [ 19.1774462, 72.971478, 0.0 ], [ 19.1774899, 72.9714946, 0.0 ], [ 19.17749, 72.9714946, 0.0 ], [ 19.1776282, 72.9715434, 0.0 ], [ 19.1776283, 72.9715434, 0.0 ], [ 19.1777542, 72.9715827, 0.0 ], [ 19.1777543, 72.9715827, 0.0 ], [ 19.1779342, 72.971638, 0.0 ], [ 19.1779343, 72.971638, 0.0 ], [ 19.1781558, 72.9717048, 0.0 ], [ 19.1781558, 72.9717049, 0.0 ], [ 19.1783495, 72.9717643, 0.0 ], [ 19.1783496, 72.9717643, 0.0 ], [ 19.1785275, 72.9718191, 0.0 ], [ 19.1785276, 72.9718191, 0.0 ], [ 19.1786614, 72.9718621, 0.0 ], [ 19.1787028, 72.9718613, 0.0 ], [ 19.1787028, 72.9718614, 0.0 ], [ 19.1785336, 72.9726762, 0.0 ], [ 19.1783518, 72.9729538, 0.0 ], [ 19.1779276, 72.9727347, 0.0 ], [ 19.1778182, 72.9726763, 0.0 ], [ 19.1778182, 72.9726763, 0.0 ], [ 19.1776166, 72.972678, 0.0 ], [ 19.177468, 72.9726898, 0.0 ], [ 19.1773069, 72.9727026, 0.0 ], [ 19.1772861, 72.9728753, 0.0 ], [ 19.1772652, 72.9730616, 0.0 ], [ 19.1771965, 72.9735684, 0.0 ], [ 19.1769875, 72.9734701, 0.0 ], [ 19.1769875, 72.97347, 0.0 ], [ 19.1768104, 72.9735539, 0.0 ], [ 19.1767107, 72.9736454, 0.0 ], [ 19.1765164, 72.9737481, 0.0 ], [ 19.1763432, 72.973891, 0.0 ], [ 19.1759421, 72.9741855, 0.0 ], [ 19.1758709, 72.9742355, 0.0 ], [ 19.1758281, 72.9742708, 0.0 ], [ 19.1751909, 72.9747464, 0.0 ], [ 19.1747098, 72.9751003, 0.0 ], [ 19.1742942, 72.9754053, 0.0 ], [ 19.173668, 72.9758669, 0.0 ], [ 19.1735536, 72.9759379, 0.0 ], [ 19.1734851, 72.9759929, 0.0 ], [ 19.173349, 72.9761324, 0.0 ], [ 19.1732202, 72.9762485, 0.0 ], [ 19.1731696, 72.9763087, 0.0 ], [ 19.1729689, 72.9764853, 0.0 ], [ 19.1729059, 72.9765346, 0.0 ], [ 19.1728542, 72.9765789, 0.0 ], [ 19.1724303, 72.9769381, 0.0 ], [ 19.1722793, 72.9770562, 0.0 ], [ 19.1713421, 72.9777991, 0.0 ], [ 19.1709088, 72.9781426, 0.0 ], [ 19.1701014, 72.9787681, 0.0 ], [ 19.1694772, 72.9792585, 0.0 ], [ 19.1689884, 72.9796425, 0.0 ], [ 19.1688751, 72.9797315, 0.0 ], [ 19.1677127, 72.9806446, 0.0 ], [ 19.1673625, 72.9805771, 0.0 ], [ 19.1673269, 72.9805739, 0.0 ], [ 19.167296, 72.9805736, 0.0 ], [ 19.1668727, 72.9805697, 0.0 ], [ 19.1668697, 72.9805697, 0.0 ], [ 19.1668413, 72.9805694, 0.0 ], [ 19.1667722, 72.9805548, 0.0 ], [ 19.1667649, 72.9805532, 0.0 ], [ 19.1666571, 72.9805303, 0.0 ], [ 19.1666517, 72.9805291, 0.0 ], [ 19.1663382, 72.9804625, 0.0 ], [ 19.1663314, 72.9804611, 0.0 ], [ 19.1660743, 72.9804065, 0.0 ], [ 19.1660693, 72.9804054, 0.0 ], [ 19.1658666, 72.9803624, 0.0 ], [ 19.1658627, 72.9803616, 0.0 ], [ 19.1656811, 72.980323, 0.0 ], [ 19.1656769, 72.9803221, 0.0 ], [ 19.1654589, 72.9802758, 0.0 ], [ 19.1654522, 72.9802744, 0.0 ], [ 19.1651276, 72.9802054, 0.0 ], [ 19.1651211, 72.980204, 0.0 ], [ 19.1649197, 72.9801612, 0.0 ], [ 19.164909, 72.980159, 0.0 ], [ 19.1646979, 72.9801141, 0.0 ], [ 19.1646802, 72.9801104, 0.0 ], [ 19.1644548, 72.9800625, 0.0 ], [ 19.1644467, 72.9800608, 0.0 ], [ 19.1640552, 72.9799776, 0.0 ], [ 19.1640457, 72.9799756, 0.0 ], [ 19.1639746, 72.9799605, 0.0 ], [ 19.163795, 72.9799354, 0.0 ], [ 19.1637878, 72.9799343, 0.0 ], [ 19.1635442, 72.9799003, 0.0 ], [ 19.1635321, 72.9798986, 0.0 ], [ 19.1633463, 72.9798726, 0.0 ], [ 19.1633269, 72.9798699, 0.0 ], [ 19.1630806, 72.9798354, 0.0 ], [ 19.1630692, 72.9798338, 0.0 ], [ 19.1628161, 72.9797984, 0.0 ], [ 19.1627986, 72.979796, 0.0 ], [ 19.1624173, 72.9797426, 0.0 ], [ 19.1624115, 72.9797418, 0.0 ], [ 19.1621641, 72.9797072, 0.0 ], [ 19.162149, 72.9797051, 0.0 ], [ 19.1618747, 72.9796667, 0.0 ], [ 19.1618599, 72.9796646, 0.0 ], [ 19.1617767, 72.979653, 0.0 ], [ 19.1617177, 72.9796457, 0.0 ], [ 19.1617097, 72.9796447, 0.0 ], [ 19.1615554, 72.9796254, 0.0 ], [ 19.1615374, 72.9796232, 0.0 ], [ 19.1613425, 72.9795989, 0.0 ], [ 19.1613302, 72.9795974, 0.0 ], [ 19.1610971, 72.9795684, 0.0 ], [ 19.1610843, 72.9795667, 0.0 ], [ 19.1608686, 72.9795399, 0.0 ], [ 19.1608593, 72.9795387, 0.0 ], [ 19.1607024, 72.9795192, 0.0 ], [ 19.1606916, 72.9795178, 0.0 ], [ 19.1603554, 72.979476, 0.0 ], [ 19.1603478, 72.979475, 0.0 ], [ 19.1600245, 72.9794347, 0.0 ], [ 19.1600189, 72.979434, 0.0 ], [ 19.1596673, 72.9793903, 0.0 ], [ 19.1596594, 72.9793897, 0.0 ], [ 19.1596541, 72.9793893, 0.0 ], [ 19.1594303, 72.9793721, 0.0 ], [ 19.1594239, 72.9793716, 0.0 ], [ 19.1591466, 72.9793504, 0.0 ], [ 19.1591383, 72.9793497, 0.0 ], [ 19.158831, 72.9793261, 0.0 ], [ 19.1588253, 72.9793257, 0.0 ], [ 19.1584619, 72.9792978, 0.0 ], [ 19.1584529, 72.9792971, 0.0 ], [ 19.1581567, 72.9792743, 0.0 ], [ 19.15815, 72.9792738, 0.0 ], [ 19.1578773, 72.9792529, 0.0 ], [ 19.1578664, 72.9792521, 0.0 ], [ 19.1577872, 72.979246, 0.0 ], [ 19.1575437, 72.9792386, 0.0 ], [ 19.1575362, 72.9792383, 0.0 ], [ 19.1572105, 72.9792284, 0.0 ], [ 19.1572034, 72.9792282, 0.0 ], [ 19.156907, 72.9792192, 0.0 ], [ 19.156896, 72.9792188, 0.0 ], [ 19.156541, 72.979208, 0.0 ], [ 19.1562952, 72.9792006, 0.0 ], [ 19.1562867, 72.9792003, 0.0 ], [ 19.1560753, 72.9791939, 0.0 ], [ 19.1560617, 72.9791934, 0.0 ], [ 19.155967, 72.9791906, 0.0 ], [ 19.1557818, 72.9791603, 0.0 ], [ 19.1557745, 72.9791591, 0.0 ], [ 19.1555097, 72.9791159, 0.0 ], [ 19.1555015, 72.9791146, 0.0 ], [ 19.1551963, 72.9790648, 0.0 ], [ 19.1551895, 72.9790637, 0.0 ], [ 19.1549255, 72.9790206, 0.0 ], [ 19.1549155, 72.979019, 0.0 ], [ 19.1548271, 72.9790045, 0.0 ], [ 19.1542706, 72.9790434, 0.0 ], [ 19.1541695, 72.9790463, 0.0 ], [ 19.1541641, 72.9790465, 0.0 ], [ 19.1539726, 72.979052, 0.0 ], [ 19.1539651, 72.9790522, 0.0 ], [ 19.1537371, 72.9790588, 0.0 ], [ 19.1537304, 72.979059, 0.0 ], [ 19.1534978, 72.9790657, 0.0 ], [ 19.1534885, 72.9790659, 0.0 ], [ 19.1533795, 72.9790691, 0.0 ], [ 19.1533172, 72.9790666, 0.0 ], [ 19.1533083, 72.9790662, 0.0 ], [ 19.153101, 72.9790579, 0.0 ], [ 19.1530934, 72.9790576, 0.0 ], [ 19.1528538, 72.9790481, 0.0 ], [ 19.152847, 72.9790478, 0.0 ], [ 19.1526874, 72.9790414, 0.0 ], [ 19.1526817, 72.9790406, 0.0 ], [ 19.1526718, 72.979039, 0.0 ], [ 19.1524508, 72.9790042, 0.0 ], [ 19.1524421, 72.9790029, 0.0 ], [ 19.1522222, 72.9789683, 0.0 ], [ 19.1522165, 72.9789674, 0.0 ], [ 19.1520208, 72.9789366, 0.0 ], [ 19.1520187, 72.9789363, 0.0 ], [ 19.1519299, 72.9789223, 0.0 ], [ 19.1519276, 72.978922, 0.0 ], [ 19.1518316, 72.9789069, 0.0 ], [ 19.1518292, 72.9789065, 0.0 ], [ 19.1518153, 72.9789043, 0.0 ], [ 19.1517413, 72.9788934, 0.0 ], [ 19.1517378, 72.9788929, 0.0 ], [ 19.1516491, 72.9788798, 0.0 ], [ 19.1516465, 72.9788794, 0.0 ], [ 19.151569, 72.978868, 0.0 ], [ 19.1515667, 72.9788676, 0.0 ], [ 19.1514798, 72.9788548, 0.0 ], [ 19.1514754, 72.9788541, 0.0 ], [ 19.1513908, 72.9788417, 0.0 ], [ 19.1513875, 72.9788412, 0.0 ], [ 19.1512859, 72.9788262, 0.0 ], [ 19.1512821, 72.9788256, 0.0 ], [ 19.1511983, 72.9788132, 0.0 ], [ 19.1511955, 72.9788128, 0.0 ], [ 19.1511102, 72.9788003, 0.0 ], [ 19.1511072, 72.9787998, 0.0 ], [ 19.1510226, 72.9787873, 0.0 ], [ 19.1510207, 72.978787, 0.0 ], [ 19.1509366, 72.9787746, 0.0 ], [ 19.1509328, 72.9787741, 0.0 ], [ 19.1508014, 72.9787547, 0.0 ], [ 19.1507969, 72.978754, 0.0 ], [ 19.1506325, 72.9787298, 0.0 ], [ 19.1506249, 72.9787286, 0.0 ], [ 19.1504771, 72.9787068, 0.0 ], [ 19.1504728, 72.9787062, 0.0 ], [ 19.1504638, 72.9787049, 0.0 ], [ 19.1503412, 72.9786817, 0.0 ], [ 19.1501643, 72.9786482, 0.0 ], [ 19.1501563, 72.9786467, 0.0 ], [ 19.1498459, 72.978588, 0.0 ], [ 19.1498387, 72.9785866, 0.0 ], [ 19.1495615, 72.9785342, 0.0 ], [ 19.1495537, 72.9785327, 0.0 ], [ 19.1493022, 72.9784852, 0.0 ], [ 19.1492888, 72.9784826, 0.0 ], [ 19.149256, 72.9784764, 0.0 ], [ 19.1492446, 72.9784743, 0.0 ], [ 19.1490779, 72.9784427, 0.0 ], [ 19.1489832, 72.9784283, 0.0 ], [ 19.1489749, 72.9784271, 0.0 ], [ 19.1486351, 72.9783753, 0.0 ], [ 19.1486286, 72.9783743, 0.0 ], [ 19.1483156, 72.9783267, 0.0 ], [ 19.1483049, 72.978325, 0.0 ], [ 19.1480527, 72.9782866, 0.0 ], [ 19.1480422, 72.978285, 0.0 ], [ 19.1477233, 72.9782365, 0.0 ], [ 19.1477161, 72.9782354, 0.0 ], [ 19.14767, 72.9782283, 0.0 ], [ 19.1474564, 72.9781697, 0.0 ], [ 19.1474499, 72.9781679, 0.0 ], [ 19.1471741, 72.9780921, 0.0 ], [ 19.1471687, 72.9780906, 0.0 ], [ 19.1468499, 72.978003, 0.0 ], [ 19.1468432, 72.9780012, 0.0 ], [ 19.1465095, 72.9779095, 0.0 ], [ 19.1464985, 72.9779064, 0.0 ], [ 19.1462077, 72.9778266, 0.0 ], [ 19.1461998, 72.9778244, 0.0 ], [ 19.1459146, 72.977746, 0.0 ], [ 19.1459077, 72.9777441, 0.0 ], [ 19.1455925, 72.9776575, 0.0 ], [ 19.1452361, 72.9775596, 0.0 ], [ 19.1452278, 72.9775573, 0.0 ], [ 19.1449812, 72.9774896, 0.0 ], [ 19.1449742, 72.9774876, 0.0 ], [ 19.1446405, 72.977396, 0.0 ], [ 19.144632, 72.9773936, 0.0 ], [ 19.1443137, 72.9773062, 0.0 ], [ 19.1443078, 72.9773045, 0.0 ], [ 19.1440219, 72.977226, 0.0 ], [ 19.1440157, 72.9772243, 0.0 ], [ 19.1437047, 72.9771388, 0.0 ], [ 19.1436985, 72.9771371, 0.0 ], [ 19.1434185, 72.9770602, 0.0 ], [ 19.1434124, 72.9770585, 0.0 ], [ 19.1430885, 72.9769695, 0.0 ], [ 19.1430835, 72.9769682, 0.0 ], [ 19.1428145, 72.9768943, 0.0 ], [ 19.142662, 72.9768342, 0.0 ], [ 19.1426558, 72.9768317, 0.0 ], [ 19.142485, 72.9767644, 0.0 ], [ 19.1424777, 72.9767616, 0.0 ], [ 19.1422419, 72.9766687, 0.0 ], [ 19.1422349, 72.9766659, 0.0 ], [ 19.1419686, 72.976561, 0.0 ], [ 19.1419632, 72.9765589, 0.0 ], [ 19.1417585, 72.9764783, 0.0 ], [ 19.141754, 72.9764765, 0.0 ], [ 19.1415518, 72.9763969, 0.0 ], [ 19.141547, 72.9763949, 0.0 ], [ 19.1413513, 72.9763179, 0.0 ], [ 19.1413476, 72.9763164, 0.0 ], [ 19.1411508, 72.9762389, 0.0 ], [ 19.1411464, 72.9762371, 0.0 ], [ 19.1409602, 72.9761638, 0.0 ], [ 19.1409549, 72.9761617, 0.0 ], [ 19.1407429, 72.9760782, 0.0 ], [ 19.1407385, 72.9760765, 0.0 ], [ 19.1405325, 72.9759953, 0.0 ], [ 19.1405282, 72.9759936, 0.0 ], [ 19.1403355, 72.9759177, 0.0 ], [ 19.1403314, 72.9759161, 0.0 ], [ 19.1401328, 72.9758379, 0.0 ], [ 19.1401301, 72.9758368, 0.0 ], [ 19.139941, 72.9757623, 0.0 ], [ 19.1399363, 72.9757605, 0.0 ], [ 19.1397428, 72.9756843, 0.0 ], [ 19.1397381, 72.9756824, 0.0 ], [ 19.1395616, 72.9756129, 0.0 ], [ 19.139557, 72.9756111, 0.0 ], [ 19.1394229, 72.9755582, 0.0 ], [ 19.1393767, 72.9755372, 0.0 ], [ 19.1393719, 72.975535, 0.0 ], [ 19.139168, 72.975442, 0.0 ], [ 19.1391635, 72.97544, 0.0 ], [ 19.1390192, 72.9753742, 0.0 ], [ 19.1390119, 72.9753708, 0.0 ], [ 19.1388657, 72.9753042, 0.0 ], [ 19.1388599, 72.9753015, 0.0 ], [ 19.138695, 72.9752263, 0.0 ], [ 19.1386911, 72.9752246, 0.0 ], [ 19.1385083, 72.9751412, 0.0 ], [ 19.1385034, 72.975139, 0.0 ], [ 19.1383056, 72.9750488, 0.0 ], [ 19.1382966, 72.9750447, 0.0 ], [ 19.1380937, 72.9749521, 0.0 ], [ 19.1380894, 72.9749502, 0.0 ], [ 19.1379102, 72.9748685, 0.0 ], [ 19.1379035, 72.9748654, 0.0 ], [ 19.1377061, 72.9747754, 0.0 ], [ 19.1377023, 72.9747737, 0.0 ], [ 19.137525, 72.9746929, 0.0 ], [ 19.1375216, 72.9746913, 0.0 ], [ 19.1373398, 72.9746084, 0.0 ], [ 19.1373349, 72.9746062, 0.0 ], [ 19.1373271, 72.9746026, 0.0 ], [ 19.1371554, 72.9745243, 0.0 ], [ 19.137151, 72.9745223, 0.0 ], [ 19.1369777, 72.9744433, 0.0 ], [ 19.1369733, 72.9744413, 0.0 ], [ 19.1368273, 72.9743747, 0.0 ], [ 19.1368202, 72.9743715, 0.0 ], [ 19.1366565, 72.9742968, 0.0 ], [ 19.1366529, 72.9742952, 0.0 ], [ 19.1364815, 72.9742171, 0.0 ], [ 19.1364776, 72.9742153, 0.0 ], [ 19.1363483, 72.9741563, 0.0 ], [ 19.1362905, 72.9741252, 0.0 ], [ 19.1362836, 72.9741216, 0.0 ], [ 19.1361426, 72.9740457, 0.0 ], [ 19.1361397, 72.9740441, 0.0 ], [ 19.1359685, 72.9739521, 0.0 ], [ 19.1359644, 72.9739499, 0.0 ], [ 19.1358236, 72.9738742, 0.0 ], [ 19.1358186, 72.9738716, 0.0 ], [ 19.1356212, 72.9737654, 0.0 ], [ 19.1356167, 72.973763, 0.0 ], [ 19.1354557, 72.9736764, 0.0 ], [ 19.1354521, 72.9736745, 0.0 ], [ 19.1354109, 72.9736523, 0.0 ], [ 19.1352408, 72.973577, 0.0 ], [ 19.1352366, 72.9735751, 0.0 ], [ 19.135081, 72.9735061, 0.0 ], [ 19.1350766, 72.9735041, 0.0 ], [ 19.1349046, 72.9734279, 0.0 ], [ 19.134899, 72.9734255, 0.0 ], [ 19.1347123, 72.9733427, 0.0 ], [ 19.1347065, 72.9733401, 0.0 ], [ 19.134544, 72.9732681, 0.0 ], [ 19.1345408, 72.9732667, 0.0 ], [ 19.1343509, 72.9731825, 0.0 ], [ 19.1343468, 72.9731807, 0.0 ], [ 19.1341803, 72.9731069, 0.0 ], [ 19.1341767, 72.9731053, 0.0 ], [ 19.1339946, 72.9730246, 0.0 ], [ 19.1339902, 72.9730226, 0.0 ], [ 19.1338199, 72.9729471, 0.0 ], [ 19.1338145, 72.9729447, 0.0 ], [ 19.1336311, 72.9728634, 0.0 ], [ 19.1336242, 72.9728604, 0.0 ], [ 19.1334102, 72.9727656, 0.0 ], [ 19.133406, 72.9727637, 0.0 ], [ 19.1331719, 72.9726599, 0.0 ], [ 19.133168, 72.9726582, 0.0 ], [ 19.1329751, 72.9725727, 0.0 ], [ 19.1329674, 72.9725693, 0.0 ], [ 19.1327568, 72.9724759, 0.0 ], [ 19.1327504, 72.9724731, 0.0 ], [ 19.1325646, 72.9723907, 0.0 ], [ 19.1325585, 72.972388, 0.0 ], [ 19.1323192, 72.972282, 0.0 ], [ 19.1323137, 72.9722795, 0.0 ], [ 19.1320938, 72.9721821, 0.0 ], [ 19.1320889, 72.9721799, 0.0 ], [ 19.1319234, 72.9721065, 0.0 ], [ 19.1319173, 72.9721038, 0.0 ], [ 19.1316684, 72.9719935, 0.0 ], [ 19.1316611, 72.9719903, 0.0 ], [ 19.1327858, 72.9643441, 0.0 ], [ 19.132888, 72.9637149, 0.0 ], [ 19.1327918, 72.9633628, 0.0 ], [ 19.1327596, 72.9627273, 0.0 ], [ 19.1327595, 72.961959, 0.0 ], [ 19.132917, 72.9610386, 0.0 ], [ 19.1333057, 72.960462, 0.0 ], [ 19.1333132, 72.9604508, 0.0 ], [ 19.1334691, 72.9602265, 0.0 ], [ 19.1335655, 72.9600879, 0.0 ], [ 19.133759, 72.9598095, 0.0 ], [ 19.1347159, 72.958858, 0.0 ], [ 19.1362543, 72.957889, 0.0 ], [ 19.1366876, 72.9576302, 0.0 ], [ 19.1383192, 72.9569292, 0.0 ], [ 19.1386623, 72.956816, 0.0 ], [ 19.1388127, 72.9567886, 0.0 ], [ 19.1390855, 72.9567388, 0.0 ], [ 19.1392399, 72.9567282, 0.0 ], [ 19.1397655, 72.9566922, 0.0 ], [ 19.1401533, 72.9567211, 0.0 ], [ 19.140631, 72.9566801, 0.0 ], [ 19.1410636, 72.9566541, 0.0 ], [ 19.1417572, 72.9566618, 0.0 ], [ 19.1420865, 72.9567269, 0.0 ], [ 19.1424753, 72.9568121, 0.0 ], [ 19.1430559, 72.9570124, 0.0 ], [ 19.1433205, 72.9571613, 0.0 ], [ 19.1435194, 72.957311, 0.0 ], [ 19.1443754, 72.9580405, 0.0 ], [ 19.144568, 72.9582249, 0.0 ], [ 19.1447013, 72.9583892, 0.0 ], [ 19.1448953, 72.9586911, 0.0 ], [ 19.1456469, 72.9599821, 0.0 ], [ 19.1460851, 72.9609623, 0.0 ], [ 19.1462896, 72.9613461, 0.0 ], [ 19.1463531, 72.9614224, 0.0 ], [ 19.1464215, 72.961494, 0.0 ], [ 19.1464945, 72.9615603, 0.0 ], [ 19.1465716, 72.9616211, 0.0 ], [ 19.1466527, 72.9616762, 0.0 ], [ 19.1467372, 72.9617251, 0.0 ], [ 19.1468247, 72.9617678, 0.0 ], [ 19.1469148, 72.9618039, 0.0 ], [ 19.1470071, 72.9618334, 0.0 ], [ 19.1471011, 72.961856, 0.0 ], [ 19.1471964, 72.9618716, 0.0 ], [ 19.1472847, 72.9618586, 0.0 ], [ 19.147372, 72.9618395, 0.0 ], [ 19.1474579, 72.9618142, 0.0 ], [ 19.147542, 72.961783, 0.0 ], [ 19.147624, 72.961746, 0.0 ], [ 19.1479943, 72.961606, 0.0 ], [ 19.1481369, 72.9615692, 0.0 ], [ 19.1483129, 72.9615369, 0.0 ], [ 19.1484081, 72.9615257, 0.0 ], [ 19.1485318, 72.9615041, 0.0 ], [ 19.1486125, 72.961468, 0.0 ], [ 19.1486599, 72.9614474, 0.0 ], [ 19.1487355, 72.9613862, 0.0 ], [ 19.1488761, 72.9611688, 0.0 ], [ 19.1493137, 72.9602204, 0.0 ], [ 19.1494681, 72.9599627, 0.0 ], [ 19.1499569, 72.9589474, 0.0 ], [ 19.1499907, 72.9588297, 0.0 ], [ 19.1501641, 72.9582782, 0.0 ], [ 19.1502494, 72.9577711, 0.0 ], [ 19.1502196, 72.9572297, 0.0 ], [ 19.1501989, 72.9570895, 0.0 ], [ 19.150168, 72.9568842, 0.0 ], [ 19.150147, 72.9567089, 0.0 ], [ 19.1501503, 72.9565784, 0.0 ], [ 19.1501728, 72.9564578, 0.0 ], [ 19.1502372, 72.9562413, 0.0 ], [ 19.1503484, 72.955959, 0.0 ], [ 19.1504936, 72.9557265, 0.0 ], [ 19.1506488, 72.955534, 0.0 ], [ 19.1507762, 72.955412, 0.0 ], [ 19.1508748, 72.9552804, 0.0 ], [ 19.1512984, 72.9546813, 0.0 ], [ 19.1527483, 72.9556317, 0.0 ], [ 19.1546802, 72.9569274, 0.0 ], [ 19.1552479, 72.9544445, 0.0 ], [ 19.155795, 72.9521096, 0.0 ], [ 19.1568384, 72.9476741, 0.0 ], [ 19.1569156, 72.9473964, 0.0 ], [ 19.1569485, 72.9473132, 0.0 ], [ 19.1569872, 72.9472328, 0.0 ], [ 19.1570314, 72.9471556, 0.0 ], [ 19.1570808, 72.947082, 0.0 ], [ 19.1571353, 72.9470125, 0.0 ], [ 19.1571897, 72.9469523, 0.0 ], [ 19.1572479, 72.9468962, 0.0 ], [ 19.1573096, 72.9468443, 0.0 ], [ 19.1573745, 72.946797, 0.0 ], [ 19.1574575, 72.9467499, 0.0 ], [ 19.1575437, 72.9467095, 0.0 ], [ 19.1576325, 72.9466761, 0.0 ], [ 19.1577234, 72.9466498, 0.0 ], [ 19.157816, 72.9466308, 0.0 ], [ 19.1579097, 72.9466192, 0.0 ], [ 19.1580039, 72.9466151, 0.0 ], [ 19.1580982, 72.9466184, 0.0 ], [ 19.158192, 72.9466292, 0.0 ], [ 19.1593631, 72.9469507, 0.0 ], [ 19.1594545, 72.9469673, 0.0 ], [ 19.1595468, 72.9469771, 0.0 ], [ 19.1596395, 72.9469802, 0.0 ], [ 19.1597322, 72.9469764, 0.0 ], [ 19.1598244, 72.9469659, 0.0 ], [ 19.1599157, 72.9469486, 0.0 ], [ 19.1600056, 72.9469246, 0.0 ], [ 19.1600937, 72.9468941, 0.0 ], [ 19.1601796, 72.9468572, 0.0 ], [ 19.1602629, 72.9468141, 0.0 ], [ 19.1603345, 72.9467587, 0.0 ], [ 19.1604027, 72.9466986, 0.0 ], [ 19.1604672, 72.9466342, 0.0 ], [ 19.1605278, 72.9465656, 0.0 ], [ 19.1605841, 72.9464932, 0.0 ], [ 19.160636, 72.9464173, 0.0 ], [ 19.1606834, 72.946338, 0.0 ], [ 19.1607259, 72.9462558, 0.0 ], [ 19.1613885, 72.9449014, 0.0 ], [ 19.1617125, 72.944235, 0.0 ], [ 19.161807, 72.9440202, 0.0 ], [ 19.1618542, 72.9439119, 0.0 ], [ 19.1618905, 72.9438291, 0.0 ], [ 19.1624173, 72.9424842, 0.0 ], [ 19.162893, 72.94123, 0.0 ], [ 19.1634625, 72.9397042, 0.0 ], [ 19.1636216, 72.939279, 0.0 ], [ 19.1636645, 72.9391223, 0.0 ], [ 19.1637009, 72.9389638, 0.0 ], [ 19.1637309, 72.9388038, 0.0 ], [ 19.1637543, 72.9386427, 0.0 ], [ 19.1637711, 72.9384806, 0.0 ], [ 19.1637813, 72.9383178, 0.0 ], [ 19.1638256, 72.9375699, 0.0 ], [ 19.1638245, 72.9374833, 0.0 ], [ 19.1638295, 72.937397, 0.0 ], [ 19.1638403, 72.9373112, 0.0 ], [ 19.163857, 72.9372264, 0.0 ], [ 19.1638795, 72.9371432, 0.0 ], [ 19.1639076, 72.9370619, 0.0 ], [ 19.1639412, 72.9369829, 0.0 ], [ 19.1642984, 72.936322, 0.0 ], [ 19.1648687, 72.935308, 0.0 ], [ 19.1653619, 72.9343792, 0.0 ], [ 19.1655579, 72.9340019, 0.0 ], [ 19.1658602, 72.9335213, 0.0 ], [ 19.1662541, 72.9329397, 0.0 ], [ 19.1668864, 72.9320048, 0.0 ], [ 19.1671004, 72.9316341, 0.0 ], [ 19.1671231, 72.9315871, 0.0 ], [ 19.1671491, 72.9314993, 0.0 ], [ 19.1671714, 72.9314197, 0.0 ], [ 19.1671898, 72.9313402, 0.0 ], [ 19.1671989, 72.9312872, 0.0 ], [ 19.167206, 72.9312282, 0.0 ], [ 19.1672112, 72.9311773, 0.0 ], [ 19.1672211, 72.9309814, 0.0 ], [ 19.167114, 72.9306277, 0.0 ], [ 19.1669872, 72.9303011, 0.0 ], [ 19.166904, 72.9300937, 0.0 ], [ 19.1668821, 72.930048, 0.0 ], [ 19.1668337, 72.9299605, 0.0 ], [ 19.1667373, 72.9298218, 0.0 ], [ 19.1666003, 72.9296326, 0.0 ], [ 19.1665776, 72.9296006, 0.0 ], [ 19.1665652, 72.9295734, 0.0 ], [ 19.1665565, 72.9295441, 0.0 ], [ 19.1665541, 72.9294949, 0.0 ], [ 19.166515, 72.9286971, 0.0 ], [ 19.1664642, 72.928708, 0.0 ], [ 19.1664104, 72.9287188, 0.0 ], [ 19.1663726, 72.9287264, 0.0 ], [ 19.1663555, 72.9287299, 0.0 ], [ 19.1663509, 72.9287305, 0.0 ], [ 19.1663489, 72.9287309, 0.0 ], [ 19.1663204, 72.9287344, 0.0 ], [ 19.1663204, 72.9287344, 0.0 ], [ 19.16632, 72.9287344, 0.0 ], [ 19.1661558, 72.9287553, 0.0 ], [ 19.1660754, 72.9287645, 0.0 ], [ 19.1659996, 72.9287731, 0.0 ], [ 19.1659995, 72.9287732, 0.0 ], [ 19.1659991, 72.9287732, 0.0 ], [ 19.165999, 72.9287732, 0.0 ], [ 19.1659884, 72.9287744, 0.0 ], [ 19.1655583, 72.928828, 0.0 ], [ 19.1654734, 72.928884, 0.0 ], [ 19.1652698, 72.9290182, 0.0 ], [ 19.1653138, 72.9287268, 0.0 ], [ 19.1653258, 72.9286498, 0.0 ], [ 19.1652229, 72.928692, 0.0 ], [ 19.1651789, 72.9287117, 0.0 ], [ 19.165078, 72.9287568, 0.0 ], [ 19.1648304, 72.9288595, 0.0 ], [ 19.164731, 72.9288638, 0.0 ], [ 19.1644251, 72.9288757, 0.0 ], [ 19.164212, 72.9288781, 0.0 ], [ 19.1639669, 72.9288408, 0.0 ], [ 19.1638897, 72.9288291, 0.0 ], [ 19.1638564, 72.9288191, 0.0 ], [ 19.1638092, 72.9288049, 0.0 ], [ 19.1635522, 72.9287344, 0.0 ], [ 19.1632646, 72.9286618, 0.0 ], [ 19.1632455, 72.928657, 0.0 ], [ 19.1632288, 72.9286569, 0.0 ], [ 19.163224, 72.9286569, 0.0 ], [ 19.1632117, 72.9286634, 0.0 ], [ 19.1631994, 72.9286698, 0.0 ], [ 19.1631243, 72.928737, 0.0 ], [ 19.162834, 72.9289811, 0.0 ], [ 19.16221, 72.9288836, 0.0 ], [ 19.1620705, 72.9288618, 0.0 ], [ 19.1613489, 72.928749, 0.0 ], [ 19.1610419, 72.9286963, 0.0 ], [ 19.1609449, 72.9286796, 0.0 ], [ 19.1608284, 72.9286596, 0.0 ], [ 19.160695, 72.9286367, 0.0 ], [ 19.1604818, 72.9286037, 0.0 ], [ 19.160213, 72.9286314, 0.0 ], [ 19.1602005, 72.9286306, 0.0 ], [ 19.1600652, 72.9286073, 0.0 ], [ 19.1599377, 72.9285853, 0.0 ], [ 19.1597415, 72.9285532, 0.0 ], [ 19.1595794, 72.9285267, 0.0 ], [ 19.1595133, 72.9285182, 0.0 ], [ 19.1594687, 72.9285099, 0.0 ], [ 19.159396, 72.9285031, 0.0 ], [ 19.1592643, 72.9284927, 0.0 ], [ 19.1588307, 72.9284941, 0.0 ], [ 19.1587775, 72.9285027, 0.0 ], [ 19.1586531, 72.9285294, 0.0 ], [ 19.158542, 72.9285533, 0.0 ], [ 19.1585071, 72.928561, 0.0 ], [ 19.1582788, 72.9285887, 0.0 ], [ 19.1581644, 72.9286088, 0.0 ], [ 19.1581551, 72.9286104, 0.0 ], [ 19.1580763, 72.9286383, 0.0 ], [ 19.1578654, 72.9286866, 0.0 ], [ 19.157701, 72.928664, 0.0 ], [ 19.1574284, 72.9286249, 0.0 ], [ 19.1573368, 72.9285629, 0.0 ], [ 19.1572109, 72.9284777, 0.0 ], [ 19.1571807, 72.9284573, 0.0 ], [ 19.1571192, 72.9284118, 0.0 ], [ 19.1570404, 72.928355, 0.0 ], [ 19.1569458, 72.9282997, 0.0 ], [ 19.1568241, 72.9282292, 0.0 ], [ 19.1567588, 72.9281949, 0.0 ], [ 19.1567038, 72.9281897, 0.0 ], [ 19.1566318, 72.9281829, 0.0 ], [ 19.1565107, 72.9281367, 0.0 ], [ 19.1563996, 72.9280917, 0.0 ], [ 19.1563053, 72.9280578, 0.0 ], [ 19.1562385, 72.9280341, 0.0 ], [ 19.1561388, 72.9279259, 0.0 ], [ 19.1560013, 72.9277792, 0.0 ], [ 19.1558815, 72.9276465, 0.0 ], [ 19.155798, 72.9275551, 0.0 ], [ 19.1557509, 72.9275033, 0.0 ], [ 19.1556925, 72.9274389, 0.0 ], [ 19.1556301, 72.9273723, 0.0 ], [ 19.1555483, 72.927288, 0.0 ], [ 19.1555039, 72.9272383, 0.0 ], [ 19.1554587, 72.927207, 0.0 ], [ 19.1554557, 72.9272046, 0.0 ], [ 19.1553944, 72.9271917, 0.0 ], [ 19.1552768, 72.9272278, 0.0 ], [ 19.1551578, 72.9272723, 0.0 ], [ 19.1551304, 72.9272818, 0.0 ], [ 19.155032, 72.9273127, 0.0 ], [ 19.1549131, 72.9273508, 0.0 ], [ 19.1548443, 72.9273614, 0.0 ], [ 19.1546145, 72.9273968, 0.0 ], [ 19.1544461, 72.9274301, 0.0 ], [ 19.1541402, 72.9274635, 0.0 ], [ 19.1539192, 72.9274413, 0.0 ], [ 19.1537758, 72.9273394, 0.0 ], [ 19.1536578, 72.9272358, 0.0 ], [ 19.1533353, 72.9269546, 0.0 ], [ 19.153065, 72.9267234, 0.0 ], [ 19.1530667, 72.9266751, 0.0 ], [ 19.1530698, 72.9265869, 0.0 ], [ 19.1531386, 72.9262225, 0.0 ], [ 19.1531099, 72.9260185, 0.0 ], [ 19.1529772, 72.9258159, 0.0 ], [ 19.1529444, 72.925759, 0.0 ], [ 19.1527635, 72.92549, 0.0 ], [ 19.1526818, 72.9254329, 0.0 ], [ 19.1520157, 72.9251074, 0.0 ], [ 19.1520382, 72.9247845, 0.0 ], [ 19.1516326, 72.9245227, 0.0 ], [ 19.151245, 72.9242587, 0.0 ], [ 19.1510649, 72.9241572, 0.0 ], [ 19.1509945, 72.9241278, 0.0 ], [ 19.1509349, 72.9240923, 0.0 ], [ 19.1508522, 72.9240548, 0.0 ], [ 19.150708, 72.924038, 0.0 ], [ 19.150494, 72.924028, 0.0 ], [ 19.1499937, 72.9240295, 0.0 ], [ 19.1499354, 72.9240327, 0.0 ], [ 19.1495315, 72.9240463, 0.0 ], [ 19.1493415, 72.9239335, 0.0 ], [ 19.1491534, 72.9238273, 0.0 ], [ 19.1491534, 72.9238273, 0.0 ], [ 19.1490514, 72.9238109, 0.0 ], [ 19.1487504, 72.9237111, 0.0 ], [ 19.1486776, 72.9236792, 0.0 ], [ 19.1486775, 72.9236791, 0.0 ], [ 19.1486755, 72.9236783, 0.0 ], [ 19.1483339, 72.9236099, 0.0 ], [ 19.148147, 72.9235497, 0.0 ], [ 19.1477258, 72.9234383, 0.0 ], [ 19.1475943, 72.9233975, 0.0 ], [ 19.1473364, 72.9233389, 0.0 ], [ 19.1470526, 72.9232454, 0.0 ], [ 19.1468784, 72.9231621, 0.0 ], [ 19.1467273, 72.9231098, 0.0 ], [ 19.1462978, 72.9229651, 0.0 ], [ 19.146027, 72.922755, 0.0 ], [ 19.1457522, 72.9226134, 0.0 ], [ 19.1455317, 72.9223786, 0.0 ], [ 19.1453082, 72.9221558, 0.0 ], [ 19.144613, 72.9216426, 0.0 ], [ 19.1440699, 72.9208603, 0.0 ], [ 19.1440631, 72.9206669, 0.0 ], [ 19.1425966, 72.9196391, 0.0 ], [ 19.1419544, 72.9191923, 0.0 ], [ 19.1415068, 72.9188743, 0.0 ], [ 19.1408699, 72.9184463, 0.0 ], [ 19.1414049, 72.9181294, 0.0 ], [ 19.1414098, 72.9177194, 0.0 ], [ 19.1414102, 72.9176846, 0.0 ], [ 19.1413403, 72.9171247, 0.0 ], [ 19.1413337, 72.9168074, 0.0 ], [ 19.1413092, 72.9162581, 0.0 ], [ 19.1414078, 72.9159247, 0.0 ], [ 19.141498, 72.9156198, 0.0 ], [ 19.1415064, 72.9155913, 0.0 ], [ 19.1415196, 72.9155468, 0.0 ], [ 19.1415919, 72.9152902, 0.0 ], [ 19.1416032, 72.91525, 0.0 ], [ 19.141631, 72.9151463, 0.0 ], [ 19.1417112, 72.9145429, 0.0 ], [ 19.1417367, 72.9143668, 0.0 ], [ 19.1417495, 72.9142765, 0.0 ], [ 19.1417947, 72.9139208, 0.0 ], [ 19.1412714, 72.9135352, 0.0 ], [ 19.141202, 72.9130853, 0.0 ], [ 19.1411686, 72.9128756, 0.0 ], [ 19.1408664, 72.9128131, 0.0 ], [ 19.1406388, 72.9127655, 0.0 ], [ 19.1404485, 72.9127223, 0.0 ], [ 19.1403741, 72.9123865, 0.0 ], [ 19.1403405, 72.9122238, 0.0 ], [ 19.1402444, 72.9118345, 0.0 ], [ 19.1402909, 72.9116866, 0.0 ], [ 19.1403958, 72.9113536, 0.0 ], [ 19.1405939, 72.9107316, 0.0 ], [ 19.1402577, 72.9103264, 0.0 ], [ 19.1401154, 72.9101437, 0.0 ], [ 19.1400413, 72.9100491, 0.0 ], [ 19.1397577, 72.9102242, 0.0 ], [ 19.1396768, 72.9103104, 0.0 ], [ 19.1387443, 72.9078918, 0.0 ], [ 19.1388677, 72.9072234, 0.0 ], [ 19.1393311, 72.9073859, 0.0 ], [ 19.1393252, 72.9073623, 0.0 ], [ 19.1400482, 72.9070825, 0.0 ], [ 19.1402608, 72.9069603, 0.0 ], [ 19.1403047, 72.9066283, 0.0 ], [ 19.1401848, 72.9065427, 0.0 ], [ 19.1400501, 72.9064488, 0.0 ], [ 19.1399501, 72.9064381, 0.0 ], [ 19.139726, 72.9062005, 0.0 ], [ 19.139676, 72.906162, 0.0 ], [ 19.1397648, 72.9059606, 0.0 ], [ 19.1399704, 72.9055368, 0.0 ], [ 19.1400671, 72.9053272, 0.0 ], [ 19.1401076, 72.9052616, 0.0 ], [ 19.1402486, 72.9049602, 0.0 ], [ 19.1403456, 72.9047809, 0.0 ], [ 19.1405711, 72.9047789, 0.0 ], [ 19.1409509, 72.9048125, 0.0 ], [ 19.1409699, 72.9048142, 0.0 ], [ 19.1409705, 72.9048117, 0.0 ], [ 19.1409705, 72.9048117, 0.0 ], [ 19.1409826, 72.9048112, 0.0 ], [ 19.1411208, 72.9048054, 0.0 ], [ 19.1417482, 72.9047698, 0.0 ], [ 19.1419362, 72.9047027, 0.0 ], [ 19.1419439, 72.904601, 0.0 ], [ 19.1419404, 72.904558, 0.0 ], [ 19.1419285, 72.9044072, 0.0 ], [ 19.141931, 72.9042455, 0.0 ], [ 19.1419471, 72.9041159, 0.0 ], [ 19.1415693, 72.9035415, 0.0 ], [ 19.1415124, 72.903455, 0.0 ], [ 19.1412491, 72.9030547, 0.0 ], [ 19.1409355, 72.9025778, 0.0 ], [ 19.1405362, 72.9019594, 0.0 ], [ 19.1405207, 72.9019354, 0.0 ], [ 19.140473, 72.9017801, 0.0 ], [ 19.1404136, 72.9015983, 0.0 ], [ 19.1406429, 72.9011782, 0.0 ], [ 19.1404203, 72.9010527, 0.0 ], [ 19.1400784, 72.9008552, 0.0 ], [ 19.1397072, 72.900627, 0.0 ], [ 19.1398109, 72.9001994, 0.0 ], [ 19.1393498, 72.8997847, 0.0 ], [ 19.1398946, 72.8995583, 0.0 ], [ 19.1401599, 72.8994736, 0.0 ], [ 19.1404041, 72.8993247, 0.0 ], [ 19.1404656, 72.899289, 0.0 ], [ 19.1405161, 72.8992596, 0.0 ], [ 19.1406126, 72.8992036, 0.0 ], [ 19.1406918, 72.899156, 0.0 ], [ 19.1407158, 72.8991417, 0.0 ], [ 19.1407382, 72.8991295, 0.0 ], [ 19.1407555, 72.8991184, 0.0 ], [ 19.1408416, 72.899063, 0.0 ], [ 19.1408523, 72.8990545, 0.0 ], [ 19.1408769, 72.8990341, 0.0 ], [ 19.1408946, 72.8990096, 0.0 ], [ 19.140919, 72.8989706, 0.0 ], [ 19.1409468, 72.898926, 0.0 ], [ 19.1410394, 72.8986497, 0.0 ], [ 19.1410446, 72.8986344, 0.0 ], [ 19.1415231, 72.897239, 0.0 ], [ 19.1416165, 72.8969828, 0.0 ], [ 19.1416947, 72.8967902, 0.0 ], [ 19.1417664, 72.8966415, 0.0 ], [ 19.1418878, 72.8963677, 0.0 ], [ 19.1419628, 72.8962223, 0.0 ], [ 19.1420252, 72.8960904, 0.0 ], [ 19.1420934, 72.896007, 0.0 ], [ 19.1422176, 72.8958797, 0.0 ], [ 19.1423934, 72.8957014, 0.0 ], [ 19.1424607, 72.895638, 0.0 ], [ 19.1425774, 72.8955011, 0.0 ], [ 19.1426337, 72.8954006, 0.0 ], [ 19.1426223, 72.895194, 0.0 ], [ 19.1426115, 72.8946304, 0.0 ], [ 19.1426105, 72.8944856, 0.0 ], [ 19.1420903, 72.8944231, 0.0 ], [ 19.1420044, 72.8941399, 0.0 ], [ 19.1427606, 72.8942234, 0.0 ], [ 19.1431587, 72.894416, 0.0 ], [ 19.1438162, 72.8947414, 0.0 ], [ 19.1441673, 72.8949135, 0.0 ], [ 19.144341, 72.8950052, 0.0 ], [ 19.1449036, 72.8952841, 0.0 ], [ 19.1452054, 72.8953377, 0.0 ], [ 19.1452749, 72.8953081, 0.0 ], [ 19.1454123, 72.8952496, 0.0 ], [ 19.1455522, 72.8951998, 0.0 ], [ 19.1457551, 72.8951652, 0.0 ], [ 19.1457609, 72.8951642, 0.0 ], [ 19.1458177, 72.895156, 0.0 ], [ 19.1459568, 72.8951505, 0.0 ], [ 19.1464978, 72.8951264, 0.0 ], [ 19.1467136, 72.8950582, 0.0 ], [ 19.1467897, 72.8950341, 0.0 ], [ 19.1468305, 72.8950212, 0.0 ], [ 19.1472951, 72.8949898, 0.0 ], [ 19.1483269, 72.894374, 0.0 ], [ 19.1484003, 72.8943302, 0.0 ], [ 19.1486922, 72.8941569, 0.0 ], [ 19.1494764, 72.8936915, 0.0 ], [ 19.1495798, 72.8936302, 0.0 ], [ 19.1499252, 72.8934246, 0.0 ], [ 19.1503528, 72.8931745, 0.0 ], [ 19.1506772, 72.8929848, 0.0 ], [ 19.1517156, 72.8930591, 0.0 ], [ 19.152328, 72.8931137, 0.0 ], [ 19.1524552, 72.8931715, 0.0 ], [ 19.1526628, 72.8932954, 0.0 ], [ 19.1528032, 72.8933791, 0.0 ], [ 19.153159, 72.8935914, 0.0 ], [ 19.153573, 72.8935228, 0.0 ], [ 19.153708, 72.8935005, 0.0 ], [ 19.153708, 72.8935004, 0.0 ], [ 19.153729, 72.8934579, 0.0 ], [ 19.1541194, 72.8926678, 0.0 ], [ 19.1547684, 72.8919835, 0.0 ], [ 19.154808, 72.8919418, 0.0 ], [ 19.1555859, 72.891122, 0.0 ], [ 19.1559011, 72.89079, 0.0 ], [ 19.1563264, 72.8903526, 0.0 ], [ 19.1565069, 72.890167, 0.0 ], [ 19.1565101, 72.8901637, 0.0 ], [ 19.1566634, 72.8898232, 0.0 ], [ 19.1568481, 72.889413, 0.0 ], [ 19.1572606, 72.8899618, 0.0 ], [ 19.1573609, 72.8900951, 0.0 ], [ 19.1575288, 72.8903186, 0.0 ], [ 19.1576325, 72.8904564, 0.0 ], [ 19.1576325, 72.8904565, 0.0 ], [ 19.1576325, 72.8904565, 0.0 ], [ 19.1576325, 72.8904565, 0.0 ], [ 19.1578585, 72.8904575, 0.0 ], [ 19.1582607, 72.8904593, 0.0 ], [ 19.15847, 72.8904512, 0.0 ], [ 19.1593902, 72.890465, 0.0 ], [ 19.1598896, 72.8904689, 0.0 ], [ 19.1602583, 72.8910258, 0.0 ], [ 19.1602583, 72.8910259, 0.0 ], [ 19.1602669, 72.8915514, 0.0 ], [ 19.1610614, 72.8918443, 0.0 ], [ 19.1611086, 72.8918617, 0.0 ], [ 19.1614042, 72.8919707, 0.0 ], [ 19.161895, 72.8921327, 0.0 ], [ 19.1625023, 72.8922951, 0.0 ], [ 19.1626741, 72.8923411, 0.0 ], [ 19.1627176, 72.8923527, 0.0 ], [ 19.1630375, 72.8924383, 0.0 ], [ 19.1631768, 72.8924755, 0.0 ], [ 19.1634259, 72.8924287, 0.0 ], [ 19.1636862, 72.8923798, 0.0 ], [ 19.1638819, 72.8923431, 0.0 ], [ 19.1639705, 72.8923204, 0.0 ], [ 19.1642937, 72.8924754, 0.0 ], [ 19.1666655, 72.8936133, 0.0 ], [ 19.1690164, 72.8947412, 0.0 ], [ 19.1696034, 72.8950228, 0.0 ], [ 19.172058, 72.8962673, 0.0 ], [ 19.1735987, 72.8970485, 0.0 ], [ 19.1736279, 72.8970752, 0.0 ], [ 19.1750713, 72.8983906, 0.0 ], [ 19.1752166, 72.898523, 0.0 ], [ 19.1756192, 72.8988899, 0.0 ], [ 19.1760885, 72.8993289, 0.0 ], [ 19.1767108, 72.8994875, 0.0 ], [ 19.1770529, 72.8995717, 0.0 ], [ 19.177114, 72.8995846, 0.0 ], [ 19.1774783, 72.8996825, 0.0 ], [ 19.1778533, 72.8997767, 0.0 ], [ 19.1784978, 72.8999247, 0.0 ], [ 19.1798349, 72.9002433, 0.0 ], [ 19.1799275, 72.9002653, 0.0 ], [ 19.1810951, 72.900057, 0.0 ], [ 19.1813019, 72.9000176, 0.0 ], [ 19.1825169, 72.9000048, 0.0 ], [ 19.1832632, 72.8999919, 0.0 ], [ 19.1851018, 72.9001882, 0.0 ], [ 19.1856968, 72.9001827, 0.0 ], [ 19.1893349, 72.9001487, 0.0 ], [ 19.1893563, 72.9001524, 0.0 ], [ 19.1893597, 72.900153, 0.0 ], [ 19.1893844, 72.9001569, 0.0 ], [ 19.1895422, 72.9001613, 0.0 ], [ 19.1896245, 72.9001738, 0.0 ], [ 19.1897601, 72.9001857, 0.0 ], [ 19.1897603, 72.9001857, 0.0 ], [ 19.1898526, 72.9001935, 0.0 ], [ 19.1900026, 72.9001913, 0.0 ], [ 19.1901474, 72.900197, 0.0 ], [ 19.1901484, 72.9002074, 0.0 ], [ 19.1901491, 72.9002177, 0.0 ], [ 19.190215, 72.9002221, 0.0 ], [ 19.1902828, 72.9002264, 0.0 ], [ 19.1903264, 72.9002282, 0.0 ], [ 19.1903827, 72.9002302, 0.0 ], [ 19.1904437, 72.900239, 0.0 ], [ 19.1904906, 72.9002456, 0.0 ], [ 19.1906215, 72.9002517, 0.0 ], [ 19.1907036, 72.9002553, 0.0 ], [ 19.190824, 72.90026, 0.0 ], [ 19.1911311, 72.9003047, 0.0 ], [ 19.1913648, 72.9003172, 0.0 ], [ 19.1915367, 72.9003226, 0.0 ], [ 19.1916232, 72.9003398, 0.0 ], [ 19.1916325, 72.9003416, 0.0 ], [ 19.1917278, 72.9003718, 0.0 ], [ 19.1917954, 72.9003913, 0.0 ], [ 19.1918361, 72.9004029, 0.0 ], [ 19.1919245, 72.9004221, 0.0 ], [ 19.1920407, 72.9004365, 0.0 ], [ 19.192076, 72.9004449, 0.0 ], [ 19.1920761, 72.9004449, 0.0 ], [ 19.1921468, 72.9004614, 0.0 ], [ 19.1922693, 72.9004905, 0.0 ], [ 19.1924744, 72.9005391, 0.0 ], [ 19.1924744, 72.9005391, 0.0 ], [ 19.1926688, 72.900585, 0.0 ], [ 19.1927761, 72.9006104, 0.0 ], [ 19.1929004, 72.9006397, 0.0 ], [ 19.1930043, 72.9006767, 0.0 ], [ 19.1930205, 72.9006824, 0.0 ], [ 19.1930969, 72.9006953, 0.0 ], [ 19.1940318, 72.9009071, 0.0 ], [ 19.194163, 72.9009368, 0.0 ], [ 19.1950574, 72.9011523, 0.0 ], [ 19.1954958, 72.901258, 0.0 ], [ 19.1957987, 72.901331, 0.0 ], [ 19.1957988, 72.901331, 0.0 ], [ 19.1963699, 72.9014686, 0.0 ], [ 19.19637, 72.9014686, 0.0 ], [ 19.1970366, 72.9021411, 0.0 ], [ 19.1972512, 72.9023576, 0.0 ], [ 19.1978469, 72.9023582, 0.0 ], [ 19.1984624, 72.9023738, 0.0 ], [ 19.1988118, 72.9023824, 0.0 ], [ 19.199188, 72.9023904, 0.0 ], [ 19.1991881, 72.9023904, 0.0 ], [ 19.1992392, 72.9023915, 0.0 ], [ 19.1992988, 72.9023927, 0.0 ], [ 19.1993945, 72.9023947, 0.0 ], [ 19.1993361, 72.9028151, 0.0 ], [ 19.1992993, 72.9033539, 0.0 ], [ 19.1993438, 72.9039018, 0.0 ], [ 19.1994741, 72.9044284, 0.0 ], [ 19.1996126, 72.9048392, 0.0 ], [ 19.1996145, 72.9050052, 0.0 ], [ 19.1995772, 72.9050912, 0.0 ], [ 19.1994773, 72.9051327, 0.0 ], [ 19.1993677, 72.9051542, 0.0 ], [ 19.1992006, 72.9051764, 0.0 ], [ 19.1989473, 72.9051746, 0.0 ], [ 19.198732, 72.9051622, 0.0 ], [ 19.198541, 72.9051798, 0.0 ], [ 19.1984459, 72.9052212, 0.0 ], [ 19.1983992, 72.9053124, 0.0 ], [ 19.1984201, 72.9054681, 0.0 ], [ 19.1984457, 72.9056187, 0.0 ], [ 19.1985544, 72.9059342, 0.0 ], [ 19.1986138, 72.9061096, 0.0 ], [ 19.1986302, 72.9062905, 0.0 ], [ 19.1986084, 72.9064719, 0.0 ], [ 19.1985785, 72.9065249, 0.0 ], [ 19.1986674, 72.9065811, 0.0 ], [ 19.199338, 72.9070053, 0.0 ], [ 19.2023807, 72.9089297, 0.0 ], [ 19.2024685, 72.9089852, 0.0 ], [ 19.2026433, 72.9090226, 0.0 ], [ 19.202818, 72.9090599, 0.0 ], [ 19.2031675, 72.9091347, 0.0 ], [ 19.20387, 72.9092934, 0.0 ], [ 19.2038897, 72.9092982, 0.0 ], [ 19.2040793, 72.909344, 0.0 ], [ 19.2045774, 72.9094646, 0.0 ], [ 19.2052116, 72.9096124, 0.0 ], [ 19.2064964, 72.9099214, 0.0 ], [ 19.2075954, 72.9101687, 0.0 ], [ 19.2075955, 72.9101688, 0.0 ], [ 19.207805, 72.911116, 0.0 ], [ 19.2078815, 72.911627, 0.0 ], [ 19.207946, 72.9122371, 0.0 ], [ 19.20802, 72.9127872, 0.0 ], [ 19.2080792, 72.9133, 0.0 ], [ 19.208264, 72.9134645, 0.0 ], [ 19.2091477, 72.9141144, 0.0 ], [ 19.2091477, 72.9141144, 0.0 ], [ 19.2098945, 72.9146577, 0.0 ], [ 19.2098946, 72.9146578, 0.0 ], [ 19.2101727, 72.9148605, 0.0 ], [ 19.2126075, 72.9157366, 0.0 ], [ 19.2131772, 72.9159616, 0.0 ], [ 19.2141739, 72.9163305, 0.0 ], [ 19.2153834, 72.9167179, 0.0 ], [ 19.2161663, 72.9172118, 0.0 ], [ 19.2161664, 72.9172118, 0.0 ], [ 19.2163635, 72.9179077, 0.0 ], [ 19.2165995, 72.9188214, 0.0 ], [ 19.21674, 72.9193659, 0.0 ], [ 19.2169335, 72.920089, 0.0 ], [ 19.2169335, 72.920089, 0.0 ], [ 19.2165644, 72.9215912, 0.0 ], [ 19.2163945, 72.922291, 0.0 ], [ 19.2149854, 72.9241889, 0.0 ], [ 19.2135244, 72.926159, 0.0 ], [ 19.2116935, 72.927565, 0.0 ], [ 19.2115628, 72.9284342, 0.0 ], [ 19.2113479, 72.93004, 0.0 ], [ 19.2112282, 72.9309848, 0.0 ], [ 19.2098831, 72.9316293, 0.0 ], [ 19.2078021, 72.932626, 0.0 ], [ 19.2071092, 72.9329631, 0.0 ], [ 19.206261, 72.9342874, 0.0 ], [ 19.2054993, 72.9355095, 0.0 ], [ 19.2046989, 72.9355088, 0.0 ], [ 19.2026344, 72.9355256, 0.0 ], [ 19.201532, 72.935551, 0.0 ], [ 19.199988, 72.9354831, 0.0 ] ] ] } },
{ "type": "Feature", "id": 10, "properties": { "Name": "\n    N\n   ", "tessellate": 1, "extrude": 0, "visibility": -1, "NAME2": "N\n", "OBJECTID": 11, "Shape__Area": 30602271.307999998, "Shape__Length": 30174.539103499999 }, "geometry": { "type": "Polygon", "coordinates": [ [ [ 19.1091103, 72.916699, 0.0 ], [ 19.1089268, 72.9165916, 0.0 ], [ 19.1089582, 72.916524, 0.0 ], [ 19.1089658, 72.9163956, 0.0 ], [ 19.1089713, 72.9163019, 0.0 ], [ 19.1086407, 72.9161024, 0.0 ], [ 19.1083096, 72.9159028, 0.0 ], [ 19.1079575, 72.9156813, 0.0 ], [ 19.1078281, 72.9155998, 0.0 ], [ 19.1077846, 72.9155725, 0.0 ], [ 19.1077807, 72.9155701, 0.0 ], [ 19.107743, 72.9155532, 0.0 ], [ 19.1077038, 72.9155383, 0.0 ], [ 19.1076572, 72.915524, 0.0 ], [ 19.1076114, 72.9155132, 0.0 ], [ 19.10756, 72.9155049, 0.0 ], [ 19.1075084, 72.9155005, 0.0 ], [ 19.1074617, 72.9154998, 0.0 ], [ 19.1074003, 72.9155036, 0.0 ], [ 19.107359, 72.9155093, 0.0 ], [ 19.1073126, 72.9155187, 0.0 ], [ 19.1072718, 72.9155297, 0.0 ], [ 19.1072245, 72.9155449, 0.0 ], [ 19.1072245, 72.915545, 0.0 ], [ 19.1069614, 72.9156412, 0.0 ], [ 19.1069174, 72.9156636, 0.0 ], [ 19.1068644, 72.9156901, 0.0 ], [ 19.1067896, 72.9157308, 0.0 ], [ 19.1067209, 72.9157732, 0.0 ], [ 19.1066366, 72.9158267, 0.0 ], [ 19.1065522, 72.9158883, 0.0 ], [ 19.1064754, 72.9159517, 0.0 ], [ 19.1064204, 72.9160058, 0.0 ], [ 19.1063539, 72.9160687, 0.0 ], [ 19.1063283, 72.9160956, 0.0 ], [ 19.1063138, 72.9161014, 0.0 ], [ 19.1050287, 72.915912, 0.0 ], [ 19.1050208, 72.9160002, 0.0 ], [ 19.1049888, 72.9161482, 0.0 ], [ 19.1048612, 72.9165573, 0.0 ], [ 19.1047253, 72.9167451, 0.0 ], [ 19.1044864, 72.9170581, 0.0 ], [ 19.1043891, 72.917168, 0.0 ], [ 19.1040739, 72.9176017, 0.0 ], [ 19.1032696, 72.9187398, 0.0 ], [ 19.1024244, 72.9199467, 0.0 ], [ 19.1031463, 72.9205016, 0.0 ], [ 19.1042139, 72.9212412, 0.0 ], [ 19.1046336, 72.9215371, 0.0 ], [ 19.105739, 72.9223947, 0.0 ], [ 19.1069361, 72.923217, 0.0 ], [ 19.1077721, 72.92378, 0.0 ], [ 19.1091103, 72.9245922, 0.0 ], [ 19.1100059, 72.9251168, 0.0 ], [ 19.1103626, 72.9253172, 0.0 ], [ 19.1106599, 72.9254555, 0.0 ], [ 19.1107522, 72.9254978, 0.0 ], [ 19.1109077, 72.9261155, 0.0 ], [ 19.1110394, 72.9266525, 0.0 ], [ 19.1110671, 72.9267665, 0.0 ], [ 19.1109371, 72.9268005, 0.0 ], [ 19.110881, 72.9268152, 0.0 ], [ 19.1108421, 72.9268368, 0.0 ], [ 19.1108243, 72.9268603, 0.0 ], [ 19.1108066, 72.926889, 0.0 ], [ 19.1107988, 72.9269155, 0.0 ], [ 19.1107943, 72.9269589, 0.0 ], [ 19.1108076, 72.9271043, 0.0 ], [ 19.1107809, 72.9271846, 0.0 ], [ 19.1107491, 72.9272997, 0.0 ], [ 19.1106356, 72.9277251, 0.0 ], [ 19.1105725, 72.9280331, 0.0 ], [ 19.1105458, 72.9282204, 0.0 ], [ 19.1105575, 72.9282222, 0.0 ], [ 19.1106298, 72.9282336, 0.0 ], [ 19.1105577, 72.928418, 0.0 ], [ 19.1105368, 72.9284713, 0.0 ], [ 19.1105158, 72.9285251, 0.0 ], [ 19.1105095, 72.9285426, 0.0 ], [ 19.1105086, 72.928545, 0.0 ], [ 19.110508, 72.9285468, 0.0 ], [ 19.110499, 72.9285699, 0.0 ], [ 19.1104645, 72.9286585, 0.0 ], [ 19.1104575, 72.9286751, 0.0 ], [ 19.1104508, 72.9286912, 0.0 ], [ 19.1104279, 72.9287458, 0.0 ], [ 19.1104268, 72.9287485, 0.0 ], [ 19.1100481, 72.9297676, 0.0 ], [ 19.1100216, 72.9298389, 0.0 ], [ 19.1097743, 72.9305047, 0.0 ], [ 19.1095364, 72.931133, 0.0 ], [ 19.1094685, 72.9313121, 0.0 ], [ 19.1088469, 72.9329597, 0.0 ], [ 19.1088059, 72.9331034, 0.0 ], [ 19.1088044, 72.9331378, 0.0 ], [ 19.1088077, 72.9331721, 0.0 ], [ 19.1088158, 72.9332055, 0.0 ], [ 19.1088284, 72.9332373, 0.0 ], [ 19.1088467, 72.933269, 0.0 ], [ 19.1088696, 72.9332972, 0.0 ], [ 19.1088964, 72.9333213, 0.0 ], [ 19.1106551, 72.934021, 0.0 ], [ 19.1107757, 72.93407, 0.0 ], [ 19.1108665, 72.9346174, 0.0 ], [ 19.112412, 72.9358429, 0.0 ], [ 19.11243, 72.9358562, 0.0 ], [ 19.1124877, 72.9358989, 0.0 ], [ 19.1125321, 72.9359317, 0.0 ], [ 19.1128284, 72.9361508, 0.0 ], [ 19.1130826, 72.9363387, 0.0 ], [ 19.1131389, 72.9364564, 0.0 ], [ 19.113177, 72.9365719, 0.0 ], [ 19.1133356, 72.9370079, 0.0 ], [ 19.1133689, 72.937185, 0.0 ], [ 19.1134188, 72.9373919, 0.0 ], [ 19.1134391, 72.9375033, 0.0 ], [ 19.1135167, 72.9379092, 0.0 ], [ 19.1135558, 72.9381719, 0.0 ], [ 19.1136441, 72.9385932, 0.0 ], [ 19.1136575, 72.9386947, 0.0 ], [ 19.1137298, 72.9390874, 0.0 ], [ 19.1137908, 72.9393829, 0.0 ], [ 19.1138202, 72.9395627, 0.0 ], [ 19.1138939, 72.9400673, 0.0 ], [ 19.1139501, 72.9405327, 0.0 ], [ 19.1140553, 72.941031, 0.0 ], [ 19.114109, 72.9412824, 0.0 ], [ 19.1143174, 72.9418039, 0.0 ], [ 19.1143537, 72.9418928, 0.0 ], [ 19.1147585, 72.9429259, 0.0 ], [ 19.1146756, 72.9433843, 0.0 ], [ 19.1147404, 72.9435121, 0.0 ], [ 19.1148079, 72.9440092, 0.0 ], [ 19.1148167, 72.9440742, 0.0 ], [ 19.1148082, 72.9440762, 0.0 ], [ 19.1145915, 72.9453654, 0.0 ], [ 19.1142931, 72.9456146, 0.0 ], [ 19.1142615, 72.9456122, 0.0 ], [ 19.1139399, 72.9459897, 0.0 ], [ 19.1139398, 72.9459898, 0.0 ], [ 19.1138522, 72.9460925, 0.0 ], [ 19.1137632, 72.9461971, 0.0 ], [ 19.1137198, 72.9462744, 0.0 ], [ 19.1136589, 72.946363, 0.0 ], [ 19.1135966, 72.9464383, 0.0 ], [ 19.1130805, 72.947078, 0.0 ], [ 19.1129435, 72.9472169, 0.0 ], [ 19.1124263, 72.9477556, 0.0 ], [ 19.1120676, 72.9481499, 0.0 ], [ 19.1120571, 72.9481458, 0.0 ], [ 19.1119381, 72.9482693, 0.0 ], [ 19.1117, 72.9485229, 0.0 ], [ 19.111513, 72.9488119, 0.0 ], [ 19.1113484, 72.9490628, 0.0 ], [ 19.1112197, 72.949325, 0.0 ], [ 19.1111947, 72.9493709, 0.0 ], [ 19.1111807, 72.9494001, 0.0 ], [ 19.1111671, 72.9494371, 0.0 ], [ 19.1111458, 72.949547, 0.0 ], [ 19.1110791, 72.9498988, 0.0 ], [ 19.1110387, 72.9501, 0.0 ], [ 19.1110026, 72.950415, 0.0 ], [ 19.1109333, 72.9509503, 0.0 ], [ 19.1108316, 72.9518236, 0.0 ], [ 19.1098809, 72.9551039, 0.0 ], [ 19.1077675, 72.9623956, 0.0 ], [ 19.1077624, 72.9623938, 0.0 ], [ 19.107599, 72.9623376, 0.0 ], [ 19.107595, 72.9623363, 0.0 ], [ 19.1074579, 72.9622892, 0.0 ], [ 19.10745, 72.9622865, 0.0 ], [ 19.1072644, 72.9622227, 0.0 ], [ 19.1072542, 72.9622192, 0.0 ], [ 19.1070444, 72.9621471, 0.0 ], [ 19.1070378, 72.9621448, 0.0 ], [ 19.1068327, 72.9620743, 0.0 ], [ 19.1068259, 72.962072, 0.0 ], [ 19.1066153, 72.9619996, 0.0 ], [ 19.1066011, 72.9619947, 0.0 ], [ 19.1065041, 72.9619614, 0.0 ], [ 19.1063304, 72.9619175, 0.0 ], [ 19.1063278, 72.9619169, 0.0 ], [ 19.1062186, 72.9618893, 0.0 ], [ 19.1062126, 72.9618878, 0.0 ], [ 19.1060634, 72.9618501, 0.0 ], [ 19.1060554, 72.9618481, 0.0 ], [ 19.1059207, 72.961814, 0.0 ], [ 19.1059171, 72.9618131, 0.0 ], [ 19.105742, 72.9617689, 0.0 ], [ 19.1057385, 72.961768, 0.0 ], [ 19.1055653, 72.9617243, 0.0 ], [ 19.1055593, 72.9617228, 0.0 ], [ 19.1054284, 72.9616897, 0.0 ], [ 19.1054236, 72.9616885, 0.0 ], [ 19.1053171, 72.9616616, 0.0 ], [ 19.1053112, 72.9616601, 0.0 ], [ 19.1051877, 72.9616289, 0.0 ], [ 19.1051829, 72.9616277, 0.0 ], [ 19.1050415, 72.961592, 0.0 ], [ 19.1050383, 72.9615912, 0.0 ], [ 19.1048835, 72.9615521, 0.0 ], [ 19.1048811, 72.9615515, 0.0 ], [ 19.1047401, 72.9615159, 0.0 ], [ 19.1047356, 72.9615148, 0.0 ], [ 19.1046035, 72.9614814, 0.0 ], [ 19.1045999, 72.9614805, 0.0 ], [ 19.1044335, 72.9614385, 0.0 ], [ 19.1044309, 72.9614378, 0.0 ], [ 19.1042751, 72.9613985, 0.0 ], [ 19.104271, 72.9613974, 0.0 ], [ 19.1041158, 72.9613582, 0.0 ], [ 19.1041112, 72.9613571, 0.0 ], [ 19.103961, 72.9613191, 0.0 ], [ 19.1039558, 72.9613178, 0.0 ], [ 19.1037816, 72.9612738, 0.0 ], [ 19.1037739, 72.9612719, 0.0 ], [ 19.1036361, 72.9612371, 0.0 ], [ 19.1036301, 72.9612356, 0.0 ], [ 19.1035842, 72.961224, 0.0 ], [ 19.1034745, 72.9611963, 0.0 ], [ 19.1034683, 72.9611947, 0.0 ], [ 19.1033869, 72.9611741, 0.0 ], [ 19.1033501, 72.9611691, 0.0 ], [ 19.1031703, 72.9611576, 0.0 ], [ 19.1031653, 72.9611572, 0.0 ], [ 19.1029898, 72.961146, 0.0 ], [ 19.1029825, 72.9611455, 0.0 ], [ 19.1028501, 72.961137, 0.0 ], [ 19.1028434, 72.9611366, 0.0 ], [ 19.1026828, 72.9611263, 0.0 ], [ 19.1026763, 72.9611258, 0.0 ], [ 19.1024897, 72.9611139, 0.0 ], [ 19.102485, 72.9611136, 0.0 ], [ 19.1022718, 72.9610999, 0.0 ], [ 19.1022631, 72.9610993, 0.0 ], [ 19.1020943, 72.9610885, 0.0 ], [ 19.1020867, 72.961088, 0.0 ], [ 19.1018983, 72.9610759, 0.0 ], [ 19.1018901, 72.9610754, 0.0 ], [ 19.1017367, 72.9610655, 0.0 ], [ 19.1015743, 72.9610163, 0.0 ], [ 19.1015607, 72.9610122, 0.0 ], [ 19.1013625, 72.9609521, 0.0 ], [ 19.1013538, 72.9609494, 0.0 ], [ 19.1011946, 72.9609012, 0.0 ], [ 19.10119, 72.9608998, 0.0 ], [ 19.1009918, 72.9608397, 0.0 ], [ 19.1009864, 72.9608381, 0.0 ], [ 19.1008444, 72.960795, 0.0 ], [ 19.1008366, 72.9607927, 0.0 ], [ 19.1005293, 72.9606995, 0.0 ], [ 19.1005206, 72.9606969, 0.0 ], [ 19.1001987, 72.9605993, 0.0 ], [ 19.1001917, 72.9605972, 0.0 ], [ 19.0999069, 72.9605108, 0.0 ], [ 19.0998987, 72.9605083, 0.0 ], [ 19.0996259, 72.9604256, 0.0 ], [ 19.0996133, 72.9604218, 0.0 ], [ 19.0993935, 72.9603552, 0.0 ], [ 19.0993803, 72.9603512, 0.0 ], [ 19.0991127, 72.9602701, 0.0 ], [ 19.0991015, 72.9602667, 0.0 ], [ 19.098883, 72.9602005, 0.0 ], [ 19.0985548, 72.9601009, 0.0 ], [ 19.0985489, 72.9600992, 0.0 ], [ 19.0983072, 72.9600259, 0.0 ], [ 19.0982967, 72.9600227, 0.0 ], [ 19.0980411, 72.9599452, 0.0 ], [ 19.0980332, 72.9599428, 0.0 ], [ 19.0977599, 72.95986, 0.0 ], [ 19.0977508, 72.9598572, 0.0 ], [ 19.0975145, 72.9597856, 0.0 ], [ 19.0975046, 72.9597826, 0.0 ], [ 19.0973556, 72.9597374, 0.0 ], [ 19.0972818, 72.9597225, 0.0 ], [ 19.0972696, 72.9597201, 0.0 ], [ 19.0970851, 72.9596828, 0.0 ], [ 19.0969761, 72.9596608, 0.0 ], [ 19.0967291, 72.9596109, 0.0 ], [ 19.0966188, 72.9595886, 0.0 ], [ 19.0966079, 72.9595864, 0.0 ], [ 19.096346, 72.9595336, 0.0 ], [ 19.0963161, 72.9595275, 0.0 ], [ 19.0958426, 72.9594319, 0.0 ], [ 19.095685, 72.9594001, 0.0 ], [ 19.0956572, 72.9593945, 0.0 ], [ 19.095435, 72.9593496, 0.0 ], [ 19.0954222, 72.959347, 0.0 ], [ 19.095174, 72.9592969, 0.0 ], [ 19.0949658, 72.9592549, 0.0 ], [ 19.0949591, 72.9592535, 0.0 ], [ 19.094759, 72.9592131, 0.0 ], [ 19.0947501, 72.9592113, 0.0 ], [ 19.0945819, 72.9591773, 0.0 ], [ 19.094574, 72.9591757, 0.0 ], [ 19.0943547, 72.9591314, 0.0 ], [ 19.0943452, 72.9591295, 0.0 ], [ 19.0941564, 72.9590914, 0.0 ], [ 19.0941527, 72.9590907, 0.0 ], [ 19.094025, 72.9590649, 0.0 ], [ 19.0940194, 72.9590637, 0.0 ], [ 19.093831, 72.9590257, 0.0 ], [ 19.0938274, 72.959025, 0.0 ], [ 19.0936269, 72.9589845, 0.0 ], [ 19.0936206, 72.9589832, 0.0 ], [ 19.093429, 72.9589445, 0.0 ], [ 19.0934205, 72.9589428, 0.0 ], [ 19.0931915, 72.9588966, 0.0 ], [ 19.0931865, 72.9588956, 0.0 ], [ 19.0929565, 72.9588491, 0.0 ], [ 19.0928238, 72.9588223, 0.0 ], [ 19.092821, 72.9588218, 0.0 ], [ 19.0926767, 72.9587926, 0.0 ], [ 19.0926689, 72.958791, 0.0 ], [ 19.09263, 72.9587832, 0.0 ], [ 19.0924444, 72.9587613, 0.0 ], [ 19.0924346, 72.9587602, 0.0 ], [ 19.0922257, 72.9587356, 0.0 ], [ 19.0922169, 72.9587346, 0.0 ], [ 19.0919753, 72.9587061, 0.0 ], [ 19.0919714, 72.9587057, 0.0 ], [ 19.0918378, 72.9586899, 0.0 ], [ 19.09183, 72.958689, 0.0 ], [ 19.0916367, 72.9586663, 0.0 ], [ 19.091627, 72.9586651, 0.0 ], [ 19.0914743, 72.9586472, 0.0 ], [ 19.0914696, 72.9586466, 0.0 ], [ 19.0912791, 72.9586242, 0.0 ], [ 19.091275, 72.9586237, 0.0 ], [ 19.0911193, 72.9586054, 0.0 ], [ 19.0911132, 72.9586047, 0.0 ], [ 19.0909451, 72.9585849, 0.0 ], [ 19.0909385, 72.9585841, 0.0 ], [ 19.0907916, 72.9585668, 0.0 ], [ 19.0907883, 72.9585664, 0.0 ], [ 19.0906256, 72.9585473, 0.0 ], [ 19.0906157, 72.9585461, 0.0 ], [ 19.0904888, 72.9585312, 0.0 ], [ 19.090483, 72.9585305, 0.0 ], [ 19.090282, 72.9585068, 0.0 ], [ 19.0902761, 72.9585061, 0.0 ], [ 19.090106, 72.9584861, 0.0 ], [ 19.0900992, 72.9584853, 0.0 ], [ 19.0898995, 72.9584618, 0.0 ], [ 19.089896, 72.9584614, 0.0 ], [ 19.0897281, 72.9584416, 0.0 ], [ 19.0897239, 72.9584411, 0.0 ], [ 19.0895624, 72.9584221, 0.0 ], [ 19.0895527, 72.958421, 0.0 ], [ 19.0892885, 72.9583899, 0.0 ], [ 19.0892796, 72.9583889, 0.0 ], [ 19.088964, 72.9583517, 0.0 ], [ 19.0889551, 72.9583507, 0.0 ], [ 19.0886896, 72.9583194, 0.0 ], [ 19.0886813, 72.9583184, 0.0 ], [ 19.0883422, 72.9582785, 0.0 ], [ 19.0883347, 72.9582776, 0.0 ], [ 19.0880327, 72.9582421, 0.0 ], [ 19.0880237, 72.958241, 0.0 ], [ 19.0879599, 72.9582335, 0.0 ], [ 19.0877056, 72.9582229, 0.0 ], [ 19.0876958, 72.9582225, 0.0 ], [ 19.0874025, 72.9582103, 0.0 ], [ 19.087393, 72.9582099, 0.0 ], [ 19.0873868, 72.9582097, 0.0 ], [ 19.0871463, 72.9581997, 0.0 ], [ 19.0871367, 72.9581992, 0.0 ], [ 19.0868748, 72.9581883, 0.0 ], [ 19.0868656, 72.958188, 0.0 ], [ 19.086551, 72.9581749, 0.0 ], [ 19.0865403, 72.9581744, 0.0 ], [ 19.0862685, 72.9581631, 0.0 ], [ 19.0862624, 72.9581628, 0.0 ], [ 19.0862044, 72.9581604, 0.0 ], [ 19.0859721, 72.9581507, 0.0 ], [ 19.0859612, 72.9581503, 0.0 ], [ 19.085696, 72.9581392, 0.0 ], [ 19.0856886, 72.9581389, 0.0 ], [ 19.0854313, 72.9581282, 0.0 ], [ 19.0853707, 72.9581257, 0.0 ], [ 19.0852017, 72.9581187, 0.0 ], [ 19.085192, 72.9581182, 0.0 ], [ 19.0848378, 72.9581035, 0.0 ], [ 19.084828, 72.9581031, 0.0 ], [ 19.0845167, 72.9580901, 0.0 ], [ 19.0845076, 72.9580897, 0.0 ], [ 19.0843399, 72.9580828, 0.0 ], [ 19.0843325, 72.9580824, 0.0 ], [ 19.0840787, 72.9580719, 0.0 ], [ 19.0840727, 72.9580716, 0.0 ], [ 19.0839684, 72.9580673, 0.0 ], [ 19.0839635, 72.9580671, 0.0 ], [ 19.0838561, 72.9580626, 0.0 ], [ 19.0838513, 72.9580624, 0.0 ], [ 19.0837385, 72.9580577, 0.0 ], [ 19.0837342, 72.9580575, 0.0 ], [ 19.0836077, 72.9580523, 0.0 ], [ 19.083603, 72.9580521, 0.0 ], [ 19.0835125, 72.9580483, 0.0 ], [ 19.0835085, 72.9580481, 0.0 ], [ 19.0833867, 72.958043, 0.0 ], [ 19.0833835, 72.9580429, 0.0 ], [ 19.0832712, 72.9580382, 0.0 ], [ 19.0832663, 72.958038, 0.0 ], [ 19.0831078, 72.9580314, 0.0 ], [ 19.0831011, 72.9580312, 0.0 ], [ 19.0829531, 72.958025, 0.0 ], [ 19.0829498, 72.9580248, 0.0 ], [ 19.0827984, 72.9580185, 0.0 ], [ 19.0827947, 72.9580184, 0.0 ], [ 19.0826398, 72.9580119, 0.0 ], [ 19.0826362, 72.9580118, 0.0 ], [ 19.0824762, 72.9580051, 0.0 ], [ 19.0824718, 72.9580049, 0.0 ], [ 19.0823653, 72.9580005, 0.0 ], [ 19.0823343, 72.9579968, 0.0 ], [ 19.0823308, 72.9579963, 0.0 ], [ 19.0821702, 72.9579769, 0.0 ], [ 19.0821628, 72.957976, 0.0 ], [ 19.0819267, 72.9579475, 0.0 ], [ 19.0819221, 72.9579469, 0.0 ], [ 19.0817472, 72.9579258, 0.0 ], [ 19.0817269, 72.9579233, 0.0 ], [ 19.0815826, 72.9579059, 0.0 ], [ 19.0815738, 72.9579048, 0.0 ], [ 19.0814099, 72.957885, 0.0 ], [ 19.0814027, 72.9578841, 0.0 ], [ 19.0812144, 72.9578614, 0.0 ], [ 19.0810211, 72.9577995, 0.0 ], [ 19.0810021, 72.9577934, 0.0 ], [ 19.0809897, 72.9577895, 0.0 ], [ 19.0809646, 72.9577814, 0.0 ], [ 19.0807953, 72.9577272, 0.0 ], [ 19.0804063, 72.9576027, 0.0 ], [ 19.0803917, 72.957598, 0.0 ], [ 19.0799335, 72.9574513, 0.0 ], [ 19.0799216, 72.9574475, 0.0 ], [ 19.0799179, 72.9574463, 0.0 ], [ 19.0794743, 72.9573043, 0.0 ], [ 19.0794585, 72.9572992, 0.0 ], [ 19.0790914, 72.9571817, 0.0 ], [ 19.0790746, 72.9571763, 0.0 ], [ 19.0786685, 72.9570463, 0.0 ], [ 19.0786579, 72.9570429, 0.0 ], [ 19.0782383, 72.9569086, 0.0 ], [ 19.078228, 72.9569053, 0.0 ], [ 19.0777235, 72.9567438, 0.0 ], [ 19.0776354, 72.9567529, 0.0 ], [ 19.0776253, 72.9567539, 0.0 ], [ 19.0771612, 72.956802, 0.0 ], [ 19.0771489, 72.9568032, 0.0 ], [ 19.0766959, 72.9568501, 0.0 ], [ 19.0766813, 72.9568516, 0.0 ], [ 19.0762279, 72.9568986, 0.0 ], [ 19.0762099, 72.9569004, 0.0 ], [ 19.0757548, 72.9569475, 0.0 ], [ 19.0756711, 72.9569665, 0.0 ], [ 19.0756512, 72.956971, 0.0 ], [ 19.0751778, 72.9570783, 0.0 ], [ 19.0751655, 72.9570811, 0.0 ], [ 19.0746568, 72.9571965, 0.0 ], [ 19.0746442, 72.9571993, 0.0 ], [ 19.0742412, 72.9572907, 0.0 ], [ 19.0742234, 72.9572947, 0.0 ], [ 19.0739717, 72.9573518, 0.0 ], [ 19.0737365, 72.9574114, 0.0 ], [ 19.0737232, 72.9574147, 0.0 ], [ 19.0732519, 72.9575341, 0.0 ], [ 19.0732368, 72.9575379, 0.0 ], [ 19.0727673, 72.9576569, 0.0 ], [ 19.0727564, 72.9576596, 0.0 ], [ 19.0723006, 72.9577751, 0.0 ], [ 19.0722904, 72.9577777, 0.0 ], [ 19.0718947, 72.957878, 0.0 ], [ 19.0718314, 72.9578891, 0.0 ], [ 19.0718215, 72.9578908, 0.0 ], [ 19.0714109, 72.9579629, 0.0 ], [ 19.0713944, 72.9579658, 0.0 ], [ 19.0710418, 72.9580277, 0.0 ], [ 19.071029, 72.95803, 0.0 ], [ 19.070641, 72.9580981, 0.0 ], [ 19.0706245, 72.958101, 0.0 ], [ 19.0702437, 72.9581679, 0.0 ], [ 19.0702265, 72.9581709, 0.0 ], [ 19.0699216, 72.9582245, 0.0 ], [ 19.0699121, 72.9582261, 0.0 ], [ 19.0694786, 72.9583022, 0.0 ], [ 19.0694679, 72.9583041, 0.0 ], [ 19.0691205, 72.9583651, 0.0 ], [ 19.0691107, 72.9583669, 0.0 ], [ 19.0688159, 72.9583868, 0.0 ], [ 19.0688054, 72.9583875, 0.0 ], [ 19.0684111, 72.9584142, 0.0 ], [ 19.0684023, 72.9584148, 0.0 ], [ 19.0681837, 72.9584296, 0.0 ], [ 19.0679768, 72.9584899, 0.0 ], [ 19.0679606, 72.9584946, 0.0 ], [ 19.0676301, 72.958591, 0.0 ], [ 19.0676168, 72.9585948, 0.0 ], [ 19.0672125, 72.9587127, 0.0 ], [ 19.0672027, 72.9587156, 0.0 ], [ 19.0668651, 72.958814, 0.0 ], [ 19.0668563, 72.9588166, 0.0 ], [ 19.0664831, 72.9589254, 0.0 ], [ 19.0664403, 72.9589509, 0.0 ], [ 19.0664307, 72.9589567, 0.0 ], [ 19.0661031, 72.9591524, 0.0 ], [ 19.0660933, 72.9591582, 0.0 ], [ 19.0657649, 72.9593544, 0.0 ], [ 19.0657573, 72.9593589, 0.0 ], [ 19.0654359, 72.9595509, 0.0 ], [ 19.0654227, 72.9595588, 0.0 ], [ 19.0650839, 72.9597611, 0.0 ], [ 19.0650722, 72.9597681, 0.0 ], [ 19.0647573, 72.9599562, 0.0 ], [ 19.0647418, 72.9599654, 0.0 ], [ 19.0646486, 72.9600211, 0.0 ], [ 19.0644176, 72.9601405, 0.0 ], [ 19.0644034, 72.9601479, 0.0 ], [ 19.0640659, 72.9603224, 0.0 ], [ 19.0640536, 72.9603288, 0.0 ], [ 19.0636858, 72.9605189, 0.0 ], [ 19.0635427, 72.9569895, 0.0 ], [ 19.0635271, 72.9568486, 0.0 ], [ 19.0634816, 72.9564387, 0.0 ], [ 19.0635002, 72.9563368, 0.0 ], [ 19.0635246, 72.9562029, 0.0 ], [ 19.0635564, 72.955904, 0.0 ], [ 19.0635574, 72.9558392, 0.0 ], [ 19.0635581, 72.9557879, 0.0 ], [ 19.0635583, 72.9557791, 0.0 ], [ 19.0635536, 72.9556579, 0.0 ], [ 19.0635488, 72.9555339, 0.0 ], [ 19.0635456, 72.9554091, 0.0 ], [ 19.0635452, 72.9553705, 0.0 ], [ 19.0635442, 72.9552843, 0.0 ], [ 19.0635427, 72.9551595, 0.0 ], [ 19.0635424, 72.9551551, 0.0 ], [ 19.0635363, 72.9550384, 0.0 ], [ 19.0635346, 72.9549084, 0.0 ], [ 19.0635282, 72.9547855, 0.0 ], [ 19.063525, 72.954659, 0.0 ], [ 19.0635215, 72.954569, 0.0 ], [ 19.0635202, 72.9545351, 0.0 ], [ 19.0635177, 72.9544262, 0.0 ], [ 19.0635004, 72.9543423, 0.0 ], [ 19.063493, 72.9543059, 0.0 ], [ 19.0634748, 72.9541818, 0.0 ], [ 19.0634661, 72.9541388, 0.0 ], [ 19.06345, 72.9540597, 0.0 ], [ 19.0634333, 72.9539634, 0.0 ], [ 19.0634286, 72.9539358, 0.0 ], [ 19.0634161, 72.9538724, 0.0 ], [ 19.0634057, 72.9538189, 0.0 ], [ 19.0633905, 72.9537346, 0.0 ], [ 19.0633865, 72.9537124, 0.0 ], [ 19.063319, 72.953608, 0.0 ], [ 19.0632782, 72.9535433, 0.0 ], [ 19.0632531, 72.9535036, 0.0 ], [ 19.0632243, 72.9534615, 0.0 ], [ 19.0631841, 72.9534028, 0.0 ], [ 19.0631382, 72.9533289, 0.0 ], [ 19.0631181, 72.9532965, 0.0 ], [ 19.0630605, 72.9532102, 0.0 ], [ 19.0630464, 72.953189, 0.0 ], [ 19.0630288, 72.9531652, 0.0 ], [ 19.0629722, 72.9530885, 0.0 ], [ 19.0627945, 72.9528614, 0.0 ], [ 19.0626652, 72.9526855, 0.0 ], [ 19.0625696, 72.9525554, 0.0 ], [ 19.0624055, 72.9523437, 0.0 ], [ 19.0622178, 72.9520844, 0.0 ], [ 19.0622134, 72.9520785, 0.0 ], [ 19.0621013, 72.9519215, 0.0 ], [ 19.0620633, 72.9518912, 0.0 ], [ 19.0620094, 72.9518474, 0.0 ], [ 19.061959, 72.9518065, 0.0 ], [ 19.0619075, 72.9517631, 0.0 ], [ 19.0618116, 72.9516898, 0.0 ], [ 19.0616907, 72.9515878, 0.0 ], [ 19.0615253, 72.9514514, 0.0 ], [ 19.0613823, 72.9513367, 0.0 ], [ 19.0612392, 72.9512176, 0.0 ], [ 19.0611464, 72.9511427, 0.0 ], [ 19.0611388, 72.9511366, 0.0 ], [ 19.0610218, 72.9510448, 0.0 ], [ 19.060895, 72.9509372, 0.0 ], [ 19.0607838, 72.9508482, 0.0 ], [ 19.0606449, 72.9507357, 0.0 ], [ 19.0606243, 72.9507192, 0.0 ], [ 19.0604543, 72.9505832, 0.0 ], [ 19.060388, 72.9505288, 0.0 ], [ 19.060278, 72.9504386, 0.0 ], [ 19.0601547, 72.9503369, 0.0 ], [ 19.060083, 72.9502778, 0.0 ], [ 19.0598461, 72.9500907, 0.0 ], [ 19.0597853, 72.950038, 0.0 ], [ 19.059617, 72.949897, 0.0 ], [ 19.0594237, 72.9497404, 0.0 ], [ 19.059357, 72.9496848, 0.0 ], [ 19.0592313, 72.9495798, 0.0 ], [ 19.0590695, 72.9494446, 0.0 ], [ 19.0589282, 72.9493312, 0.0 ], [ 19.0588296, 72.9492501, 0.0 ], [ 19.0587799, 72.9491291, 0.0 ], [ 19.0587327, 72.9490249, 0.0 ], [ 19.0586848, 72.9489038, 0.0 ], [ 19.0586354, 72.9487903, 0.0 ], [ 19.0585801, 72.9486638, 0.0 ], [ 19.0585373, 72.9485577, 0.0 ], [ 19.0585281, 72.9485361, 0.0 ], [ 19.0584996, 72.9484588, 0.0 ], [ 19.0584945, 72.9484451, 0.0 ], [ 19.0584145, 72.9482516, 0.0 ], [ 19.0583196, 72.9480341, 0.0 ], [ 19.0580035, 72.9473071, 0.0 ], [ 19.0578528, 72.9469468, 0.0 ], [ 19.0577229, 72.9466344, 0.0 ], [ 19.0574126, 72.945921, 0.0 ], [ 19.0571493, 72.9453108, 0.0 ], [ 19.0570995, 72.9451938, 0.0 ], [ 19.0568524, 72.9446134, 0.0 ], [ 19.0566511, 72.9441461, 0.0 ], [ 19.0564926, 72.9437755, 0.0 ], [ 19.0564712, 72.943712, 0.0 ], [ 19.0564356, 72.9436304, 0.0 ], [ 19.0564754, 72.9427147, 0.0 ], [ 19.056499, 72.942676, 0.0 ], [ 19.0565005, 72.9426736, 0.0 ], [ 19.0565974, 72.9425148, 0.0 ], [ 19.0566525, 72.942425, 0.0 ], [ 19.0567322, 72.9422952, 0.0 ], [ 19.0588311, 72.9418649, 0.0 ], [ 19.0591007, 72.9418133, 0.0 ], [ 19.0614172, 72.9413403, 0.0 ], [ 19.0623544, 72.9404796, 0.0 ], [ 19.0624588, 72.9404037, 0.0 ], [ 19.062906, 72.9400784, 0.0 ], [ 19.0631835, 72.9398765, 0.0 ], [ 19.0636793, 72.9395103, 0.0 ], [ 19.0638699, 72.9393711, 0.0 ], [ 19.0642441, 72.9390979, 0.0 ], [ 19.0644506, 72.9389464, 0.0 ], [ 19.0646405, 72.938807, 0.0 ], [ 19.0667363, 72.9377378, 0.0 ], [ 19.0685156, 72.9368286, 0.0 ], [ 19.0691278, 72.9364701, 0.0 ], [ 19.0701115, 72.9357639, 0.0 ], [ 19.0711648, 72.9349125, 0.0 ], [ 19.0717619, 72.9341909, 0.0 ], [ 19.0726637, 72.9332378, 0.0 ], [ 19.0733309, 72.932434, 0.0 ], [ 19.0738486, 72.9316451, 0.0 ], [ 19.0745932, 72.9305926, 0.0 ], [ 19.074975, 72.9299253, 0.0 ], [ 19.0754871, 72.9291495, 0.0 ], [ 19.0758225, 72.9281021, 0.0 ], [ 19.0759725, 72.9271091, 0.0 ], [ 19.076006, 72.9256741, 0.0 ], [ 19.0758804, 72.9244367, 0.0 ], [ 19.0754937, 72.9231244, 0.0 ], [ 19.0750619, 72.9222169, 0.0 ], [ 19.074558, 72.921519, 0.0 ], [ 19.073773, 72.9210056, 0.0 ], [ 19.0736934, 72.9209866, 0.0 ], [ 19.0736424, 72.9209746, 0.0 ], [ 19.0733561, 72.9209074, 0.0 ], [ 19.0730149, 72.9208228, 0.0 ], [ 19.0728267, 72.9207756, 0.0 ], [ 19.0727386, 72.9207535, 0.0 ], [ 19.0724425, 72.9206791, 0.0 ], [ 19.072391, 72.9206681, 0.0 ], [ 19.0722084, 72.9206186, 0.0 ], [ 19.0718605, 72.9205286, 0.0 ], [ 19.0717894, 72.9205096, 0.0 ], [ 19.0716561, 72.9204742, 0.0 ], [ 19.0715364, 72.9204423, 0.0 ], [ 19.0712809, 72.9203764, 0.0 ], [ 19.0711386, 72.9203397, 0.0 ], [ 19.0710322, 72.9203122, 0.0 ], [ 19.0708928, 72.9202813, 0.0 ], [ 19.0708017, 72.9202611, 0.0 ], [ 19.0704685, 72.9201872, 0.0 ], [ 19.0700897, 72.9201024, 0.0 ], [ 19.0698117, 72.9200414, 0.0 ], [ 19.0695925, 72.9199921, 0.0 ], [ 19.0694812, 72.9198519, 0.0 ], [ 19.0691681, 72.91982, 0.0 ], [ 19.0690396, 72.9198068, 0.0 ], [ 19.0689466, 72.9197974, 0.0 ], [ 19.0688093, 72.9197841, 0.0 ], [ 19.0687498, 72.9197761, 0.0 ], [ 19.0687048, 72.919773, 0.0 ], [ 19.0686111, 72.9197619, 0.0 ], [ 19.0685655, 72.9197579, 0.0 ], [ 19.0685445, 72.9197361, 0.0 ], [ 19.0685156, 72.9197061, 0.0 ], [ 19.0682473, 72.9194242, 0.0 ], [ 19.0682352, 72.9194149, 0.0 ], [ 19.067926, 72.9191759, 0.0 ], [ 19.0674776, 72.9184317, 0.0 ], [ 19.067323, 72.9181771, 0.0 ], [ 19.0672156, 72.9179355, 0.0 ], [ 19.0671804, 72.91785, 0.0 ], [ 19.0670895, 72.917648, 0.0 ], [ 19.0670247, 72.9175006, 0.0 ], [ 19.0669668, 72.9173689, 0.0 ], [ 19.0668552, 72.9171188, 0.0 ], [ 19.0667646, 72.9169135, 0.0 ], [ 19.0667589, 72.9169005, 0.0 ], [ 19.0666738, 72.916706, 0.0 ], [ 19.0666197, 72.9165823, 0.0 ], [ 19.0665437, 72.9164085, 0.0 ], [ 19.066093, 72.9151848, 0.0 ], [ 19.0659502, 72.9147921, 0.0 ], [ 19.0659022, 72.9146748, 0.0 ], [ 19.065878, 72.9146125, 0.0 ], [ 19.0657742, 72.9143224, 0.0 ], [ 19.0655874, 72.9138164, 0.0 ], [ 19.0655076, 72.9135683, 0.0 ], [ 19.0653999, 72.9132135, 0.0 ], [ 19.0653367, 72.9130905, 0.0 ], [ 19.0653226, 72.9130288, 0.0 ], [ 19.0653159, 72.9129706, 0.0 ], [ 19.0653197, 72.9126674, 0.0 ], [ 19.0653114, 72.912536, 0.0 ], [ 19.0653052, 72.912437, 0.0 ], [ 19.0652371, 72.9121249, 0.0 ], [ 19.0651996, 72.911953, 0.0 ], [ 19.0651001, 72.9117388, 0.0 ], [ 19.0671586, 72.9106555, 0.0 ], [ 19.0675459, 72.9106081, 0.0 ], [ 19.0679157, 72.9102662, 0.0 ], [ 19.0680816, 72.9101128, 0.0 ], [ 19.0695244, 72.9098709, 0.0 ], [ 19.0695638, 72.9098669, 0.0 ], [ 19.0695128, 72.9095076, 0.0 ], [ 19.0704007, 72.9092505, 0.0 ], [ 19.0703994, 72.9084808, 0.0 ], [ 19.070399, 72.9082453, 0.0 ], [ 19.0703524, 72.9076793, 0.0 ], [ 19.0707484, 72.907598, 0.0 ], [ 19.0717314, 72.9074196, 0.0 ], [ 19.0718514, 72.9073587, 0.0 ], [ 19.0718719, 72.907348, 0.0 ], [ 19.0719593, 72.9073021, 0.0 ], [ 19.0719101, 72.9070697, 0.0 ], [ 19.0718846, 72.9069493, 0.0 ], [ 19.0718392, 72.9067213, 0.0 ], [ 19.071831, 72.9066742, 0.0 ], [ 19.0717796, 72.9063758, 0.0 ], [ 19.0717738, 72.9063425, 0.0 ], [ 19.0717517, 72.9061961, 0.0 ], [ 19.0717343, 72.9060814, 0.0 ], [ 19.0717151, 72.9059545, 0.0 ], [ 19.0717067, 72.9058985, 0.0 ], [ 19.071666, 72.9056765, 0.0 ], [ 19.0716359, 72.9055121, 0.0 ], [ 19.0716071, 72.9053546, 0.0 ], [ 19.0715815, 72.9052151, 0.0 ], [ 19.0721566, 72.904769, 0.0 ], [ 19.0723003, 72.9046807, 0.0 ], [ 19.0723174, 72.9046565, 0.0 ], [ 19.0724657, 72.9044485, 0.0 ], [ 19.07267, 72.9041618, 0.0 ], [ 19.0728472, 72.9039132, 0.0 ], [ 19.072973, 72.9037438, 0.0 ], [ 19.0731078, 72.9035623, 0.0 ], [ 19.073364, 72.9032174, 0.0 ], [ 19.0733965, 72.9031736, 0.0 ], [ 19.0735341, 72.9030051, 0.0 ], [ 19.0735802, 72.9029487, 0.0 ], [ 19.0735934, 72.9029325, 0.0 ], [ 19.0736206, 72.9028992, 0.0 ], [ 19.0736437, 72.902857, 0.0 ], [ 19.0736338, 72.902771, 0.0 ], [ 19.0735395, 72.9026804, 0.0 ], [ 19.072771, 72.9022696, 0.0 ], [ 19.0727982, 72.9022251, 0.0 ], [ 19.0728047, 72.9022146, 0.0 ], [ 19.0729761, 72.9019344, 0.0 ], [ 19.0728532, 72.9016361, 0.0 ], [ 19.072839, 72.9016017, 0.0 ], [ 19.0728262, 72.9015682, 0.0 ], [ 19.0728008, 72.9015019, 0.0 ], [ 19.0727556, 72.9013839, 0.0 ], [ 19.0726579, 72.9011286, 0.0 ], [ 19.0726441, 72.9010926, 0.0 ], [ 19.0726005, 72.9009787, 0.0 ], [ 19.0724197, 72.900641, 0.0 ], [ 19.072396, 72.9005968, 0.0 ], [ 19.0722952, 72.9004087, 0.0 ], [ 19.0721115, 72.8999166, 0.0 ], [ 19.0720733, 72.8998142, 0.0 ], [ 19.072055, 72.8997654, 0.0 ], [ 19.0720437, 72.8997351, 0.0 ], [ 19.0719216, 72.8994081, 0.0 ], [ 19.0718535, 72.8992282, 0.0 ], [ 19.0718496, 72.8987367, 0.0 ], [ 19.0720545, 72.898507, 0.0 ], [ 19.0720449, 72.8983605, 0.0 ], [ 19.0720405, 72.8982925, 0.0 ], [ 19.0720366, 72.898088, 0.0 ], [ 19.0720366, 72.8980877, 0.0 ], [ 19.0720275, 72.8979036, 0.0 ], [ 19.0720126, 72.8977698, 0.0 ], [ 19.0720032, 72.8976989, 0.0 ], [ 19.0719662, 72.8975453, 0.0 ], [ 19.0719389, 72.897432, 0.0 ], [ 19.0718676, 72.8969339, 0.0 ], [ 19.0718576, 72.8968645, 0.0 ], [ 19.0718217, 72.8967033, 0.0 ], [ 19.0717577, 72.896416, 0.0 ], [ 19.0717023, 72.8962615, 0.0 ], [ 19.0716027, 72.8956446, 0.0 ], [ 19.0715978, 72.8956142, 0.0 ], [ 19.0715959, 72.8955823, 0.0 ], [ 19.0715769, 72.8952549, 0.0 ], [ 19.0715392, 72.8951813, 0.0 ], [ 19.0707057, 72.8945718, 0.0 ], [ 19.0695165, 72.8937023, 0.0 ], [ 19.0682448, 72.8927723, 0.0 ], [ 19.0681683, 72.892713, 0.0 ], [ 19.0681987, 72.8925442, 0.0 ], [ 19.0682011, 72.8925304, 0.0 ], [ 19.0682114, 72.8924736, 0.0 ], [ 19.0682221, 72.8924138, 0.0 ], [ 19.0682253, 72.8923962, 0.0 ], [ 19.0682365, 72.8923339, 0.0 ], [ 19.0684278, 72.8910617, 0.0 ], [ 19.0684299, 72.891062, 0.0 ], [ 19.0694946, 72.8911515, 0.0 ], [ 19.0696683, 72.8911635, 0.0 ], [ 19.0697792, 72.8911712, 0.0 ], [ 19.0702609, 72.8912056, 0.0 ], [ 19.0704062, 72.8912194, 0.0 ], [ 19.070565, 72.8912454, 0.0 ], [ 19.0705874, 72.8912482, 0.0 ], [ 19.0713628, 72.8913459, 0.0 ], [ 19.0717736, 72.891389, 0.0 ], [ 19.072134, 72.891424, 0.0 ], [ 19.0724125, 72.8914494, 0.0 ], [ 19.0725728, 72.8914916, 0.0 ], [ 19.0727539, 72.8915395, 0.0 ], [ 19.0730095, 72.8917072, 0.0 ], [ 19.0730687, 72.8917241, 0.0 ], [ 19.0730786, 72.8917269, 0.0 ], [ 19.0731375, 72.8917438, 0.0 ], [ 19.0735147, 72.8918519, 0.0 ], [ 19.0742584, 72.8920649, 0.0 ], [ 19.0748105, 72.8921835, 0.0 ], [ 19.0753182, 72.8922925, 0.0 ], [ 19.0754499, 72.8923319, 0.0 ], [ 19.0757405, 72.8924115, 0.0 ], [ 19.076327, 72.8925722, 0.0 ], [ 19.0765568, 72.8926367, 0.0 ], [ 19.0768653, 72.8927245, 0.0 ], [ 19.0770053, 72.8927653, 0.0 ], [ 19.0773166, 72.8928562, 0.0 ], [ 19.0779795, 72.8930497, 0.0 ], [ 19.0785908, 72.8931008, 0.0 ], [ 19.078854, 72.8931754, 0.0 ], [ 19.0791212, 72.8932535, 0.0 ], [ 19.0791453, 72.8932605, 0.0 ], [ 19.0791807, 72.8932709, 0.0 ], [ 19.0792438, 72.8932906, 0.0 ], [ 19.0793935, 72.8933336, 0.0 ], [ 19.0794198, 72.8933413, 0.0 ], [ 19.079476, 72.8933614, 0.0 ], [ 19.0802492, 72.8936337, 0.0 ], [ 19.0802812, 72.893645, 0.0 ], [ 19.0803304, 72.8936647, 0.0 ], [ 19.0803596, 72.8936758, 0.0 ], [ 19.0803829, 72.8936854, 0.0 ], [ 19.0804045, 72.8936937, 0.0 ], [ 19.080427, 72.8937027, 0.0 ], [ 19.080439, 72.8937073, 0.0 ], [ 19.0804529, 72.8937125, 0.0 ], [ 19.0804598, 72.8937162, 0.0 ], [ 19.0804878, 72.8937266, 0.0 ], [ 19.0804925, 72.8937283, 0.0 ], [ 19.0805121, 72.8937351, 0.0 ], [ 19.0805167, 72.8937371, 0.0 ], [ 19.080541, 72.893745, 0.0 ], [ 19.0805482, 72.8937477, 0.0 ], [ 19.0805588, 72.8937514, 0.0 ], [ 19.0805738, 72.8937567, 0.0 ], [ 19.0806011, 72.8937657, 0.0 ], [ 19.0806253, 72.8937737, 0.0 ], [ 19.0808217, 72.8938386, 0.0 ], [ 19.0808356, 72.8938431, 0.0 ], [ 19.0808416, 72.8938451, 0.0 ], [ 19.0808547, 72.8938493, 0.0 ], [ 19.0808818, 72.8938559, 0.0 ], [ 19.0809157, 72.893864, 0.0 ], [ 19.0809847, 72.8938748, 0.0 ], [ 19.0809934, 72.893873, 0.0 ], [ 19.0810023, 72.8938723, 0.0 ], [ 19.0810267, 72.8938703, 0.0 ], [ 19.0810394, 72.8938686, 0.0 ], [ 19.0810487, 72.8938674, 0.0 ], [ 19.0810727, 72.8938646, 0.0 ], [ 19.0811137, 72.8938607, 0.0 ], [ 19.0811414, 72.8938571, 0.0 ], [ 19.0811744, 72.8938534, 0.0 ], [ 19.0812168, 72.8938484, 0.0 ], [ 19.0814507, 72.893833, 0.0 ], [ 19.0814724, 72.8938425, 0.0 ], [ 19.081689, 72.8939092, 0.0 ], [ 19.0817252, 72.8939212, 0.0 ], [ 19.0817804, 72.8939402, 0.0 ], [ 19.0817876, 72.8939355, 0.0 ], [ 19.081922, 72.8938479, 0.0 ], [ 19.0819798, 72.8938208, 0.0 ], [ 19.081983, 72.8938187, 0.0 ], [ 19.0821221, 72.893729, 0.0 ], [ 19.0822089, 72.8937143, 0.0 ], [ 19.0824031, 72.8936817, 0.0 ], [ 19.0825242, 72.8936948, 0.0 ], [ 19.0833506, 72.893751, 0.0 ], [ 19.0834847, 72.8934994, 0.0 ], [ 19.0841262, 72.8932894, 0.0 ], [ 19.0843633, 72.8931482, 0.0 ], [ 19.0844241, 72.8931076, 0.0 ], [ 19.0846096, 72.8930235, 0.0 ], [ 19.084708, 72.892973, 0.0 ], [ 19.0848812, 72.8928241, 0.0 ], [ 19.0849455, 72.8927699, 0.0 ], [ 19.0849692, 72.8927504, 0.0 ], [ 19.0849993, 72.8927256, 0.0 ], [ 19.0850838, 72.8926714, 0.0 ], [ 19.0857168, 72.8944185, 0.0 ], [ 19.085833, 72.8943851, 0.0 ], [ 19.0858755, 72.8943728, 0.0 ], [ 19.0859921, 72.8943393, 0.0 ], [ 19.0860611, 72.8943202, 0.0 ], [ 19.0863683, 72.8942351, 0.0 ], [ 19.0864303, 72.8942188, 0.0 ], [ 19.0864856, 72.8942048, 0.0 ], [ 19.086529, 72.8941948, 0.0 ], [ 19.0865675, 72.8941865, 0.0 ], [ 19.086595, 72.8941809, 0.0 ], [ 19.0866405, 72.8941721, 0.0 ], [ 19.0866672, 72.8941736, 0.0 ], [ 19.0866788, 72.8941745, 0.0 ], [ 19.0866968, 72.8941766, 0.0 ], [ 19.0867375, 72.8941824, 0.0 ], [ 19.0868862, 72.8942033, 0.0 ], [ 19.0870439, 72.8942322, 0.0 ], [ 19.0874209, 72.8943454, 0.0 ], [ 19.0877806, 72.8944877, 0.0 ], [ 19.0881213, 72.8945777, 0.0 ], [ 19.0882439, 72.8946006, 0.0 ], [ 19.088272, 72.8946059, 0.0 ], [ 19.0883278, 72.8946163, 0.0 ], [ 19.0883457, 72.8946179, 0.0 ], [ 19.0883665, 72.8946196, 0.0 ], [ 19.0884172, 72.8946223, 0.0 ], [ 19.0884768, 72.8946233, 0.0 ], [ 19.0885274, 72.8946223, 0.0 ], [ 19.0886106, 72.8946169, 0.0 ], [ 19.0901419, 72.8944425, 0.0 ], [ 19.0902258, 72.894433, 0.0 ], [ 19.0904325, 72.8944094, 0.0 ], [ 19.0904738, 72.8944047, 0.0 ], [ 19.0905759, 72.8943929, 0.0 ], [ 19.0909733, 72.8943491, 0.0 ], [ 19.0910307, 72.8943428, 0.0 ], [ 19.0910555, 72.8944082, 0.0 ], [ 19.091125, 72.8945564, 0.0 ], [ 19.0911309, 72.8945714, 0.0 ], [ 19.0911478, 72.8946148, 0.0 ], [ 19.0911707, 72.8946848, 0.0 ], [ 19.0911959, 72.8947869, 0.0 ], [ 19.0911977, 72.8947941, 0.0 ], [ 19.0912162, 72.8948928, 0.0 ], [ 19.0913369, 72.8948848, 0.0 ], [ 19.091943, 72.894826, 0.0 ], [ 19.0922847, 72.8949741, 0.0 ], [ 19.0921891, 72.8953389, 0.0 ], [ 19.0921713, 72.8954566, 0.0 ], [ 19.0921339, 72.8957036, 0.0 ], [ 19.0919778, 72.8958566, 0.0 ], [ 19.0915794, 72.8959438, 0.0 ], [ 19.0915892, 72.8962338, 0.0 ], [ 19.0915982, 72.8965015, 0.0 ], [ 19.0916259, 72.8967409, 0.0 ], [ 19.0920284, 72.89721, 0.0 ], [ 19.0920914, 72.8972834, 0.0 ], [ 19.092305, 72.8977371, 0.0 ], [ 19.0923726, 72.8978284, 0.0 ], [ 19.0925168, 72.898023, 0.0 ], [ 19.0925892, 72.8983874, 0.0 ], [ 19.0927493, 72.8984348, 0.0 ], [ 19.0929938, 72.8986917, 0.0 ], [ 19.0929939, 72.8986918, 0.0 ], [ 19.0930369, 72.898737, 0.0 ], [ 19.0930993, 72.8988232, 0.0 ], [ 19.0931805, 72.8989354, 0.0 ], [ 19.0932513, 72.8990331, 0.0 ], [ 19.0932552, 72.8990386, 0.0 ], [ 19.0933494, 72.8991687, 0.0 ], [ 19.0934909, 72.8992449, 0.0 ], [ 19.0937526, 72.8994408, 0.0 ], [ 19.0938231, 72.8994968, 0.0 ], [ 19.0938235, 72.8995759, 0.0 ], [ 19.0939517, 72.8996148, 0.0 ], [ 19.0940554, 72.899646, 0.0 ], [ 19.0941615, 72.8996696, 0.0 ], [ 19.094209, 72.8996796, 0.0 ], [ 19.094342, 72.8996927, 0.0 ], [ 19.0943912, 72.8996948, 0.0 ], [ 19.0945518, 72.8997015, 0.0 ], [ 19.0946643, 72.899684, 0.0 ], [ 19.0946694, 72.8995932, 0.0 ], [ 19.0948075, 72.899554, 0.0 ], [ 19.094864, 72.8995381, 0.0 ], [ 19.0951172, 72.8995163, 0.0 ], [ 19.0953267, 72.8994277, 0.0 ], [ 19.0954949, 72.8993951, 0.0 ], [ 19.0955345, 72.8993877, 0.0 ], [ 19.0955681, 72.8993797, 0.0 ], [ 19.0957653, 72.8993404, 0.0 ], [ 19.09591, 72.8990095, 0.0 ], [ 19.0959289, 72.8989662, 0.0 ], [ 19.0960177, 72.8987632, 0.0 ], [ 19.0960916, 72.8987912, 0.0 ], [ 19.0960975, 72.8987936, 0.0 ], [ 19.0962134, 72.8988411, 0.0 ], [ 19.0962818, 72.8988672, 0.0 ], [ 19.0963535, 72.8988956, 0.0 ], [ 19.0964482, 72.8989364, 0.0 ], [ 19.0966902, 72.8990395, 0.0 ], [ 19.0968896, 72.8991026, 0.0 ], [ 19.0971079, 72.8991712, 0.0 ], [ 19.0972987, 72.8992339, 0.0 ], [ 19.0975412, 72.8993068, 0.0 ], [ 19.0977601, 72.8993777, 0.0 ], [ 19.0977898, 72.8993829, 0.0 ], [ 19.0984658, 72.8995016, 0.0 ], [ 19.0986509, 72.899535, 0.0 ], [ 19.0988059, 72.8995867, 0.0 ], [ 19.0989937, 72.8996873, 0.0 ], [ 19.0990647, 72.8997816, 0.0 ], [ 19.099125, 72.8998616, 0.0 ], [ 19.099199, 72.89996, 0.0 ], [ 19.099222, 72.8999906, 0.0 ], [ 19.0993151, 72.9003265, 0.0 ], [ 19.0993311, 72.9003844, 0.0 ], [ 19.0994301, 72.9005534, 0.0 ], [ 19.0994487, 72.9005851, 0.0 ], [ 19.0995686, 72.9006987, 0.0 ], [ 19.099575, 72.9007048, 0.0 ], [ 19.0997872, 72.9007729, 0.0 ], [ 19.1001472, 72.9009191, 0.0 ], [ 19.1001943, 72.9009327, 0.0 ], [ 19.1002452, 72.9009474, 0.0 ], [ 19.1003854, 72.9009877, 0.0 ], [ 19.1005023, 72.9010921, 0.0 ], [ 19.1006087, 72.9011871, 0.0 ], [ 19.1007161, 72.9013374, 0.0 ], [ 19.1009429, 72.9015608, 0.0 ], [ 19.1010176, 72.9016469, 0.0 ], [ 19.1010934, 72.9017081, 0.0 ], [ 19.1011534, 72.9017564, 0.0 ], [ 19.1013962, 72.9019859, 0.0 ], [ 19.1016315, 72.9023973, 0.0 ], [ 19.102116, 72.903026, 0.0 ], [ 19.1022119, 72.9033045, 0.0 ], [ 19.1022732, 72.9034828, 0.0 ], [ 19.1023125, 72.9035969, 0.0 ], [ 19.102328, 72.903642, 0.0 ], [ 19.1023644, 72.9036596, 0.0 ], [ 19.1023771, 72.9036657, 0.0 ], [ 19.1025116, 72.9037307, 0.0 ], [ 19.1026529, 72.9038104, 0.0 ], [ 19.1027921, 72.9038889, 0.0 ], [ 19.10287, 72.9039789, 0.0 ], [ 19.1032709, 72.9045905, 0.0 ], [ 19.1032762, 72.9045984, 0.0 ], [ 19.1045958, 72.9050077, 0.0 ], [ 19.1048768, 72.9052086, 0.0 ], [ 19.1054179, 72.9055954, 0.0 ], [ 19.1056379, 72.9057524, 0.0 ], [ 19.1059822, 72.9059993, 0.0 ], [ 19.1061727, 72.9061371, 0.0 ], [ 19.1063996, 72.9063012, 0.0 ], [ 19.1070711, 72.906722, 0.0 ], [ 19.1071683, 72.9067946, 0.0 ], [ 19.1073215, 72.9069808, 0.0 ], [ 19.1076088, 72.9073275, 0.0 ], [ 19.1081368, 72.90801, 0.0 ], [ 19.1084087, 72.9083549, 0.0 ], [ 19.1082984, 72.9090458, 0.0 ], [ 19.1086312, 72.9097807, 0.0 ], [ 19.1087194, 72.9099621, 0.0 ], [ 19.1087941, 72.9101199, 0.0 ], [ 19.1089359, 72.9103942, 0.0 ], [ 19.1091038, 72.9107209, 0.0 ], [ 19.1092292, 72.9109517, 0.0 ], [ 19.109315, 72.9111234, 0.0 ], [ 19.1093459, 72.9111862, 0.0 ], [ 19.1093974, 72.9112912, 0.0 ], [ 19.1094803, 72.9114342, 0.0 ], [ 19.1095472, 72.9115644, 0.0 ], [ 19.1096098, 72.9116919, 0.0 ], [ 19.1096121, 72.9116965, 0.0 ], [ 19.109739, 72.9118844, 0.0 ], [ 19.109883, 72.9120977, 0.0 ], [ 19.1099597, 72.9122133, 0.0 ], [ 19.1103834, 72.9128676, 0.0 ], [ 19.1106526, 72.9133025, 0.0 ], [ 19.1107898, 72.9134158, 0.0 ], [ 19.11114, 72.9136892, 0.0 ], [ 19.1113732, 72.9138785, 0.0 ], [ 19.1118121, 72.9140893, 0.0 ], [ 19.1132473, 72.9145427, 0.0 ], [ 19.1136093, 72.914675, 0.0 ], [ 19.1146741, 72.9150726, 0.0 ], [ 19.1149242, 72.9151455, 0.0 ], [ 19.1151554, 72.9152124, 0.0 ], [ 19.1152093, 72.9153827, 0.0 ], [ 19.1152595, 72.9155689, 0.0 ], [ 19.1152899, 72.9156721, 0.0 ], [ 19.1153507, 72.9158629, 0.0 ], [ 19.1153987, 72.9160294, 0.0 ], [ 19.1154199, 72.916103, 0.0 ], [ 19.1154461, 72.9161941, 0.0 ], [ 19.1154812, 72.9162918, 0.0 ], [ 19.1155005, 72.9163548, 0.0 ], [ 19.1156878, 72.9165974, 0.0 ], [ 19.115811, 72.9167269, 0.0 ], [ 19.1159598, 72.9168878, 0.0 ], [ 19.116156, 72.9170961, 0.0 ], [ 19.116422, 72.9173742, 0.0 ], [ 19.1166344, 72.9176433, 0.0 ], [ 19.1168732, 72.9180252, 0.0 ], [ 19.1169193, 72.9180989, 0.0 ], [ 19.1170473, 72.9183035, 0.0 ], [ 19.1166507, 72.9182826, 0.0 ], [ 19.1163774, 72.9183003, 0.0 ], [ 19.1161173, 72.9183143, 0.0 ], [ 19.1159458, 72.9183334, 0.0 ], [ 19.1158884, 72.9183398, 0.0 ], [ 19.1156041, 72.9183719, 0.0 ], [ 19.1153545, 72.9183977, 0.0 ], [ 19.115351, 72.9183981, 0.0 ], [ 19.1151474, 72.9183687, 0.0 ], [ 19.1147916, 72.9183165, 0.0 ], [ 19.1146601, 72.9182954, 0.0 ], [ 19.1145039, 72.9182704, 0.0 ], [ 19.1142108, 72.9182821, 0.0 ], [ 19.114038, 72.9182909, 0.0 ], [ 19.1137847, 72.9183005, 0.0 ], [ 19.1136038, 72.9183079, 0.0 ], [ 19.1135363, 72.9183121, 0.0 ], [ 19.1133358, 72.918336, 0.0 ], [ 19.1133247, 72.9183374, 0.0 ], [ 19.1132528, 72.9183489, 0.0 ], [ 19.1130184, 72.9183514, 0.0 ], [ 19.1127423, 72.9183578, 0.0 ], [ 19.1126355, 72.9183584, 0.0 ], [ 19.1123331, 72.9183716, 0.0 ], [ 19.1122834, 72.9183734, 0.0 ], [ 19.1122826, 72.9183734, 0.0 ], [ 19.1122483, 72.9183829, 0.0 ], [ 19.1120504, 72.9184053, 0.0 ], [ 19.1119014, 72.9184222, 0.0 ], [ 19.1118259, 72.9184308, 0.0 ], [ 19.1116414, 72.9184526, 0.0 ], [ 19.111561, 72.9184601, 0.0 ], [ 19.111346, 72.9184675, 0.0 ], [ 19.1110699, 72.9184755, 0.0 ], [ 19.1109948, 72.9184767, 0.0 ], [ 19.110812, 72.9184593, 0.0 ], [ 19.1107377, 72.9181943, 0.0 ], [ 19.110661, 72.9179189, 0.0 ], [ 19.1105779, 72.9176207, 0.0 ], [ 19.1104481, 72.9175144, 0.0 ], [ 19.1102483, 72.917392, 0.0 ], [ 19.1100736, 72.9172849, 0.0 ], [ 19.1098645, 72.9171565, 0.0 ], [ 19.1094772, 72.91692, 0.0 ], [ 19.1092422, 72.9167769, 0.0 ], [ 19.1091103, 72.916699, 0.0 ] ] ] } },
{ "type": "Feature", "id": 11, "properties": { "Name": "\n    P/S\n   ", "tessellate": 1, "extrude": 0, "visibility": -1, "NAME2": "P/S\n", "OBJECTID": 12, "Shape__Area": 25395629.270799998, "Shape__Length": 27243.632146299999 }, "geometry": { "type": "MultiPolygon", "coordinates": [ [ [ [ 19.1324834, 72.7821869, 0.0 ], [ 19.1324776, 72.7817004, 0.0 ], [ 19.1326098, 72.7813838, 0.0 ], [ 19.1328783, 72.7810939, 0.0 ], [ 19.133254, 72.7806595, 0.0 ], [ 19.1336864, 72.7804247, 0.0 ], [ 19.1339857, 72.7804207, 0.0 ], [ 19.1345032, 72.7804711, 0.0 ], [ 19.1347243, 72.7807544, 0.0 ], [ 19.1348351, 72.7809246, 0.0 ], [ 19.1352504, 72.7815202, 0.0 ], [ 19.135121, 72.7820658, 0.0 ], [ 19.1345353, 72.7831328, 0.0 ], [ 19.1341851, 72.7834237, 0.0 ], [ 19.1335884, 72.7835748, 0.0 ], [ 19.1332878, 72.7834643, 0.0 ], [ 19.1328484, 72.7831267, 0.0 ], [ 19.132573, 72.7828441, 0.0 ], [ 19.1325699, 72.7825865, 0.0 ], [ 19.1324834, 72.7821869, 0.0 ] ] ], [ [ [ 19.1793293, 72.8377029, 0.0 ], [ 19.1793229, 72.8378891, 0.0 ], [ 19.1793255, 72.8379492, 0.0 ], [ 19.1793351, 72.838166, 0.0 ], [ 19.1793305, 72.8382525, 0.0 ], [ 19.179329, 72.8383618, 0.0 ], [ 19.179324, 72.8385143, 0.0 ], [ 19.1793244, 72.8387524, 0.0 ], [ 19.1793241, 72.8388845, 0.0 ], [ 19.1793225, 72.8390227, 0.0 ], [ 19.17932, 72.8391761, 0.0 ], [ 19.1793172, 72.8393205, 0.0 ], [ 19.1793176, 72.8394768, 0.0 ], [ 19.1793211, 72.8396392, 0.0 ], [ 19.1793189, 72.8397732, 0.0 ], [ 19.1793178, 72.8398975, 0.0 ], [ 19.1793141, 72.8400184, 0.0 ], [ 19.1793056, 72.8401455, 0.0 ], [ 19.1792995, 72.8402657, 0.0 ], [ 19.1792971, 72.8403527, 0.0 ], [ 19.1792964, 72.8403806, 0.0 ], [ 19.1792954, 72.8403878, 0.0 ], [ 19.1792953, 72.8403926, 0.0 ], [ 19.1792639, 72.840618, 0.0 ], [ 19.1792563, 72.8407099, 0.0 ], [ 19.1792561, 72.8407115, 0.0 ], [ 19.1792553, 72.8407219, 0.0 ], [ 19.1792377, 72.8408595, 0.0 ], [ 19.1792372, 72.8408628, 0.0 ], [ 19.1792189, 72.8410061, 0.0 ], [ 19.1792178, 72.8410143, 0.0 ], [ 19.1792205, 72.8412706, 0.0 ], [ 19.1792205, 72.8412746, 0.0 ], [ 19.1792369, 72.8416371, 0.0 ], [ 19.1792377, 72.8416957, 0.0 ], [ 19.1792357, 72.84174, 0.0 ], [ 19.1792352, 72.8417439, 0.0 ], [ 19.1792348, 72.8417521, 0.0 ], [ 19.1792335, 72.8417633, 0.0 ], [ 19.179231, 72.8417842, 0.0 ], [ 19.1792201, 72.841877, 0.0 ], [ 19.17922, 72.8418773, 0.0 ], [ 19.1791936, 72.8421206, 0.0 ], [ 19.1791531, 72.8423704, 0.0 ], [ 19.1791472, 72.8424072, 0.0 ], [ 19.179147, 72.8424083, 0.0 ], [ 19.179144, 72.8424267, 0.0 ], [ 19.179144, 72.8424268, 0.0 ], [ 19.1791393, 72.8424464, 0.0 ], [ 19.1791303, 72.8424844, 0.0 ], [ 19.1791286, 72.8424967, 0.0 ], [ 19.179124, 72.8425147, 0.0 ], [ 19.1791093, 72.8425724, 0.0 ], [ 19.1790732, 72.8427243, 0.0 ], [ 19.1790709, 72.8427338, 0.0 ], [ 19.1790596, 72.8428553, 0.0 ], [ 19.1790534, 72.8428662, 0.0 ], [ 19.1790249, 72.842916, 0.0 ], [ 19.1790226, 72.8430748, 0.0 ], [ 19.1790229, 72.8433226, 0.0 ], [ 19.1790223, 72.843405, 0.0 ], [ 19.1790195, 72.8434593, 0.0 ], [ 19.179015, 72.8435119, 0.0 ], [ 19.1790112, 72.84356, 0.0 ], [ 19.1789867, 72.8436557, 0.0 ], [ 19.1789625, 72.8437255, 0.0 ], [ 19.1789606, 72.8437309, 0.0 ], [ 19.1789528, 72.8437522, 0.0 ], [ 19.1789424, 72.8437807, 0.0 ], [ 19.1789232, 72.8438475, 0.0 ], [ 19.178904, 72.843936, 0.0 ], [ 19.1788822, 72.8440212, 0.0 ], [ 19.178869, 72.8440725, 0.0 ], [ 19.178852, 72.8442335, 0.0 ], [ 19.1788461, 72.8443481, 0.0 ], [ 19.1788492, 72.8444317, 0.0 ], [ 19.1788495, 72.8445094, 0.0 ], [ 19.178851, 72.8445984, 0.0 ], [ 19.1788544, 72.8446202, 0.0 ], [ 19.1788552, 72.8446253, 0.0 ], [ 19.178865, 72.8446871, 0.0 ], [ 19.1788728, 72.8447079, 0.0 ], [ 19.1788777, 72.8447209, 0.0 ], [ 19.1788796, 72.8447334, 0.0 ], [ 19.1788851, 72.8447694, 0.0 ], [ 19.1788852, 72.8447758, 0.0 ], [ 19.1788849, 72.8447821, 0.0 ], [ 19.178881, 72.8448023, 0.0 ], [ 19.1788652, 72.8448457, 0.0 ], [ 19.1787999, 72.8449622, 0.0 ], [ 19.1787803, 72.8449964, 0.0 ], [ 19.17876, 72.8450319, 0.0 ], [ 19.1786548, 72.8451616, 0.0 ], [ 19.1786278, 72.8452023, 0.0 ], [ 19.1786063, 72.8452347, 0.0 ], [ 19.1784924, 72.845411, 0.0 ], [ 19.1784544, 72.8455009, 0.0 ], [ 19.1784403, 72.8455332, 0.0 ], [ 19.1784262, 72.8455655, 0.0 ], [ 19.1783909, 72.8456495, 0.0 ], [ 19.1783884, 72.8456554, 0.0 ], [ 19.1783667, 72.8457154, 0.0 ], [ 19.1783517, 72.8457571, 0.0 ], [ 19.178319, 72.8458474, 0.0 ], [ 19.1782262, 72.8460166, 0.0 ], [ 19.178154, 72.8461842, 0.0 ], [ 19.1781384, 72.8462205, 0.0 ], [ 19.1781257, 72.8462499, 0.0 ], [ 19.1781223, 72.8462578, 0.0 ], [ 19.1781117, 72.8462825, 0.0 ], [ 19.1781127, 72.8463228, 0.0 ], [ 19.1781128, 72.8463261, 0.0 ], [ 19.1781188, 72.8465512, 0.0 ], [ 19.1780926, 72.8469361, 0.0 ], [ 19.1780723, 72.8472196, 0.0 ], [ 19.1779696, 72.8477976, 0.0 ], [ 19.1779166, 72.8480452, 0.0 ], [ 19.177853, 72.8482414, 0.0 ], [ 19.1778429, 72.8482739, 0.0 ], [ 19.1778426, 72.8482749, 0.0 ], [ 19.1777841, 72.8484628, 0.0 ], [ 19.1777522, 72.8485476, 0.0 ], [ 19.1777517, 72.848549, 0.0 ], [ 19.1777483, 72.848558, 0.0 ], [ 19.177713, 72.8486212, 0.0 ], [ 19.1776619, 72.8486915, 0.0 ], [ 19.1776356, 72.8487349, 0.0 ], [ 19.1775812, 72.8488245, 0.0 ], [ 19.1775334, 72.8488842, 0.0 ], [ 19.1773723, 72.8490467, 0.0 ], [ 19.1772917, 72.8490898, 0.0 ], [ 19.1772619, 72.8491057, 0.0 ], [ 19.1771047, 72.8492491, 0.0 ], [ 19.1769853, 72.8494325, 0.0 ], [ 19.1769852, 72.8494326, 0.0 ], [ 19.1769633, 72.8494662, 0.0 ], [ 19.1768818, 72.8496322, 0.0 ], [ 19.1768636, 72.8496694, 0.0 ], [ 19.1768505, 72.8497475, 0.0 ], [ 19.1768275, 72.8498853, 0.0 ], [ 19.1768213, 72.8500451, 0.0 ], [ 19.176819, 72.8501026, 0.0 ], [ 19.1768016, 72.8501138, 0.0 ], [ 19.1767047, 72.8501756, 0.0 ], [ 19.176538, 72.8503537, 0.0 ], [ 19.1764209, 72.850497, 0.0 ], [ 19.1763325, 72.851088, 0.0 ], [ 19.1762799, 72.851419, 0.0 ], [ 19.1762787, 72.8514632, 0.0 ], [ 19.1762745, 72.8516318, 0.0 ], [ 19.1762955, 72.8517271, 0.0 ], [ 19.1763172, 72.8518061, 0.0 ], [ 19.1763901, 72.852016, 0.0 ], [ 19.1765917, 72.8525632, 0.0 ], [ 19.1766489, 72.8527606, 0.0 ], [ 19.1766505, 72.8527664, 0.0 ], [ 19.1766573, 72.8527918, 0.0 ], [ 19.1767244, 72.8530418, 0.0 ], [ 19.1767137, 72.8533305, 0.0 ], [ 19.1766964, 72.8537971, 0.0 ], [ 19.1767708, 72.8540949, 0.0 ], [ 19.1768446, 72.8543794, 0.0 ], [ 19.1770495, 72.8551717, 0.0 ], [ 19.1770499, 72.8551736, 0.0 ], [ 19.177134, 72.8555196, 0.0 ], [ 19.1771594, 72.8556242, 0.0 ], [ 19.177177, 72.8556967, 0.0 ], [ 19.1772187, 72.8558722, 0.0 ], [ 19.1772238, 72.8558939, 0.0 ], [ 19.1772369, 72.85594, 0.0 ], [ 19.1772615, 72.8560265, 0.0 ], [ 19.1773448, 72.8562266, 0.0 ], [ 19.17736, 72.8562631, 0.0 ], [ 19.1773778, 72.8562995, 0.0 ], [ 19.1774768, 72.8565247, 0.0 ], [ 19.1774856, 72.85657, 0.0 ], [ 19.1774908, 72.8566231, 0.0 ], [ 19.1774843, 72.8566985, 0.0 ], [ 19.1774726, 72.8567645, 0.0 ], [ 19.1774699, 72.8567676, 0.0 ], [ 19.1774659, 72.856773, 0.0 ], [ 19.1774598, 72.8567812, 0.0 ], [ 19.1774472, 72.8567984, 0.0 ], [ 19.1774297, 72.8568238, 0.0 ], [ 19.1773681, 72.856857, 0.0 ], [ 19.1772633, 72.8568835, 0.0 ], [ 19.176972, 72.8569073, 0.0 ], [ 19.1767595, 72.8569252, 0.0 ], [ 19.1766617, 72.856939, 0.0 ], [ 19.1766071, 72.8569699, 0.0 ], [ 19.1765287, 72.8570162, 0.0 ], [ 19.176493, 72.8570282, 0.0 ], [ 19.1764164, 72.8570483, 0.0 ], [ 19.1762716, 72.8570613, 0.0 ], [ 19.1762449, 72.8570611, 0.0 ], [ 19.1761, 72.8570605, 0.0 ], [ 19.1760064, 72.8570809, 0.0 ], [ 19.1759633, 72.8570985, 0.0 ], [ 19.1758656, 72.8571507, 0.0 ], [ 19.1758294, 72.857182, 0.0 ], [ 19.1757992, 72.8572081, 0.0 ], [ 19.1755986, 72.8574348, 0.0 ], [ 19.1755032, 72.8575676, 0.0 ], [ 19.1754291, 72.857702, 0.0 ], [ 19.1753963, 72.8577618, 0.0 ], [ 19.1753641, 72.857866, 0.0 ], [ 19.1753649, 72.8579779, 0.0 ], [ 19.175378, 72.8583944, 0.0 ], [ 19.1754004, 72.859378, 0.0 ], [ 19.1750416, 72.8594129, 0.0 ], [ 19.1748903, 72.85943, 0.0 ], [ 19.1748522, 72.8594343, 0.0 ], [ 19.1747855, 72.8594419, 0.0 ], [ 19.1747823, 72.8594423, 0.0 ], [ 19.1747559, 72.8594453, 0.0 ], [ 19.1747539, 72.8594455, 0.0 ], [ 19.1744125, 72.859471, 0.0 ], [ 19.174357, 72.8594736, 0.0 ], [ 19.174634, 72.86104, 0.0 ], [ 19.1751147, 72.8634288, 0.0 ], [ 19.1755796, 72.8654418, 0.0 ], [ 19.1757107, 72.8661515, 0.0 ], [ 19.1757864, 72.8664669, 0.0 ], [ 19.175812, 72.8665799, 0.0 ], [ 19.1758369, 72.8666892, 0.0 ], [ 19.1758439, 72.8667711, 0.0 ], [ 19.175845, 72.8668658, 0.0 ], [ 19.1758339, 72.8669479, 0.0 ], [ 19.1757751, 72.8672137, 0.0 ], [ 19.1756525, 72.8676759, 0.0 ], [ 19.1756104, 72.8678384, 0.0 ], [ 19.1755864, 72.868019, 0.0 ], [ 19.1755817, 72.8680542, 0.0 ], [ 19.1755794, 72.8680725, 0.0 ], [ 19.1755724, 72.8681483, 0.0 ], [ 19.1755632, 72.8688361, 0.0 ], [ 19.175561, 72.869004, 0.0 ], [ 19.1756009, 72.8704869, 0.0 ], [ 19.1756036, 72.8705769, 0.0 ], [ 19.1756127, 72.8708855, 0.0 ], [ 19.1756331, 72.8710174, 0.0 ], [ 19.1756379, 72.8710483, 0.0 ], [ 19.1756613, 72.8711721, 0.0 ], [ 19.1756846, 72.8712958, 0.0 ], [ 19.1756873, 72.871308, 0.0 ], [ 19.1757178, 72.8714457, 0.0 ], [ 19.1757215, 72.8714842, 0.0 ], [ 19.1757428, 72.8717071, 0.0 ], [ 19.1757566, 72.8718516, 0.0 ], [ 19.1757798, 72.8720937, 0.0 ], [ 19.1757929, 72.8722308, 0.0 ], [ 19.1757949, 72.8722511, 0.0 ], [ 19.1758744, 72.8730815, 0.0 ], [ 19.1759075, 72.8734281, 0.0 ], [ 19.1759075, 72.8734282, 0.0 ], [ 19.1759221, 72.8735802, 0.0 ], [ 19.1759418, 72.8737863, 0.0 ], [ 19.1759471, 72.8738412, 0.0 ], [ 19.1759654, 72.8740327, 0.0 ], [ 19.1742884, 72.8742158, 0.0 ], [ 19.1729654, 72.8743604, 0.0 ], [ 19.1720036, 72.8744654, 0.0 ], [ 19.1713691, 72.8745814, 0.0 ], [ 19.1704487, 72.8747497, 0.0 ], [ 19.169406, 72.8753504, 0.0 ], [ 19.1685313, 72.8758989, 0.0 ], [ 19.1678942, 72.8763344, 0.0 ], [ 19.1676937, 72.876471, 0.0 ], [ 19.1665872, 72.8772294, 0.0 ], [ 19.1666143, 72.8772067, 0.0 ], [ 19.1663834, 72.8773641, 0.0 ], [ 19.1660672, 72.8776569, 0.0 ], [ 19.165942, 72.8777703, 0.0 ], [ 19.165821, 72.8778887, 0.0 ], [ 19.1657045, 72.8780118, 0.0 ], [ 19.1655925, 72.8781396, 0.0 ], [ 19.1654852, 72.8782718, 0.0 ], [ 19.1653828, 72.8784082, 0.0 ], [ 19.1652855, 72.8785486, 0.0 ], [ 19.1651933, 72.8786928, 0.0 ], [ 19.1651223, 72.8788087, 0.0 ], [ 19.1650565, 72.878928, 0.0 ], [ 19.1649962, 72.8790504, 0.0 ], [ 19.1649414, 72.8791756, 0.0 ], [ 19.1648922, 72.8793035, 0.0 ], [ 19.1648489, 72.8794336, 0.0 ], [ 19.1648114, 72.8795658, 0.0 ], [ 19.1647798, 72.8796996, 0.0 ], [ 19.1647543, 72.8798349, 0.0 ], [ 19.1647349, 72.8799713, 0.0 ], [ 19.164055, 72.8834346, 0.0 ], [ 19.1636846, 72.88544, 0.0 ], [ 19.1635266, 72.8866194, 0.0 ], [ 19.1633014, 72.8879333, 0.0 ], [ 19.1633074, 72.8879452, 0.0 ], [ 19.1631923, 72.888534, 0.0 ], [ 19.1631538, 72.8887407, 0.0 ], [ 19.16315, 72.8888288, 0.0 ], [ 19.1631465, 72.8889344, 0.0 ], [ 19.1631576, 72.8890701, 0.0 ], [ 19.1631997, 72.8891978, 0.0 ], [ 19.1638553, 72.8905124, 0.0 ], [ 19.1638906, 72.8906754, 0.0 ], [ 19.1639219, 72.891074, 0.0 ], [ 19.1641007, 72.8923829, 0.0 ], [ 19.1639705, 72.8923204, 0.0 ], [ 19.1638819, 72.8923431, 0.0 ], [ 19.1636862, 72.8923798, 0.0 ], [ 19.1634259, 72.8924287, 0.0 ], [ 19.1631768, 72.8924755, 0.0 ], [ 19.1630375, 72.8924383, 0.0 ], [ 19.1627176, 72.8923527, 0.0 ], [ 19.1626741, 72.8923411, 0.0 ], [ 19.1625023, 72.8922951, 0.0 ], [ 19.161895, 72.8921327, 0.0 ], [ 19.1614042, 72.8919707, 0.0 ], [ 19.1611086, 72.8918617, 0.0 ], [ 19.1610614, 72.8918443, 0.0 ], [ 19.1602669, 72.8915514, 0.0 ], [ 19.1602583, 72.8910259, 0.0 ], [ 19.1602583, 72.8910258, 0.0 ], [ 19.1598896, 72.8904689, 0.0 ], [ 19.1593902, 72.890465, 0.0 ], [ 19.15847, 72.8904512, 0.0 ], [ 19.1582607, 72.8904593, 0.0 ], [ 19.1578585, 72.8904575, 0.0 ], [ 19.1576325, 72.8904565, 0.0 ], [ 19.1576325, 72.8904565, 0.0 ], [ 19.1576325, 72.8904565, 0.0 ], [ 19.1576325, 72.8904564, 0.0 ], [ 19.1575288, 72.8903186, 0.0 ], [ 19.1573609, 72.8900951, 0.0 ], [ 19.1572606, 72.8899618, 0.0 ], [ 19.1568481, 72.889413, 0.0 ], [ 19.1566634, 72.8898232, 0.0 ], [ 19.1565101, 72.8901637, 0.0 ], [ 19.1565069, 72.890167, 0.0 ], [ 19.1563264, 72.8903526, 0.0 ], [ 19.1559011, 72.89079, 0.0 ], [ 19.1555859, 72.891122, 0.0 ], [ 19.154808, 72.8919418, 0.0 ], [ 19.1547684, 72.8919835, 0.0 ], [ 19.1541194, 72.8926678, 0.0 ], [ 19.153729, 72.8934579, 0.0 ], [ 19.153708, 72.8935004, 0.0 ], [ 19.153708, 72.8935005, 0.0 ], [ 19.153573, 72.8935228, 0.0 ], [ 19.153159, 72.8935914, 0.0 ], [ 19.1528032, 72.8933791, 0.0 ], [ 19.1524552, 72.8931715, 0.0 ], [ 19.152328, 72.8931137, 0.0 ], [ 19.1517156, 72.8930591, 0.0 ], [ 19.1506772, 72.8929848, 0.0 ], [ 19.1503528, 72.8931745, 0.0 ], [ 19.1499252, 72.8934246, 0.0 ], [ 19.1495798, 72.8936302, 0.0 ], [ 19.1494764, 72.8936915, 0.0 ], [ 19.1486922, 72.8941569, 0.0 ], [ 19.1484003, 72.8943302, 0.0 ], [ 19.1483269, 72.894374, 0.0 ], [ 19.1472951, 72.8949898, 0.0 ], [ 19.1468305, 72.8950212, 0.0 ], [ 19.1467136, 72.8950582, 0.0 ], [ 19.146644, 72.8950802, 0.0 ], [ 19.1464978, 72.8951264, 0.0 ], [ 19.1459568, 72.8951505, 0.0 ], [ 19.1458177, 72.895156, 0.0 ], [ 19.1457609, 72.8951642, 0.0 ], [ 19.1457551, 72.8951652, 0.0 ], [ 19.1455522, 72.8951998, 0.0 ], [ 19.1454123, 72.8952496, 0.0 ], [ 19.1452749, 72.8953081, 0.0 ], [ 19.1452054, 72.8953377, 0.0 ], [ 19.1449036, 72.8952841, 0.0 ], [ 19.144341, 72.8950052, 0.0 ], [ 19.1441673, 72.8949135, 0.0 ], [ 19.1438162, 72.8947414, 0.0 ], [ 19.1431587, 72.894416, 0.0 ], [ 19.1428339, 72.8942588, 0.0 ], [ 19.1427606, 72.8942234, 0.0 ], [ 19.1420044, 72.8941399, 0.0 ], [ 19.1420903, 72.8934584, 0.0 ], [ 19.142008, 72.8934691, 0.0 ], [ 19.1420056, 72.8934694, 0.0 ], [ 19.1419183, 72.8934821, 0.0 ], [ 19.1415709, 72.8937462, 0.0 ], [ 19.1415429, 72.8937617, 0.0 ], [ 19.141242, 72.8939512, 0.0 ], [ 19.1411367, 72.8940162, 0.0 ], [ 19.1410821, 72.8940496, 0.0 ], [ 19.1410431, 72.8940734, 0.0 ], [ 19.1409485, 72.8941223, 0.0 ], [ 19.1407884, 72.8942003, 0.0 ], [ 19.1407579, 72.8942148, 0.0 ], [ 19.140663, 72.8942599, 0.0 ], [ 19.1405352, 72.8943271, 0.0 ], [ 19.1404077, 72.894393, 0.0 ], [ 19.1401948, 72.8945032, 0.0 ], [ 19.1400853, 72.8945578, 0.0 ], [ 19.1399408, 72.8946318, 0.0 ], [ 19.1398113, 72.8946349, 0.0 ], [ 19.1397192, 72.8946351, 0.0 ], [ 19.139554, 72.8946336, 0.0 ], [ 19.1395118, 72.894634, 0.0 ], [ 19.1394413, 72.8946345, 0.0 ], [ 19.1392798, 72.8946339, 0.0 ], [ 19.1392673, 72.8946293, 0.0 ], [ 19.139086, 72.8945015, 0.0 ], [ 19.1388455, 72.89433, 0.0 ], [ 19.1387869, 72.8942891, 0.0 ], [ 19.1387847, 72.8942875, 0.0 ], [ 19.1386321, 72.8941824, 0.0 ], [ 19.1385545, 72.8941288, 0.0 ], [ 19.1385319, 72.8941132, 0.0 ], [ 19.1384747, 72.8940557, 0.0 ], [ 19.1384492, 72.8940365, 0.0 ], [ 19.1384399, 72.8940308, 0.0 ], [ 19.13839, 72.8940005, 0.0 ], [ 19.1383656, 72.8939873, 0.0 ], [ 19.1383645, 72.8939861, 0.0 ], [ 19.1383385, 72.893959, 0.0 ], [ 19.1382735, 72.893894, 0.0 ], [ 19.1382145, 72.893834, 0.0 ], [ 19.1381592, 72.8937773, 0.0 ], [ 19.1379872, 72.8936034, 0.0 ], [ 19.1378171, 72.8935082, 0.0 ], [ 19.1378119, 72.8935054, 0.0 ], [ 19.1376208, 72.8933984, 0.0 ], [ 19.1374984, 72.8933305, 0.0 ], [ 19.1373026, 72.8932228, 0.0 ], [ 19.1370923, 72.8931075, 0.0 ], [ 19.1370136, 72.8930664, 0.0 ], [ 19.136864, 72.8927953, 0.0 ], [ 19.1368533, 72.8927758, 0.0 ], [ 19.1366782, 72.8924538, 0.0 ], [ 19.1365388, 72.8921951, 0.0 ], [ 19.1364065, 72.8919678, 0.0 ], [ 19.1363708, 72.8919066, 0.0 ], [ 19.1363612, 72.8918814, 0.0 ], [ 19.1363455, 72.8918405, 0.0 ], [ 19.1362533, 72.8915925, 0.0 ], [ 19.1361932, 72.891258, 0.0 ], [ 19.1362621, 72.8911196, 0.0 ], [ 19.1361869, 72.8909926, 0.0 ], [ 19.136147, 72.8909252, 0.0 ], [ 19.1359854, 72.8909567, 0.0 ], [ 19.1358208, 72.890843, 0.0 ], [ 19.1356402, 72.8907156, 0.0 ], [ 19.1356132, 72.8906965, 0.0 ], [ 19.1356223, 72.8906734, 0.0 ], [ 19.1356368, 72.8906367, 0.0 ], [ 19.1357105, 72.8904503, 0.0 ], [ 19.1358041, 72.8902119, 0.0 ], [ 19.135837, 72.890128, 0.0 ], [ 19.1359347, 72.8898856, 0.0 ], [ 19.1359956, 72.8897375, 0.0 ], [ 19.1360225, 72.8896722, 0.0 ], [ 19.1360348, 72.8896405, 0.0 ], [ 19.1360354, 72.8896367, 0.0 ], [ 19.1360396, 72.8896138, 0.0 ], [ 19.1360537, 72.8895785, 0.0 ], [ 19.1360739, 72.8895278, 0.0 ], [ 19.1361379, 72.8893635, 0.0 ], [ 19.1361887, 72.8892333, 0.0 ], [ 19.1362587, 72.8890538, 0.0 ], [ 19.1362995, 72.888948, 0.0 ], [ 19.1363183, 72.8888996, 0.0 ], [ 19.1363401, 72.8888435, 0.0 ], [ 19.1363843, 72.8887332, 0.0 ], [ 19.1364145, 72.8886561, 0.0 ], [ 19.1364152, 72.8886542, 0.0 ], [ 19.1364157, 72.8886529, 0.0 ], [ 19.1364927, 72.8884544, 0.0 ], [ 19.1365719, 72.8882499, 0.0 ], [ 19.1366444, 72.8880633, 0.0 ], [ 19.1366534, 72.8880396, 0.0 ], [ 19.1367011, 72.8879134, 0.0 ], [ 19.1367376, 72.8878209, 0.0 ], [ 19.136793, 72.8876765, 0.0 ], [ 19.1368527, 72.8875229, 0.0 ], [ 19.1368702, 72.887476, 0.0 ], [ 19.1369028, 72.8873918, 0.0 ], [ 19.1369246, 72.8873355, 0.0 ], [ 19.1369297, 72.8873221, 0.0 ], [ 19.1370351, 72.887044, 0.0 ], [ 19.1370385, 72.8870348, 0.0 ], [ 19.1370847, 72.8868351, 0.0 ], [ 19.137155, 72.8866795, 0.0 ], [ 19.137155, 72.8866795, 0.0 ], [ 19.1371701, 72.8866401, 0.0 ], [ 19.1371721, 72.8866349, 0.0 ], [ 19.1372159, 72.8865239, 0.0 ], [ 19.1372327, 72.886479, 0.0 ], [ 19.1374132, 72.8860106, 0.0 ], [ 19.1375771, 72.8855838, 0.0 ], [ 19.1371524, 72.8853853, 0.0 ], [ 19.137094, 72.885358, 0.0 ], [ 19.1370408, 72.8853331, 0.0 ], [ 19.1368544, 72.885246, 0.0 ], [ 19.136908, 72.8849299, 0.0 ], [ 19.1371021, 72.8838542, 0.0 ], [ 19.1371452, 72.8836162, 0.0 ], [ 19.1371854, 72.8833942, 0.0 ], [ 19.1372002, 72.8833029, 0.0 ], [ 19.1372074, 72.8832701, 0.0 ], [ 19.1372077, 72.8832687, 0.0 ], [ 19.1372608, 72.8830275, 0.0 ], [ 19.1373884, 72.8823333, 0.0 ], [ 19.1374179, 72.8821726, 0.0 ], [ 19.1375776, 72.8813162, 0.0 ], [ 19.1375825, 72.8812889, 0.0 ], [ 19.1375954, 72.8812158, 0.0 ], [ 19.1375977, 72.8812032, 0.0 ], [ 19.1376058, 72.8811258, 0.0 ], [ 19.1376073, 72.8811123, 0.0 ], [ 19.1377949, 72.8798534, 0.0 ], [ 19.1378992, 72.8791537, 0.0 ], [ 19.1379149, 72.879076, 0.0 ], [ 19.1379646, 72.8788301, 0.0 ], [ 19.1383009, 72.8787607, 0.0 ], [ 19.1387828, 72.8786757, 0.0 ], [ 19.1393806, 72.8783745, 0.0 ], [ 19.1394022, 72.8783758, 0.0 ], [ 19.1395077, 72.87837, 0.0 ], [ 19.139542, 72.8783635, 0.0 ], [ 19.1395565, 72.8783481, 0.0 ], [ 19.1395573, 72.8783474, 0.0 ], [ 19.1395704, 72.8783335, 0.0 ], [ 19.1395738, 72.8782694, 0.0 ], [ 19.1395776, 72.8781982, 0.0 ], [ 19.1395807, 72.87811, 0.0 ], [ 19.1395409, 72.878078, 0.0 ], [ 19.1394834, 72.8780572, 0.0 ], [ 19.1393154, 72.8779963, 0.0 ], [ 19.1389386, 72.8778597, 0.0 ], [ 19.1387892, 72.8778056, 0.0 ], [ 19.1387546, 72.8777375, 0.0 ], [ 19.1385633, 72.8773605, 0.0 ], [ 19.1386305, 72.8771911, 0.0 ], [ 19.1386736, 72.8769975, 0.0 ], [ 19.1387271, 72.8765596, 0.0 ], [ 19.138631, 72.8764514, 0.0 ], [ 19.1384563, 72.876349, 0.0 ], [ 19.1382676, 72.8762943, 0.0 ], [ 19.1381245, 72.8762701, 0.0 ], [ 19.1379225, 72.876117, 0.0 ], [ 19.1378103, 72.8759579, 0.0 ], [ 19.1377273, 72.8757625, 0.0 ], [ 19.1377705, 72.8756786, 0.0 ], [ 19.1378394, 72.8755665, 0.0 ], [ 19.1377423, 72.8752767, 0.0 ], [ 19.1376354, 72.8749092, 0.0 ], [ 19.137583, 72.8747203, 0.0 ], [ 19.1381677, 72.8743802, 0.0 ], [ 19.138389, 72.8744535, 0.0 ], [ 19.1385764, 72.8746886, 0.0 ], [ 19.1385002, 72.8747989, 0.0 ], [ 19.1384685, 72.8748449, 0.0 ], [ 19.1384692, 72.8748942, 0.0 ], [ 19.138472, 72.8750693, 0.0 ], [ 19.1385243, 72.8753282, 0.0 ], [ 19.1385354, 72.875383, 0.0 ], [ 19.1387411, 72.8741957, 0.0 ], [ 19.1389013, 72.8736141, 0.0 ], [ 19.1391327, 72.8727612, 0.0 ], [ 19.1391327, 72.8727609, 0.0 ], [ 19.1391328, 72.8727606, 0.0 ], [ 19.1391329, 72.8727601, 0.0 ], [ 19.139173, 72.8726124, 0.0 ], [ 19.1391862, 72.8725637, 0.0 ], [ 19.1391995, 72.8725149, 0.0 ], [ 19.1392076, 72.8724718, 0.0 ], [ 19.1392257, 72.8723762, 0.0 ], [ 19.139234, 72.8723319, 0.0 ], [ 19.1392623, 72.8721825, 0.0 ], [ 19.139281, 72.8720833, 0.0 ], [ 19.1393726, 72.8716303, 0.0 ], [ 19.1394084, 72.8714753, 0.0 ], [ 19.1394433, 72.8713108, 0.0 ], [ 19.1394482, 72.8712879, 0.0 ], [ 19.1394951, 72.8711031, 0.0 ], [ 19.139548, 72.8708998, 0.0 ], [ 19.1395506, 72.8708907, 0.0 ], [ 19.1399312, 72.8695438, 0.0 ], [ 19.1399636, 72.8694708, 0.0 ], [ 19.1399874, 72.8693952, 0.0 ], [ 19.1400179, 72.8692984, 0.0 ], [ 19.1400785, 72.8691848, 0.0 ], [ 19.1401372, 72.8691026, 0.0 ], [ 19.1401396, 72.8690992, 0.0 ], [ 19.1401616, 72.8690107, 0.0 ], [ 19.1402052, 72.8688155, 0.0 ], [ 19.1402579, 72.8685794, 0.0 ], [ 19.1404801, 72.8679764, 0.0 ], [ 19.1405713, 72.8675292, 0.0 ], [ 19.1406243, 72.8673222, 0.0 ], [ 19.1408113, 72.866624, 0.0 ], [ 19.1408619, 72.8664231, 0.0 ], [ 19.1408941, 72.8662532, 0.0 ], [ 19.1409738, 72.8659882, 0.0 ], [ 19.1409913, 72.8659315, 0.0 ], [ 19.1410566, 72.8658781, 0.0 ], [ 19.1411175, 72.8656021, 0.0 ], [ 19.1411668, 72.8653785, 0.0 ], [ 19.1412326, 72.8650668, 0.0 ], [ 19.1412628, 72.8648552, 0.0 ], [ 19.1413014, 72.8645828, 0.0 ], [ 19.1413086, 72.8645318, 0.0 ], [ 19.1413118, 72.8641491, 0.0 ], [ 19.1412988, 72.8638774, 0.0 ], [ 19.1415354, 72.86347, 0.0 ], [ 19.14159, 72.863376, 0.0 ], [ 19.1416442, 72.8632475, 0.0 ], [ 19.141956, 72.8625082, 0.0 ], [ 19.1419426, 72.8622823, 0.0 ], [ 19.1419266, 72.8620113, 0.0 ], [ 19.1419138, 72.8617947, 0.0 ], [ 19.1419113, 72.8617244, 0.0 ], [ 19.1419107, 72.8617062, 0.0 ], [ 19.1419837, 72.8612681, 0.0 ], [ 19.1420009, 72.8613145, 0.0 ], [ 19.1420211, 72.8611934, 0.0 ], [ 19.1420057, 72.860891, 0.0 ], [ 19.1419929, 72.8606401, 0.0 ], [ 19.1419923, 72.8606302, 0.0 ], [ 19.1419917, 72.8606051, 0.0 ], [ 19.1419766, 72.8604795, 0.0 ], [ 19.1419574, 72.8603586, 0.0 ], [ 19.1419394, 72.8602316, 0.0 ], [ 19.1419296, 72.8601343, 0.0 ], [ 19.1419179, 72.8600643, 0.0 ], [ 19.1418856, 72.8598169, 0.0 ], [ 19.14184, 72.8595745, 0.0 ], [ 19.1418331, 72.8595064, 0.0 ], [ 19.1418273, 72.8593901, 0.0 ], [ 19.1418264, 72.8593608, 0.0 ], [ 19.1418251, 72.8593279, 0.0 ], [ 19.1418234, 72.8592989, 0.0 ], [ 19.1418208, 72.8592538, 0.0 ], [ 19.1418198, 72.8592342, 0.0 ], [ 19.1418109, 72.8590211, 0.0 ], [ 19.1418095, 72.8589884, 0.0 ], [ 19.1418082, 72.8589581, 0.0 ], [ 19.1418069, 72.8589267, 0.0 ], [ 19.1418055, 72.8588938, 0.0 ], [ 19.1418049, 72.8588785, 0.0 ], [ 19.1417509, 72.8586741, 0.0 ], [ 19.1417421, 72.8586397, 0.0 ], [ 19.1416843, 72.8584059, 0.0 ], [ 19.1416626, 72.8583167, 0.0 ], [ 19.1416552, 72.8581654, 0.0 ], [ 19.1416423, 72.8578979, 0.0 ], [ 19.1416373, 72.8577972, 0.0 ], [ 19.1416382, 72.8577841, 0.0 ], [ 19.1416275, 72.8575977, 0.0 ], [ 19.1416221, 72.8575132, 0.0 ], [ 19.1416203, 72.8574203, 0.0 ], [ 19.1416177, 72.857291, 0.0 ], [ 19.141605, 72.8570488, 0.0 ], [ 19.141662, 72.8567123, 0.0 ], [ 19.1417504, 72.8561567, 0.0 ], [ 19.1418172, 72.8557527, 0.0 ], [ 19.1418379, 72.8556717, 0.0 ], [ 19.1419, 72.8554281, 0.0 ], [ 19.1419264, 72.8553249, 0.0 ], [ 19.1419434, 72.8552589, 0.0 ], [ 19.1420878, 72.8549851, 0.0 ], [ 19.142127, 72.8549132, 0.0 ], [ 19.14213, 72.8549077, 0.0 ], [ 19.1422232, 72.8547369, 0.0 ], [ 19.1422243, 72.8547351, 0.0 ], [ 19.1422243, 72.8547351, 0.0 ], [ 19.1422243, 72.8547343, 0.0 ], [ 19.1422495, 72.8546949, 0.0 ], [ 19.1423087, 72.8546043, 0.0 ], [ 19.1423162, 72.8545927, 0.0 ], [ 19.1423334, 72.8545674, 0.0 ], [ 19.1423368, 72.8545628, 0.0 ], [ 19.1423412, 72.8545568, 0.0 ], [ 19.1423427, 72.8545539, 0.0 ], [ 19.1423485, 72.854543, 0.0 ], [ 19.1423586, 72.8545294, 0.0 ], [ 19.1424239, 72.8544301, 0.0 ], [ 19.1424534, 72.8543847, 0.0 ], [ 19.1424657, 72.8543657, 0.0 ], [ 19.1425018, 72.8543125, 0.0 ], [ 19.1425084, 72.8541915, 0.0 ], [ 19.1425137, 72.8540657, 0.0 ], [ 19.142522, 72.8539349, 0.0 ], [ 19.1425321, 72.8538539, 0.0 ], [ 19.1425239, 72.8536861, 0.0 ], [ 19.142518, 72.8535924, 0.0 ], [ 19.1425096, 72.8533856, 0.0 ], [ 19.1425081, 72.8533564, 0.0 ], [ 19.1425073, 72.8533368, 0.0 ], [ 19.1425009, 72.853216, 0.0 ], [ 19.1424963, 72.8530926, 0.0 ], [ 19.1424906, 72.8529634, 0.0 ], [ 19.1424871, 72.8528711, 0.0 ], [ 19.142486, 72.8528413, 0.0 ], [ 19.1424802, 72.8527371, 0.0 ], [ 19.1425196, 72.8527246, 0.0 ], [ 19.1426751, 72.8526732, 0.0 ], [ 19.1427386, 72.8526872, 0.0 ], [ 19.1428256, 72.8526578, 0.0 ], [ 19.1429341, 72.8526241, 0.0 ], [ 19.1430481, 72.8525871, 0.0 ], [ 19.1431494, 72.8525529, 0.0 ], [ 19.1431537, 72.8525515, 0.0 ], [ 19.1431901, 72.8525395, 0.0 ], [ 19.1432657, 72.8525146, 0.0 ], [ 19.1432694, 72.8524952, 0.0 ], [ 19.1432825, 72.8524336, 0.0 ], [ 19.1432909, 72.8523981, 0.0 ], [ 19.1433245, 72.8522498, 0.0 ], [ 19.14333, 72.8521901, 0.0 ], [ 19.1433352, 72.8521231, 0.0 ], [ 19.1433496, 72.8520185, 0.0 ], [ 19.1433561, 72.851971, 0.0 ], [ 19.1433622, 72.8519271, 0.0 ], [ 19.1433627, 72.8519155, 0.0 ], [ 19.1433633, 72.8519004, 0.0 ], [ 19.1433634, 72.8519001, 0.0 ], [ 19.1433735, 72.8517996, 0.0 ], [ 19.1434169, 72.8513693, 0.0 ], [ 19.1435278, 72.8502709, 0.0 ], [ 19.1435278, 72.8502704, 0.0 ], [ 19.1435575, 72.8499765, 0.0 ], [ 19.1435852, 72.8494172, 0.0 ], [ 19.1436185, 72.8492469, 0.0 ], [ 19.1436268, 72.8492039, 0.0 ], [ 19.143676, 72.8490542, 0.0 ], [ 19.143676, 72.8490539, 0.0 ], [ 19.1436761, 72.8490538, 0.0 ], [ 19.1436761, 72.8490536, 0.0 ], [ 19.1436762, 72.8490534, 0.0 ], [ 19.1437321, 72.8488359, 0.0 ], [ 19.1437387, 72.8488056, 0.0 ], [ 19.14375, 72.8487537, 0.0 ], [ 19.1438419, 72.8483575, 0.0 ], [ 19.1441619, 72.8483752, 0.0 ], [ 19.1442465, 72.8483801, 0.0 ], [ 19.1444793, 72.8483935, 0.0 ], [ 19.1446414, 72.8484738, 0.0 ], [ 19.144699, 72.8484595, 0.0 ], [ 19.1448014, 72.8484361, 0.0 ], [ 19.1449753, 72.8483889, 0.0 ], [ 19.145073, 72.848368, 0.0 ], [ 19.1452032, 72.8483401, 0.0 ], [ 19.1452733, 72.8483179, 0.0 ], [ 19.1452734, 72.8483179, 0.0 ], [ 19.1453815, 72.8483013, 0.0 ], [ 19.1453869, 72.8482991, 0.0 ], [ 19.1454293, 72.8482697, 0.0 ], [ 19.1455377, 72.8481935, 0.0 ], [ 19.1455685, 72.8481718, 0.0 ], [ 19.1457764, 72.8480118, 0.0 ], [ 19.1458251, 72.8479635, 0.0 ], [ 19.1460915, 72.8477411, 0.0 ], [ 19.1461896, 72.8475581, 0.0 ], [ 19.1462354, 72.8474727, 0.0 ], [ 19.146237, 72.8474673, 0.0 ], [ 19.1462379, 72.8474643, 0.0 ], [ 19.1462398, 72.8474578, 0.0 ], [ 19.146264, 72.8473769, 0.0 ], [ 19.1462992, 72.8471677, 0.0 ], [ 19.1462984, 72.8471589, 0.0 ], [ 19.1462896, 72.847057, 0.0 ], [ 19.1462867, 72.8470511, 0.0 ], [ 19.1462691, 72.8470148, 0.0 ], [ 19.1462586, 72.8469933, 0.0 ], [ 19.1462514, 72.8469786, 0.0 ], [ 19.1462255, 72.8469215, 0.0 ], [ 19.1461791, 72.8468191, 0.0 ], [ 19.146155, 72.8467661, 0.0 ], [ 19.1461265, 72.8466734, 0.0 ], [ 19.1461208, 72.8465353, 0.0 ], [ 19.146126, 72.8465308, 0.0 ], [ 19.1461223, 72.8465163, 0.0 ], [ 19.1461188, 72.8465032, 0.0 ], [ 19.1461172, 72.8465034, 0.0 ], [ 19.1460955, 72.8464242, 0.0 ], [ 19.1461011, 72.8464213, 0.0 ], [ 19.146139, 72.8464014, 0.0 ], [ 19.1461747, 72.8463828, 0.0 ], [ 19.1462142, 72.8463621, 0.0 ], [ 19.1462641, 72.8463279, 0.0 ], [ 19.1463368, 72.846278, 0.0 ], [ 19.1464506, 72.84608, 0.0 ], [ 19.1464864, 72.8460175, 0.0 ], [ 19.1465215, 72.8459565, 0.0 ], [ 19.1465793, 72.8458559, 0.0 ], [ 19.1466816, 72.8458555, 0.0 ], [ 19.1467209, 72.8458554, 0.0 ], [ 19.1468812, 72.8458549, 0.0 ], [ 19.1469471, 72.8458546, 0.0 ], [ 19.1469973, 72.8458781, 0.0 ], [ 19.147006, 72.8458822, 0.0 ], [ 19.1470397, 72.8458979, 0.0 ], [ 19.1471761, 72.8459602, 0.0 ], [ 19.1471863, 72.8459649, 0.0 ], [ 19.1472184, 72.8459163, 0.0 ], [ 19.1472229, 72.8459116, 0.0 ], [ 19.1473382, 72.8457346, 0.0 ], [ 19.1474157, 72.8456166, 0.0 ], [ 19.1474544, 72.8455579, 0.0 ], [ 19.1475375, 72.8455031, 0.0 ], [ 19.1475427, 72.8454996, 0.0 ], [ 19.1476326, 72.845491, 0.0 ], [ 19.1476873, 72.8454776, 0.0 ], [ 19.147817, 72.8454489, 0.0 ], [ 19.1480308, 72.8454016, 0.0 ], [ 19.1480551, 72.8453963, 0.0 ], [ 19.1481388, 72.8453693, 0.0 ], [ 19.1482514, 72.8453265, 0.0 ], [ 19.1483596, 72.8452862, 0.0 ], [ 19.148461, 72.8452484, 0.0 ], [ 19.1484888, 72.845229, 0.0 ], [ 19.1485395, 72.8451938, 0.0 ], [ 19.1486991, 72.845088, 0.0 ], [ 19.1487238, 72.8450716, 0.0 ], [ 19.1488219, 72.844991, 0.0 ], [ 19.1488673, 72.8449452, 0.0 ], [ 19.1489058, 72.8449065, 0.0 ], [ 19.1489338, 72.8448826, 0.0 ], [ 19.1489346, 72.8448819, 0.0 ], [ 19.1489356, 72.844881, 0.0 ], [ 19.1489843, 72.8448394, 0.0 ], [ 19.1490125, 72.8448153, 0.0 ], [ 19.149177, 72.8446819, 0.0 ], [ 19.1493612, 72.8445317, 0.0 ], [ 19.1494545, 72.8444506, 0.0 ], [ 19.1495071, 72.8444117, 0.0 ], [ 19.1497452, 72.8441522, 0.0 ], [ 19.1499516, 72.8438835, 0.0 ], [ 19.1499733, 72.8438349, 0.0 ], [ 19.1500053, 72.8436755, 0.0 ], [ 19.1500642, 72.8435888, 0.0 ], [ 19.1501695, 72.8434407, 0.0 ], [ 19.1502007, 72.8433968, 0.0 ], [ 19.1502173, 72.8433515, 0.0 ], [ 19.1502299, 72.8433172, 0.0 ], [ 19.1502484, 72.8432472, 0.0 ], [ 19.1502486, 72.8432233, 0.0 ], [ 19.1502493, 72.8431183, 0.0 ], [ 19.1502486, 72.8431129, 0.0 ], [ 19.1502392, 72.8430437, 0.0 ], [ 19.1502346, 72.8430105, 0.0 ], [ 19.1502232, 72.8429263, 0.0 ], [ 19.1502114, 72.842839, 0.0 ], [ 19.1501971, 72.8427335, 0.0 ], [ 19.150185, 72.8426437, 0.0 ], [ 19.1501742, 72.8425643, 0.0 ], [ 19.1501684, 72.8425227, 0.0 ], [ 19.1501657, 72.8425039, 0.0 ], [ 19.1501604, 72.8424635, 0.0 ], [ 19.1501524, 72.8424025, 0.0 ], [ 19.150147, 72.8423612, 0.0 ], [ 19.1501174, 72.8421933, 0.0 ], [ 19.1501118, 72.8421618, 0.0 ], [ 19.1500985, 72.8420859, 0.0 ], [ 19.1500916, 72.8420372, 0.0 ], [ 19.1500418, 72.8416848, 0.0 ], [ 19.1500363, 72.8416456, 0.0 ], [ 19.1500297, 72.8415986, 0.0 ], [ 19.1500079, 72.8414426, 0.0 ], [ 19.1499805, 72.8412472, 0.0 ], [ 19.1499471, 72.8410214, 0.0 ], [ 19.1498926, 72.8406225, 0.0 ], [ 19.1498591, 72.8403835, 0.0 ], [ 19.1498551, 72.8403555, 0.0 ], [ 19.1500711, 72.8400855, 0.0 ], [ 19.1501811, 72.839949, 0.0 ], [ 19.1501861, 72.8399421, 0.0 ], [ 19.150271, 72.8398246, 0.0 ], [ 19.1505949, 72.8396803, 0.0 ], [ 19.1507295, 72.8396208, 0.0 ], [ 19.1507989, 72.839581, 0.0 ], [ 19.1508309, 72.8395526, 0.0 ], [ 19.1508556, 72.839517, 0.0 ], [ 19.1508747, 72.8394543, 0.0 ], [ 19.1508778, 72.8392658, 0.0 ], [ 19.1509028, 72.8390316, 0.0 ], [ 19.1509477, 72.8386104, 0.0 ], [ 19.1509622, 72.8385114, 0.0 ], [ 19.1510056, 72.8380491, 0.0 ], [ 19.1510992, 72.8368026, 0.0 ], [ 19.1511249, 72.8362025, 0.0 ], [ 19.1511253, 72.8361899, 0.0 ], [ 19.1511353, 72.8358988, 0.0 ], [ 19.1511327, 72.8357155, 0.0 ], [ 19.151132, 72.8356654, 0.0 ], [ 19.1511315, 72.8356285, 0.0 ], [ 19.1511315, 72.8356278, 0.0 ], [ 19.1511301, 72.8355343, 0.0 ], [ 19.1511312, 72.8350648, 0.0 ], [ 19.1511614, 72.8340732, 0.0 ], [ 19.1511899, 72.8336541, 0.0 ], [ 19.1512369, 72.8331604, 0.0 ], [ 19.1512705, 72.8330014, 0.0 ], [ 19.1512909, 72.8329049, 0.0 ], [ 19.1513798, 72.8325966, 0.0 ], [ 19.1515053, 72.832313, 0.0 ], [ 19.1516375, 72.8321137, 0.0 ], [ 19.1517821, 72.8318778, 0.0 ], [ 19.1519206, 72.831704, 0.0 ], [ 19.152003, 72.8315845, 0.0 ], [ 19.1520806, 72.8314721, 0.0 ], [ 19.1522466, 72.8312445, 0.0 ], [ 19.1522857, 72.8311909, 0.0 ], [ 19.1523571, 72.8311034, 0.0 ], [ 19.1528766, 72.8303131, 0.0 ], [ 19.1530079, 72.8301133, 0.0 ], [ 19.1530143, 72.8301036, 0.0 ], [ 19.1530332, 72.8300727, 0.0 ], [ 19.1530523, 72.8300392, 0.0 ], [ 19.1531027, 72.8299413, 0.0 ], [ 19.1533107, 72.8295513, 0.0 ], [ 19.1535364, 72.8291283, 0.0 ], [ 19.1537346, 72.8287565, 0.0 ], [ 19.1538961, 72.8284322, 0.0 ], [ 19.1539058, 72.8284128, 0.0 ], [ 19.1539202, 72.8283495, 0.0 ], [ 19.153926, 72.8282445, 0.0 ], [ 19.1539264, 72.8282418, 0.0 ], [ 19.1539567, 72.8279937, 0.0 ], [ 19.1534602, 72.8271294, 0.0 ], [ 19.1533706, 72.8269734, 0.0 ], [ 19.1515165, 72.8237456, 0.0 ], [ 19.1510069, 72.8228456, 0.0 ], [ 19.1505289, 72.8220016, 0.0 ], [ 19.1505362, 72.8219997, 0.0 ], [ 19.1509964, 72.821876, 0.0 ], [ 19.1528841, 72.8213686, 0.0 ], [ 19.1530407, 72.8213265, 0.0 ], [ 19.1543838, 72.8209655, 0.0 ], [ 19.1550054, 72.8206764, 0.0 ], [ 19.1552727, 72.8205542, 0.0 ], [ 19.1555073, 72.820445, 0.0 ], [ 19.1557028, 72.8203546, 0.0 ], [ 19.1559062, 72.8200267, 0.0 ], [ 19.156003, 72.8198473, 0.0 ], [ 19.1560376, 72.8197459, 0.0 ], [ 19.1560661, 72.8196604, 0.0 ], [ 19.1561924, 72.8192757, 0.0 ], [ 19.1563207, 72.8188764, 0.0 ], [ 19.1565348, 72.8182253, 0.0 ], [ 19.1562087, 72.8178729, 0.0 ], [ 19.1546999, 72.8158464, 0.0 ], [ 19.1535698, 72.8141851, 0.0 ], [ 19.153264, 72.8137486, 0.0 ], [ 19.1528212, 72.8131165, 0.0 ], [ 19.152753, 72.8130424, 0.0 ], [ 19.1526875, 72.8129712, 0.0 ], [ 19.1519234, 72.812167, 0.0 ], [ 19.1531131, 72.8110181, 0.0 ], [ 19.1544272, 72.8097491, 0.0 ], [ 19.1544283, 72.8097483, 0.0 ], [ 19.155, 72.8101609, 0.0 ], [ 19.1558638, 72.810907, 0.0 ], [ 19.1559953, 72.8110411, 0.0 ], [ 19.1610322, 72.816175, 0.0 ], [ 19.1635001, 72.8186906, 0.0 ], [ 19.1663419, 72.8215874, 0.0 ], [ 19.1670221, 72.8223083, 0.0 ], [ 19.1682696, 72.8235101, 0.0 ], [ 19.1696298, 72.8250317, 0.0 ], [ 19.1701808, 72.8252264, 0.0 ], [ 19.1708524, 72.8253588, 0.0 ], [ 19.1718572, 72.8255459, 0.0 ], [ 19.1718804, 72.8255502, 0.0 ], [ 19.1726615, 72.8257551, 0.0 ], [ 19.1744087, 72.8272337, 0.0 ], [ 19.174723, 72.8279593, 0.0 ], [ 19.1754121, 72.8287017, 0.0 ], [ 19.1764199, 72.8293039, 0.0 ], [ 19.1774629, 72.8295446, 0.0 ], [ 19.1784885, 72.8296384, 0.0 ], [ 19.1784969, 72.8297625, 0.0 ], [ 19.1785721, 72.8307701, 0.0 ], [ 19.1785611, 72.8310123, 0.0 ], [ 19.1785607, 72.8310223, 0.0 ], [ 19.1785573, 72.8310968, 0.0 ], [ 19.1785545, 72.8311598, 0.0 ], [ 19.1785482, 72.8312981, 0.0 ], [ 19.1785478, 72.8313073, 0.0 ], [ 19.1785423, 72.8314339, 0.0 ], [ 19.1785388, 72.8315141, 0.0 ], [ 19.1785313, 72.8316859, 0.0 ], [ 19.1785345, 72.8318568, 0.0 ], [ 19.1785371, 72.8319436, 0.0 ], [ 19.1785481, 72.8323016, 0.0 ], [ 19.1785634, 72.8326624, 0.0 ], [ 19.1785824, 72.8330253, 0.0 ], [ 19.1786057, 72.8335286, 0.0 ], [ 19.1786163, 72.8336831, 0.0 ], [ 19.178639, 72.8340596, 0.0 ], [ 19.1786395, 72.8340676, 0.0 ], [ 19.1786664, 72.8343987, 0.0 ], [ 19.1786666, 72.834401, 0.0 ], [ 19.1786884, 72.8346698, 0.0 ], [ 19.1787078, 72.8347985, 0.0 ], [ 19.1787252, 72.8349142, 0.0 ], [ 19.1787291, 72.8349408, 0.0 ], [ 19.1787329, 72.8349537, 0.0 ], [ 19.1787388, 72.8349739, 0.0 ], [ 19.1787629, 72.835057, 0.0 ], [ 19.1787789, 72.8350906, 0.0 ], [ 19.1788076, 72.8351508, 0.0 ], [ 19.1788512, 72.8352156, 0.0 ], [ 19.1788932, 72.8352774, 0.0 ], [ 19.1789471, 72.8353669, 0.0 ], [ 19.1789831, 72.8354172, 0.0 ], [ 19.1790785, 72.8355416, 0.0 ], [ 19.1791445, 72.8356232, 0.0 ], [ 19.1792195, 72.8357065, 0.0 ], [ 19.1793206, 72.8358118, 0.0 ], [ 19.1794405, 72.8359393, 0.0 ], [ 19.1795863, 72.836095, 0.0 ], [ 19.1797325, 72.8362857, 0.0 ], [ 19.1797394, 72.8363007, 0.0 ], [ 19.1797445, 72.8363117, 0.0 ], [ 19.1797488, 72.83632, 0.0 ], [ 19.1797549, 72.8363317, 0.0 ], [ 19.1797624, 72.8364723, 0.0 ], [ 19.1797659, 72.8365366, 0.0 ], [ 19.1797622, 72.8366498, 0.0 ], [ 19.1797621, 72.8366507, 0.0 ], [ 19.1797581, 72.8367727, 0.0 ], [ 19.1797579, 72.8367814, 0.0 ], [ 19.1797043, 72.8368969, 0.0 ], [ 19.1796183, 72.8370136, 0.0 ], [ 19.179501, 72.8371671, 0.0 ], [ 19.1794835, 72.8371985, 0.0 ], [ 19.1794786, 72.8372109, 0.0 ], [ 19.179439, 72.8373106, 0.0 ], [ 19.1793769, 72.8374492, 0.0 ], [ 19.1793455, 72.8375297, 0.0 ], [ 19.1793319, 72.8376288, 0.0 ], [ 19.1793293, 72.8377029, 0.0 ] ] ] ] } },
{ "type": "Feature", "id": 12, "properties": { "Name": "\n    P/N\n   ", "tessellate": 1, "extrude": 0, "visibility": -1, "NAME2": "P/N\n", "OBJECTID": 13, "Shape__Area": 46700514.2817, "Shape__Length": 49267.407428500002 }, "geometry": { "type": "Polygon", "coordinates": [ [ [ 19.1665875, 72.8772313, 0.0 ], [ 19.167694, 72.8764729, 0.0 ], [ 19.1678945, 72.8763363, 0.0 ], [ 19.1685316, 72.8759007, 0.0 ], [ 19.1694062, 72.8753523, 0.0 ], [ 19.1700176, 72.8749958, 0.0 ], [ 19.170449, 72.8747515, 0.0 ], [ 19.1713694, 72.8745833, 0.0 ], [ 19.1720039, 72.8744673, 0.0 ], [ 19.1729657, 72.8743622, 0.0 ], [ 19.1742887, 72.8742177, 0.0 ], [ 19.1759657, 72.8740345, 0.0 ], [ 19.1759474, 72.873843, 0.0 ], [ 19.1759421, 72.8737882, 0.0 ], [ 19.1759224, 72.8735821, 0.0 ], [ 19.1759078, 72.87343, 0.0 ], [ 19.1759078, 72.87343, 0.0 ], [ 19.1758746, 72.8730833, 0.0 ], [ 19.1757952, 72.8722529, 0.0 ], [ 19.1757932, 72.8722326, 0.0 ], [ 19.1757801, 72.8720956, 0.0 ], [ 19.1757569, 72.8718534, 0.0 ], [ 19.1757431, 72.871709, 0.0 ], [ 19.1757218, 72.8714861, 0.0 ], [ 19.1757181, 72.8714476, 0.0 ], [ 19.1756876, 72.8713098, 0.0 ], [ 19.1756849, 72.8712977, 0.0 ], [ 19.1756616, 72.8711739, 0.0 ], [ 19.1756382, 72.8710502, 0.0 ], [ 19.1756334, 72.8710192, 0.0 ], [ 19.175613, 72.8708873, 0.0 ], [ 19.1756038, 72.8705788, 0.0 ], [ 19.1756012, 72.8704888, 0.0 ], [ 19.1755612, 72.8690058, 0.0 ], [ 19.1755635, 72.8688379, 0.0 ], [ 19.1755727, 72.8681502, 0.0 ], [ 19.1755797, 72.8680743, 0.0 ], [ 19.1755819, 72.868056, 0.0 ], [ 19.1755866, 72.8680208, 0.0 ], [ 19.1756107, 72.8678402, 0.0 ], [ 19.1756528, 72.8676777, 0.0 ], [ 19.1757753, 72.8672156, 0.0 ], [ 19.1758342, 72.8669498, 0.0 ], [ 19.1758452, 72.8668676, 0.0 ], [ 19.1758441, 72.866773, 0.0 ], [ 19.1758372, 72.8666911, 0.0 ], [ 19.1758123, 72.8665817, 0.0 ], [ 19.1757866, 72.8664688, 0.0 ], [ 19.175711, 72.8661533, 0.0 ], [ 19.1755799, 72.8654437, 0.0 ], [ 19.1751149, 72.8634307, 0.0 ], [ 19.1746342, 72.8610419, 0.0 ], [ 19.1743573, 72.8594754, 0.0 ], [ 19.1744128, 72.8594729, 0.0 ], [ 19.1747542, 72.8594474, 0.0 ], [ 19.1747562, 72.8594471, 0.0 ], [ 19.1747826, 72.8594441, 0.0 ], [ 19.1747857, 72.8594438, 0.0 ], [ 19.1748525, 72.8594362, 0.0 ], [ 19.1748906, 72.8594319, 0.0 ], [ 19.1750419, 72.8594147, 0.0 ], [ 19.1754007, 72.8593799, 0.0 ], [ 19.1753783, 72.8583963, 0.0 ], [ 19.1753651, 72.8579798, 0.0 ], [ 19.1753643, 72.8578679, 0.0 ], [ 19.1753966, 72.8577637, 0.0 ], [ 19.1754294, 72.8577039, 0.0 ], [ 19.1755035, 72.8575695, 0.0 ], [ 19.1755989, 72.8574366, 0.0 ], [ 19.1757995, 72.85721, 0.0 ], [ 19.1758297, 72.8571839, 0.0 ], [ 19.1758659, 72.8571525, 0.0 ], [ 19.1759636, 72.8571004, 0.0 ], [ 19.1760067, 72.8570827, 0.0 ], [ 19.1761003, 72.8570623, 0.0 ], [ 19.1762719, 72.8570631, 0.0 ], [ 19.1764167, 72.8570501, 0.0 ], [ 19.1764933, 72.8570301, 0.0 ], [ 19.176529, 72.8570181, 0.0 ], [ 19.1766073, 72.8569718, 0.0 ], [ 19.176662, 72.8569409, 0.0 ], [ 19.1767598, 72.8569271, 0.0 ], [ 19.1769723, 72.8569092, 0.0 ], [ 19.1772635, 72.8568853, 0.0 ], [ 19.1773684, 72.8568588, 0.0 ], [ 19.17743, 72.8568257, 0.0 ], [ 19.1774475, 72.8568002, 0.0 ], [ 19.1774601, 72.856783, 0.0 ], [ 19.1774701, 72.8567694, 0.0 ], [ 19.1774729, 72.8567664, 0.0 ], [ 19.1774846, 72.8567004, 0.0 ], [ 19.1774911, 72.8566249, 0.0 ], [ 19.1774859, 72.8565719, 0.0 ], [ 19.1774771, 72.8565266, 0.0 ], [ 19.1773781, 72.8563013, 0.0 ], [ 19.1773602, 72.856265, 0.0 ], [ 19.177345, 72.8562284, 0.0 ], [ 19.1772618, 72.8560284, 0.0 ], [ 19.1772372, 72.8559419, 0.0 ], [ 19.1772241, 72.8558958, 0.0 ], [ 19.177219, 72.8558741, 0.0 ], [ 19.1771773, 72.8556985, 0.0 ], [ 19.1771597, 72.8556261, 0.0 ], [ 19.1771343, 72.8555215, 0.0 ], [ 19.1770502, 72.8551754, 0.0 ], [ 19.1770498, 72.8551735, 0.0 ], [ 19.1768449, 72.8543812, 0.0 ], [ 19.1767711, 72.8540968, 0.0 ], [ 19.1766967, 72.8537989, 0.0 ], [ 19.176714, 72.8533323, 0.0 ], [ 19.1767247, 72.8530437, 0.0 ], [ 19.1766576, 72.8527936, 0.0 ], [ 19.1766508, 72.8527682, 0.0 ], [ 19.1766492, 72.8527625, 0.0 ], [ 19.176592, 72.852565, 0.0 ], [ 19.1763904, 72.8520178, 0.0 ], [ 19.1763175, 72.851808, 0.0 ], [ 19.1762958, 72.8517289, 0.0 ], [ 19.1762747, 72.8516336, 0.0 ], [ 19.176279, 72.851465, 0.0 ], [ 19.1762801, 72.8514208, 0.0 ], [ 19.1763328, 72.8510899, 0.0 ], [ 19.1764211, 72.8504989, 0.0 ], [ 19.1765382, 72.8503555, 0.0 ], [ 19.176705, 72.8501774, 0.0 ], [ 19.1768019, 72.8501156, 0.0 ], [ 19.1768193, 72.8501045, 0.0 ], [ 19.1768216, 72.850047, 0.0 ], [ 19.1768278, 72.8498872, 0.0 ], [ 19.1768508, 72.8497494, 0.0 ], [ 19.1768638, 72.8496713, 0.0 ], [ 19.1768821, 72.8496341, 0.0 ], [ 19.1769636, 72.8494681, 0.0 ], [ 19.1769855, 72.8494345, 0.0 ], [ 19.1769856, 72.8494344, 0.0 ], [ 19.177105, 72.849251, 0.0 ], [ 19.1772622, 72.8491076, 0.0 ], [ 19.177292, 72.8490916, 0.0 ], [ 19.1773726, 72.8490485, 0.0 ], [ 19.1775337, 72.848886, 0.0 ], [ 19.1775815, 72.8488264, 0.0 ], [ 19.1776358, 72.8487368, 0.0 ], [ 19.1776622, 72.8486933, 0.0 ], [ 19.1777133, 72.8486231, 0.0 ], [ 19.1777486, 72.8485599, 0.0 ], [ 19.1777519, 72.8485509, 0.0 ], [ 19.1777525, 72.8485495, 0.0 ], [ 19.1777844, 72.8484647, 0.0 ], [ 19.1778429, 72.8482768, 0.0 ], [ 19.1778432, 72.8482758, 0.0 ], [ 19.1778533, 72.8482433, 0.0 ], [ 19.1779169, 72.848047, 0.0 ], [ 19.1779698, 72.8477995, 0.0 ], [ 19.1780725, 72.8472215, 0.0 ], [ 19.1780929, 72.846938, 0.0 ], [ 19.1781191, 72.846553, 0.0 ], [ 19.1781131, 72.846328, 0.0 ], [ 19.178113, 72.8463246, 0.0 ], [ 19.1781119, 72.8462844, 0.0 ], [ 19.1781226, 72.8462597, 0.0 ], [ 19.178126, 72.8462517, 0.0 ], [ 19.1781387, 72.8462223, 0.0 ], [ 19.1781543, 72.8461861, 0.0 ], [ 19.1782265, 72.8460185, 0.0 ], [ 19.1783193, 72.8458493, 0.0 ], [ 19.178352, 72.8457589, 0.0 ], [ 19.178367, 72.8457173, 0.0 ], [ 19.1783887, 72.8456573, 0.0 ], [ 19.1783912, 72.8456514, 0.0 ], [ 19.1784265, 72.8455674, 0.0 ], [ 19.1784406, 72.8455351, 0.0 ], [ 19.1784547, 72.8455028, 0.0 ], [ 19.1784927, 72.8454129, 0.0 ], [ 19.1786066, 72.8452365, 0.0 ], [ 19.178628, 72.8452042, 0.0 ], [ 19.1786551, 72.8451635, 0.0 ], [ 19.1787603, 72.8450337, 0.0 ], [ 19.1787806, 72.8449983, 0.0 ], [ 19.1788002, 72.844964, 0.0 ], [ 19.1788655, 72.8448475, 0.0 ], [ 19.1788813, 72.8448041, 0.0 ], [ 19.1788852, 72.844784, 0.0 ], [ 19.1788855, 72.8447776, 0.0 ], [ 19.1788853, 72.8447713, 0.0 ], [ 19.1788798, 72.8447352, 0.0 ], [ 19.1788779, 72.8447227, 0.0 ], [ 19.1788731, 72.8447098, 0.0 ], [ 19.1788653, 72.844689, 0.0 ], [ 19.1788555, 72.8446272, 0.0 ], [ 19.1788547, 72.844622, 0.0 ], [ 19.1788513, 72.8446003, 0.0 ], [ 19.1788498, 72.8445113, 0.0 ], [ 19.1788495, 72.8444335, 0.0 ], [ 19.1788464, 72.84435, 0.0 ], [ 19.1788523, 72.8442354, 0.0 ], [ 19.1788693, 72.8440744, 0.0 ], [ 19.1788825, 72.8440231, 0.0 ], [ 19.1789043, 72.8439379, 0.0 ], [ 19.1789235, 72.8438494, 0.0 ], [ 19.1789427, 72.8437826, 0.0 ], [ 19.1789531, 72.843754, 0.0 ], [ 19.1789609, 72.8437327, 0.0 ], [ 19.1789628, 72.8437274, 0.0 ], [ 19.178987, 72.8436576, 0.0 ], [ 19.1790115, 72.8435618, 0.0 ], [ 19.1790153, 72.8435137, 0.0 ], [ 19.1790198, 72.8434612, 0.0 ], [ 19.1790226, 72.8434069, 0.0 ], [ 19.1790231, 72.8433245, 0.0 ], [ 19.1790229, 72.8430766, 0.0 ], [ 19.1790252, 72.8429179, 0.0 ], [ 19.1790537, 72.8428681, 0.0 ], [ 19.1790599, 72.8428571, 0.0 ], [ 19.1790712, 72.8427357, 0.0 ], [ 19.1790735, 72.8427262, 0.0 ], [ 19.1791096, 72.8425743, 0.0 ], [ 19.1791243, 72.8425166, 0.0 ], [ 19.1791289, 72.8424985, 0.0 ], [ 19.1791306, 72.8424862, 0.0 ], [ 19.1791396, 72.8424483, 0.0 ], [ 19.1791443, 72.8424286, 0.0 ], [ 19.1791443, 72.8424286, 0.0 ], [ 19.1791473, 72.8424102, 0.0 ], [ 19.1791475, 72.8424091, 0.0 ], [ 19.1791534, 72.8423722, 0.0 ], [ 19.1791938, 72.8421225, 0.0 ], [ 19.1792203, 72.8418792, 0.0 ], [ 19.1792204, 72.8418788, 0.0 ], [ 19.1792313, 72.8417861, 0.0 ], [ 19.1792338, 72.8417651, 0.0 ], [ 19.1792351, 72.841754, 0.0 ], [ 19.1792355, 72.8417458, 0.0 ], [ 19.179236, 72.8417419, 0.0 ], [ 19.179238, 72.8416976, 0.0 ], [ 19.1792372, 72.841639, 0.0 ], [ 19.1792208, 72.8412765, 0.0 ], [ 19.1792208, 72.8412724, 0.0 ], [ 19.1792181, 72.8410162, 0.0 ], [ 19.1792192, 72.841008, 0.0 ], [ 19.1792375, 72.8408646, 0.0 ], [ 19.1792379, 72.8408613, 0.0 ], [ 19.1792556, 72.8407238, 0.0 ], [ 19.1792564, 72.8407134, 0.0 ], [ 19.1792566, 72.8407118, 0.0 ], [ 19.1792642, 72.8406199, 0.0 ], [ 19.1792956, 72.8403945, 0.0 ], [ 19.1792957, 72.8403896, 0.0 ], [ 19.1792967, 72.8403824, 0.0 ], [ 19.1792974, 72.8403546, 0.0 ], [ 19.1792997, 72.8402676, 0.0 ], [ 19.1793059, 72.8401474, 0.0 ], [ 19.1793144, 72.8400203, 0.0 ], [ 19.1793181, 72.8398994, 0.0 ], [ 19.1793192, 72.8397751, 0.0 ], [ 19.1793214, 72.839641, 0.0 ], [ 19.1793179, 72.8394787, 0.0 ], [ 19.1793174, 72.8393223, 0.0 ], [ 19.1793203, 72.839178, 0.0 ], [ 19.1793228, 72.8390245, 0.0 ], [ 19.1793244, 72.8388863, 0.0 ], [ 19.1793247, 72.8387542, 0.0 ], [ 19.1793243, 72.8385161, 0.0 ], [ 19.1793293, 72.8383636, 0.0 ], [ 19.1793308, 72.8382544, 0.0 ], [ 19.1793354, 72.8381679, 0.0 ], [ 19.1793258, 72.837951, 0.0 ], [ 19.1793232, 72.837891, 0.0 ], [ 19.1793296, 72.8377048, 0.0 ], [ 19.1793322, 72.8376307, 0.0 ], [ 19.1793457, 72.8375316, 0.0 ], [ 19.1793772, 72.837451, 0.0 ], [ 19.1794393, 72.8373124, 0.0 ], [ 19.1794788, 72.8372127, 0.0 ], [ 19.1794837, 72.8372004, 0.0 ], [ 19.1795013, 72.8371689, 0.0 ], [ 19.1796186, 72.8370155, 0.0 ], [ 19.1797046, 72.8368988, 0.0 ], [ 19.1797581, 72.8367832, 0.0 ], [ 19.1797584, 72.8367746, 0.0 ], [ 19.1797624, 72.8366525, 0.0 ], [ 19.1797624, 72.8366517, 0.0 ], [ 19.1797661, 72.8365384, 0.0 ], [ 19.1797627, 72.8364741, 0.0 ], [ 19.1797552, 72.8363336, 0.0 ], [ 19.1797491, 72.8363219, 0.0 ], [ 19.1797448, 72.8363135, 0.0 ], [ 19.1797397, 72.8363026, 0.0 ], [ 19.1797328, 72.8362876, 0.0 ], [ 19.1795866, 72.8360968, 0.0 ], [ 19.1794408, 72.8359412, 0.0 ], [ 19.1793209, 72.8358137, 0.0 ], [ 19.1792198, 72.8357084, 0.0 ], [ 19.1791447, 72.8356251, 0.0 ], [ 19.1790788, 72.8355434, 0.0 ], [ 19.1789834, 72.835419, 0.0 ], [ 19.1789474, 72.8353687, 0.0 ], [ 19.1788935, 72.8352793, 0.0 ], [ 19.1788515, 72.8352175, 0.0 ], [ 19.1788079, 72.8351527, 0.0 ], [ 19.1787792, 72.8350924, 0.0 ], [ 19.1787632, 72.8350588, 0.0 ], [ 19.1787391, 72.8349758, 0.0 ], [ 19.1787332, 72.8349556, 0.0 ], [ 19.1787294, 72.8349426, 0.0 ], [ 19.1787254, 72.8349161, 0.0 ], [ 19.1787081, 72.8348003, 0.0 ], [ 19.1786887, 72.8346717, 0.0 ], [ 19.1786669, 72.8344029, 0.0 ], [ 19.1786667, 72.8344006, 0.0 ], [ 19.1786398, 72.8340695, 0.0 ], [ 19.1786393, 72.8340615, 0.0 ], [ 19.1786166, 72.833685, 0.0 ], [ 19.178606, 72.8335304, 0.0 ], [ 19.1785827, 72.8330272, 0.0 ], [ 19.1785637, 72.8326642, 0.0 ], [ 19.1785484, 72.8323035, 0.0 ], [ 19.1785374, 72.8319455, 0.0 ], [ 19.1785348, 72.8318587, 0.0 ], [ 19.1785316, 72.8316877, 0.0 ], [ 19.1785391, 72.8315159, 0.0 ], [ 19.1785426, 72.8314357, 0.0 ], [ 19.1785481, 72.8313091, 0.0 ], [ 19.1785485, 72.8312999, 0.0 ], [ 19.1785548, 72.8311617, 0.0 ], [ 19.1785576, 72.8310987, 0.0 ], [ 19.178561, 72.8310242, 0.0 ], [ 19.1785614, 72.8310142, 0.0 ], [ 19.1785724, 72.8307719, 0.0 ], [ 19.1784972, 72.8297643, 0.0 ], [ 19.1784888, 72.8296403, 0.0 ], [ 19.1774631, 72.8295465, 0.0 ], [ 19.1764202, 72.8293057, 0.0 ], [ 19.1754124, 72.8287036, 0.0 ], [ 19.1747233, 72.8279612, 0.0 ], [ 19.1744089, 72.8272356, 0.0 ], [ 19.1726618, 72.825757, 0.0 ], [ 19.1718807, 72.8255521, 0.0 ], [ 19.1718575, 72.8255477, 0.0 ], [ 19.1708527, 72.8253606, 0.0 ], [ 19.1701811, 72.8252282, 0.0 ], [ 19.1696301, 72.8250335, 0.0 ], [ 19.1682699, 72.823512, 0.0 ], [ 19.1670224, 72.8223101, 0.0 ], [ 19.1663422, 72.8215893, 0.0 ], [ 19.1610325, 72.8161768, 0.0 ], [ 19.1559956, 72.8110429, 0.0 ], [ 19.1558641, 72.8109089, 0.0 ], [ 19.1550003, 72.8101628, 0.0 ], [ 19.1540326, 72.8094643, 0.0 ], [ 19.1534749, 72.8091065, 0.0 ], [ 19.1529133, 72.808616, 0.0 ], [ 19.1523739, 72.808169, 0.0 ], [ 19.1519742, 72.8078732, 0.0 ], [ 19.1518447, 72.8077706, 0.0 ], [ 19.1508506, 72.8067873, 0.0 ], [ 19.1499458, 72.8060235, 0.0 ], [ 19.1482532, 72.8052206, 0.0 ], [ 19.1470737, 72.8047311, 0.0 ], [ 19.1452149, 72.8042058, 0.0 ], [ 19.1449879, 72.8041417, 0.0 ], [ 19.1449755, 72.8041381, 0.0 ], [ 19.1445658, 72.8040223, 0.0 ], [ 19.1435567, 72.803552, 0.0 ], [ 19.1386277, 72.8012788, 0.0 ], [ 19.1397334, 72.798211, 0.0 ], [ 19.1397757, 72.7982054, 0.0 ], [ 19.1405342, 72.7981784, 0.0 ], [ 19.1409273, 72.7981645, 0.0 ], [ 19.1414408, 72.7981352, 0.0 ], [ 19.1423899, 72.7980977, 0.0 ], [ 19.1424085, 72.7980799, 0.0 ], [ 19.1424849, 72.7980686, 0.0 ], [ 19.1425139, 72.7980752, 0.0 ], [ 19.1425288, 72.7980787, 0.0 ], [ 19.1425425, 72.7980754, 0.0 ], [ 19.1426094, 72.7980597, 0.0 ], [ 19.1426411, 72.7980523, 0.0 ], [ 19.1426614, 72.7980475, 0.0 ], [ 19.1426679, 72.7980673, 0.0 ], [ 19.1426713, 72.7980774, 0.0 ], [ 19.1427075, 72.7981333, 0.0 ], [ 19.1427906, 72.7981381, 0.0 ], [ 19.1428477, 72.7981435, 0.0 ], [ 19.1428275, 72.7980871, 0.0 ], [ 19.1428206, 72.7980679, 0.0 ], [ 19.1427991, 72.7980079, 0.0 ], [ 19.1427841, 72.7979659, 0.0 ], [ 19.1427496, 72.7978831, 0.0 ], [ 19.1427071, 72.7977807, 0.0 ], [ 19.1426318, 72.7975321, 0.0 ], [ 19.1425262, 72.7973367, 0.0 ], [ 19.1424956, 72.7972976, 0.0 ], [ 19.1423982, 72.7971729, 0.0 ], [ 19.1423956, 72.7971696, 0.0 ], [ 19.1422451, 72.7969309, 0.0 ], [ 19.1421707, 72.7968128, 0.0 ], [ 19.1421461, 72.7967738, 0.0 ], [ 19.1420942, 72.7966328, 0.0 ], [ 19.1420482, 72.7963779, 0.0 ], [ 19.1420425, 72.796346, 0.0 ], [ 19.1420289, 72.7962703, 0.0 ], [ 19.1420141, 72.7961883, 0.0 ], [ 19.1420101, 72.7961203, 0.0 ], [ 19.1420076, 72.7960779, 0.0 ], [ 19.1420072, 72.7960713, 0.0 ], [ 19.1420082, 72.7960673, 0.0 ], [ 19.142014, 72.7960441, 0.0 ], [ 19.1420217, 72.7960132, 0.0 ], [ 19.1420222, 72.7960112, 0.0 ], [ 19.1420531, 72.7958874, 0.0 ], [ 19.1420623, 72.7958503, 0.0 ], [ 19.1421347, 72.7955584, 0.0 ], [ 19.1422479, 72.7954459, 0.0 ], [ 19.1423712, 72.795321, 0.0 ], [ 19.1423733, 72.7953085, 0.0 ], [ 19.1423974, 72.7951618, 0.0 ], [ 19.1424434, 72.7950534, 0.0 ], [ 19.1425624, 72.7950967, 0.0 ], [ 19.1426204, 72.7951179, 0.0 ], [ 19.1426271, 72.7951203, 0.0 ], [ 19.1427466, 72.7950368, 0.0 ], [ 19.1427667, 72.7950237, 0.0 ], [ 19.1427671, 72.7950192, 0.0 ], [ 19.1427679, 72.7950118, 0.0 ], [ 19.1427692, 72.7949993, 0.0 ], [ 19.1427744, 72.7949515, 0.0 ], [ 19.1427862, 72.7948432, 0.0 ], [ 19.1427899, 72.7948071, 0.0 ], [ 19.1427901, 72.7948013, 0.0 ], [ 19.142792, 72.7947437, 0.0 ], [ 19.142796, 72.7946172, 0.0 ], [ 19.1427963, 72.7946105, 0.0 ], [ 19.1429411, 72.794546, 0.0 ], [ 19.1429604, 72.7945373, 0.0 ], [ 19.1429766, 72.7945301, 0.0 ], [ 19.1429812, 72.7945281, 0.0 ], [ 19.1431297, 72.7943023, 0.0 ], [ 19.143287, 72.7940672, 0.0 ], [ 19.1432949, 72.7940552, 0.0 ], [ 19.1433588, 72.7939736, 0.0 ], [ 19.1433756, 72.7939523, 0.0 ], [ 19.1433973, 72.7939428, 0.0 ], [ 19.1434053, 72.7939394, 0.0 ], [ 19.1434181, 72.7939338, 0.0 ], [ 19.1434599, 72.7939156, 0.0 ], [ 19.1434931, 72.7938902, 0.0 ], [ 19.1435063, 72.7938801, 0.0 ], [ 19.1435418, 72.7938495, 0.0 ], [ 19.1436691, 72.7937397, 0.0 ], [ 19.1436806, 72.7937298, 0.0 ], [ 19.1436845, 72.7937265, 0.0 ], [ 19.143733, 72.793688, 0.0 ], [ 19.143783, 72.7936484, 0.0 ], [ 19.1438647, 72.7935301, 0.0 ], [ 19.1441554, 72.7930882, 0.0 ], [ 19.1442212, 72.7929601, 0.0 ], [ 19.1442233, 72.792955, 0.0 ], [ 19.1445362, 72.7922603, 0.0 ], [ 19.1445646, 72.7921972, 0.0 ], [ 19.1445667, 72.7921905, 0.0 ], [ 19.1446329, 72.7920205, 0.0 ], [ 19.1446664, 72.7919344, 0.0 ], [ 19.1447126, 72.7918159, 0.0 ], [ 19.1447316, 72.7917763, 0.0 ], [ 19.1447359, 72.7917687, 0.0 ], [ 19.14478, 72.791667, 0.0 ], [ 19.1447842, 72.7916558, 0.0 ], [ 19.1448283, 72.791568, 0.0 ], [ 19.1448403, 72.791544, 0.0 ], [ 19.1448625, 72.7914999, 0.0 ], [ 19.1448835, 72.7914478, 0.0 ], [ 19.1448838, 72.791447, 0.0 ], [ 19.1448922, 72.7913386, 0.0 ], [ 19.1448992, 72.7912823, 0.0 ], [ 19.1449012, 72.7912665, 0.0 ], [ 19.1449016, 72.7912629, 0.0 ], [ 19.1449186, 72.7910413, 0.0 ], [ 19.1449231, 72.7909822, 0.0 ], [ 19.1449286, 72.7909225, 0.0 ], [ 19.1449353, 72.7908503, 0.0 ], [ 19.1449359, 72.7908434, 0.0 ], [ 19.1449388, 72.7908117, 0.0 ], [ 19.1449432, 72.7907642, 0.0 ], [ 19.1449468, 72.7907255, 0.0 ], [ 19.1449581, 72.790621, 0.0 ], [ 19.1449735, 72.7904792, 0.0 ], [ 19.1449911, 72.7903002, 0.0 ], [ 19.1449844, 72.7901889, 0.0 ], [ 19.1449844, 72.7901888, 0.0 ], [ 19.1449843, 72.7901875, 0.0 ], [ 19.1449826, 72.790165, 0.0 ], [ 19.1449673, 72.7901212, 0.0 ], [ 19.144942, 72.7900489, 0.0 ], [ 19.1449181, 72.7899813, 0.0 ], [ 19.1448811, 72.789877, 0.0 ], [ 19.1448407, 72.7897543, 0.0 ], [ 19.1448365, 72.7897418, 0.0 ], [ 19.1448036, 72.7896417, 0.0 ], [ 19.144764, 72.7895102, 0.0 ], [ 19.1447517, 72.7894694, 0.0 ], [ 19.1447252, 72.7893927, 0.0 ], [ 19.1447088, 72.7893557, 0.0 ], [ 19.1446902, 72.7893135, 0.0 ], [ 19.1446892, 72.7893113, 0.0 ], [ 19.1446601, 72.788647, 0.0 ], [ 19.1448883, 72.7888371, 0.0 ], [ 19.1455678, 72.788984, 0.0 ], [ 19.1461192, 72.7890509, 0.0 ], [ 19.1471157, 72.7891417, 0.0 ], [ 19.1478923, 72.7891462, 0.0 ], [ 19.1486856, 72.7890646, 0.0 ], [ 19.1497509, 72.7887277, 0.0 ], [ 19.1504675, 72.7884359, 0.0 ], [ 19.1508465, 72.7882525, 0.0 ], [ 19.1511763, 72.7880847, 0.0 ], [ 19.1514983, 72.7878576, 0.0 ], [ 19.1520097, 72.7875313, 0.0 ], [ 19.1524779, 72.7871388, 0.0 ], [ 19.1530086, 72.7866489, 0.0 ], [ 19.1533704, 72.7862132, 0.0 ], [ 19.1537174, 72.7857183, 0.0 ], [ 19.1540009, 72.7852242, 0.0 ], [ 19.1541531, 72.7849696, 0.0 ], [ 19.1542693, 72.7846561, 0.0 ], [ 19.1543942, 72.7844761, 0.0 ], [ 19.1545629, 72.7844144, 0.0 ], [ 19.1547881, 72.784352, 0.0 ], [ 19.154901, 72.7843505, 0.0 ], [ 19.1551615, 72.784342, 0.0 ], [ 19.155162, 72.7843412, 0.0 ], [ 19.1552313, 72.7843362, 0.0 ], [ 19.1555219, 72.7843152, 0.0 ], [ 19.1561946, 72.7842666, 0.0 ], [ 19.1564943, 72.7841732, 0.0 ], [ 19.1569305, 72.7840485, 0.0 ], [ 19.1570637, 72.7839725, 0.0 ], [ 19.1571757, 72.7838967, 0.0 ], [ 19.1573649, 72.7837753, 0.0 ], [ 19.1574833, 72.78364, 0.0 ], [ 19.1576629, 72.7833182, 0.0 ], [ 19.1577994, 72.7829301, 0.0 ], [ 19.1579443, 72.7826533, 0.0 ], [ 19.1579277, 72.7824455, 0.0 ], [ 19.15791, 72.7821486, 0.0 ], [ 19.1579, 72.7819036, 0.0 ], [ 19.1578977, 72.7817179, 0.0 ], [ 19.1580311, 72.7816567, 0.0 ], [ 19.1581516, 72.7816922, 0.0 ], [ 19.15828, 72.7818019, 0.0 ], [ 19.1585291, 72.7819769, 0.0 ], [ 19.1587855, 72.7821591, 0.0 ], [ 19.1590064, 72.7823345, 0.0 ], [ 19.1591508, 72.7825925, 0.0 ], [ 19.1592954, 72.7828803, 0.0 ], [ 19.159418, 72.7830941, 0.0 ], [ 19.1594912, 72.7833086, 0.0 ], [ 19.1594788, 72.7835643, 0.0 ], [ 19.159796, 72.7837963, 0.0 ], [ 19.1606721, 72.7837485, 0.0 ], [ 19.1608773, 72.7836859, 0.0 ], [ 19.1612736, 72.7835968, 0.0 ], [ 19.1614635, 72.7835348, 0.0 ], [ 19.1618983, 72.7832987, 0.0 ], [ 19.1620806, 72.7831922, 0.0 ], [ 19.1624511, 72.7828901, 0.0 ], [ 19.1628765, 72.782461, 0.0 ], [ 19.1631483, 72.7821676, 0.0 ], [ 19.1634836, 72.7816804, 0.0 ], [ 19.1635656, 72.7816148, 0.0 ], [ 19.1638239, 72.7814083, 0.0 ], [ 19.1640692, 72.7812638, 0.0 ], [ 19.1643223, 72.7811713, 0.0 ], [ 19.1645613, 72.7810938, 0.0 ], [ 19.1647941, 72.7810759, 0.0 ], [ 19.1650275, 72.7811099, 0.0 ], [ 19.1652041, 72.7811224, 0.0 ], [ 19.1653866, 72.7812634, 0.0 ], [ 19.1658355, 72.7814545, 0.0 ], [ 19.1661453, 72.7814865, 0.0 ], [ 19.166525, 72.781608, 0.0 ], [ 19.166766, 72.781641, 0.0 ], [ 19.1670242, 72.7816737, 0.0 ], [ 19.1671296, 72.7818532, 0.0 ], [ 19.1670658, 72.7822701, 0.0 ], [ 19.1670186, 72.7826325, 0.0 ], [ 19.1670276, 72.7833741, 0.0 ], [ 19.1670659, 72.7836992, 0.0 ], [ 19.1669837, 72.7840078, 0.0 ], [ 19.1666615, 72.7843739, 0.0 ], [ 19.1664916, 72.7845389, 0.0 ], [ 19.1663921, 72.7845999, 0.0 ], [ 19.1663214, 72.784886, 0.0 ], [ 19.1663987, 72.7852956, 0.0 ], [ 19.1665438, 72.7861288, 0.0 ], [ 19.1676908, 72.787361, 0.0 ], [ 19.1684054, 72.7876888, 0.0 ], [ 19.1687714, 72.7881036, 0.0 ], [ 19.1693004, 72.7883668, 0.0 ], [ 19.1698414, 72.7886445, 0.0 ], [ 19.1698543, 72.7886652, 0.0 ], [ 19.1699607, 72.7888319, 0.0 ], [ 19.1699813, 72.7888643, 0.0 ], [ 19.1700613, 72.7889897, 0.0 ], [ 19.1705745, 72.7897966, 0.0 ], [ 19.1707809, 72.7901434, 0.0 ], [ 19.1708748, 72.7903004, 0.0 ], [ 19.1710107, 72.7905182, 0.0 ], [ 19.1710543, 72.7907316, 0.0 ], [ 19.1711177, 72.7910692, 0.0 ], [ 19.1712086, 72.7915569, 0.0 ], [ 19.1712956, 72.791979, 0.0 ], [ 19.1713955, 72.7924971, 0.0 ], [ 19.1713991, 72.7925158, 0.0 ], [ 19.1714021, 72.7925442, 0.0 ], [ 19.1718536, 72.7931574, 0.0 ], [ 19.1722296, 72.7932684, 0.0 ], [ 19.1728708, 72.7934454, 0.0 ], [ 19.1734897, 72.7935995, 0.0 ], [ 19.1742233, 72.7941231, 0.0 ], [ 19.1780293, 72.7954177, 0.0 ], [ 19.1790703, 72.7958445, 0.0 ], [ 19.1800205, 72.7960638, 0.0 ], [ 19.1817381, 72.7959481, 0.0 ], [ 19.1833003, 72.7957418, 0.0 ], [ 19.1848904, 72.7960222, 0.0 ], [ 19.1868322, 72.7962283, 0.0 ], [ 19.1875373, 72.7962189, 0.0 ], [ 19.1885927, 72.7960193, 0.0 ], [ 19.1899965, 72.7954671, 0.0 ], [ 19.1907228, 72.7953878, 0.0 ], [ 19.1914084, 72.7955875, 0.0 ], [ 19.1924044, 72.7959453, 0.0 ], [ 19.1931131, 72.7962374, 0.0 ], [ 19.1936238, 72.7965554, 0.0 ], [ 19.1942185, 72.7965242, 0.0 ], [ 19.1948801, 72.7965618, 0.0 ], [ 19.195716, 72.7964347, 0.0 ], [ 19.1961663, 72.7964045, 0.0 ], [ 19.1959883, 72.7946635, 0.0 ], [ 19.1955869, 72.7929554, 0.0 ], [ 19.1953453, 72.7927374, 0.0 ], [ 19.1952516, 72.7925195, 0.0 ], [ 19.1951071, 72.7924119, 0.0 ], [ 19.1949437, 72.7923456, 0.0 ], [ 19.1946889, 72.7922599, 0.0 ], [ 19.1945782, 72.7922546, 0.0 ], [ 19.1944273, 72.792147, 0.0 ], [ 19.1942951, 72.7919776, 0.0 ], [ 19.1941635, 72.7918492, 0.0 ], [ 19.1939994, 72.791735, 0.0 ], [ 19.1938943, 72.7916474, 0.0 ], [ 19.1937106, 72.7915197, 0.0 ], [ 19.1935125, 72.7912827, 0.0 ], [ 19.1933657, 72.7909765, 0.0 ], [ 19.1932587, 72.7907314, 0.0 ], [ 19.193178, 72.7905133, 0.0 ], [ 19.1931362, 72.7902879, 0.0 ], [ 19.1931211, 72.7901169, 0.0 ], [ 19.1931101, 72.7897404, 0.0 ], [ 19.1931067, 72.7894597, 0.0 ], [ 19.1934416, 72.7886335, 0.0 ], [ 19.1936082, 72.7884258, 0.0 ], [ 19.1937367, 72.7882872, 0.0 ], [ 19.1938645, 72.7881005, 0.0 ], [ 19.1939716, 72.7878047, 0.0 ], [ 19.194002, 72.7876262, 0.0 ], [ 19.1939987, 72.7873592, 0.0 ], [ 19.1939718, 72.7872842, 0.0 ], [ 19.1938515, 72.7870188, 0.0 ], [ 19.1938478, 72.7867175, 0.0 ], [ 19.1938268, 72.7865877, 0.0 ], [ 19.1937411, 72.7864998, 0.0 ], [ 19.1935997, 72.7861045, 0.0 ], [ 19.1936233, 72.7859056, 0.0 ], [ 19.1936679, 72.7858228, 0.0 ], [ 19.1936856, 72.7856719, 0.0 ], [ 19.1936852, 72.7856377, 0.0 ], [ 19.1936706, 72.7855078, 0.0 ], [ 19.1935181, 72.7852702, 0.0 ], [ 19.1934044, 72.7850183, 0.0 ], [ 19.1932972, 72.7847595, 0.0 ], [ 19.1932815, 72.7845338, 0.0 ], [ 19.1932385, 72.7842125, 0.0 ], [ 19.1932352, 72.7839386, 0.0 ], [ 19.1933367, 72.7837181, 0.0 ], [ 19.1935035, 72.7835241, 0.0 ], [ 19.1937027, 72.7833229, 0.0 ], [ 19.1938173, 72.7831159, 0.0 ], [ 19.1937791, 72.7826439, 0.0 ], [ 19.1938666, 72.7823483, 0.0 ], [ 19.1939756, 72.7822167, 0.0 ], [ 19.1940921, 72.7821604, 0.0 ], [ 19.1942859, 72.7820482, 0.0 ], [ 19.1944382, 72.781823, 0.0 ], [ 19.1944483, 72.7817572, 0.0 ], [ 19.1945455, 72.7816687, 0.0 ], [ 19.1945474, 72.7816679, 0.0 ], [ 19.1947663, 72.7815735, 0.0 ], [ 19.1950321, 72.7815755, 0.0 ], [ 19.1950412, 72.7815788, 0.0 ], [ 19.1952636, 72.7816596, 0.0 ], [ 19.1967666, 72.7822056, 0.0 ], [ 19.1973365, 72.7824127, 0.0 ], [ 19.1981106, 72.7824322, 0.0 ], [ 19.198568, 72.7824261, 0.0 ], [ 19.1989034, 72.7824216, 0.0 ], [ 19.1992392, 72.7824492, 0.0 ], [ 19.199688, 72.7825716, 0.0 ], [ 19.1998923, 72.7826545, 0.0 ], [ 19.2003048, 72.7828619, 0.0 ], [ 19.200514, 72.78313, 0.0 ], [ 19.2007222, 72.7833258, 0.0 ], [ 19.2007603, 72.7836324, 0.0 ], [ 19.200784, 72.7841739, 0.0 ], [ 19.2007723, 72.7846255, 0.0 ], [ 19.200751, 72.7849635, 0.0 ], [ 19.2007766, 72.7849867, 0.0 ], [ 19.2014683, 72.7854289, 0.0 ], [ 19.202004, 72.7857468, 0.0 ], [ 19.2022788, 72.7857612, 0.0 ], [ 19.2028803, 72.7858435, 0.0 ], [ 19.203788, 72.7857049, 0.0 ], [ 19.2044538, 72.7854251, 0.0 ], [ 19.2050668, 72.7850376, 0.0 ], [ 19.2055584, 72.7845434, 0.0 ], [ 19.2057953, 72.7842693, 0.0 ], [ 19.2062181, 72.7837579, 0.0 ], [ 19.2067041, 72.7823426, 0.0 ], [ 19.206706, 72.78232, 0.0 ], [ 19.2067061, 72.7823194, 0.0 ], [ 19.2067663, 72.7820297, 0.0 ], [ 19.2067802, 72.781704, 0.0 ], [ 19.2066148, 72.781216, 0.0 ], [ 19.2064479, 72.7808652, 0.0 ], [ 19.2063336, 72.7806634, 0.0 ], [ 19.2061794, 72.7805157, 0.0 ], [ 19.2061566, 72.7803126, 0.0 ], [ 19.2064181, 72.7800844, 0.0 ], [ 19.2066724, 72.7800917, 0.0 ], [ 19.2070793, 72.7801184, 0.0 ], [ 19.207517, 72.780166, 0.0 ], [ 19.2079144, 72.7802462, 0.0 ], [ 19.2083115, 72.7802944, 0.0 ], [ 19.2086779, 72.7803323, 0.0 ], [ 19.2090149, 72.7804562, 0.0 ], [ 19.2094115, 72.7804723, 0.0 ], [ 19.2096049, 72.7804911, 0.0 ], [ 19.2097982, 72.7804992, 0.0 ], [ 19.2102338, 72.7803756, 0.0 ], [ 19.2105803, 72.7804459, 0.0 ], [ 19.2109195, 72.7807517, 0.0 ], [ 19.2112989, 72.7810248, 0.0 ], [ 19.2115843, 72.7810852, 0.0 ], [ 19.2119525, 72.7812728, 0.0 ], [ 19.2122887, 72.7813325, 0.0 ], [ 19.2126765, 72.7814557, 0.0 ], [ 19.2134698, 72.7814879, 0.0 ], [ 19.2139482, 72.781535, 0.0 ], [ 19.214497, 72.7815276, 0.0 ], [ 19.2149646, 72.7815213, 0.0 ], [ 19.215269, 72.7814744, 0.0 ], [ 19.2157753, 72.7813071, 0.0 ], [ 19.2162608, 72.781108, 0.0 ], [ 19.2170203, 72.7808624, 0.0 ], [ 19.2172534, 72.7808057, 0.0 ], [ 19.2175362, 72.7806521, 0.0 ], [ 19.2177276, 72.7805104, 0.0 ], [ 19.2179283, 72.7802937, 0.0 ], [ 19.2181397, 72.7806115, 0.0 ], [ 19.2181407, 72.7806125, 0.0 ], [ 19.218161, 72.7806335, 0.0 ], [ 19.2181632, 72.7806358, 0.0 ], [ 19.2182013, 72.7806751, 0.0 ], [ 19.2182925, 72.7807881, 0.0 ], [ 19.2183751, 72.7808904, 0.0 ], [ 19.2184695, 72.7810411, 0.0 ], [ 19.2185048, 72.7810385, 0.0 ], [ 19.2185306, 72.7810365, 0.0 ], [ 19.2185793, 72.7810117, 0.0 ], [ 19.2185683, 72.7809721, 0.0 ], [ 19.2185738, 72.7809154, 0.0 ], [ 19.2186169, 72.7808852, 0.0 ], [ 19.2186988, 72.7808522, 0.0 ], [ 19.2187021, 72.7808509, 0.0 ], [ 19.2186669, 72.7807696, 0.0 ], [ 19.2188629, 72.7805414, 0.0 ], [ 19.2188861, 72.7805022, 0.0 ], [ 19.2189204, 72.7804443, 0.0 ], [ 19.2190098, 72.7802932, 0.0 ], [ 19.2190864, 72.7802304, 0.0 ], [ 19.2191961, 72.7802026, 0.0 ], [ 19.2194792, 72.7801475, 0.0 ], [ 19.2195101, 72.7801415, 0.0 ], [ 19.2195176, 72.78014, 0.0 ], [ 19.2195336, 72.7801369, 0.0 ], [ 19.2196702, 72.7801104, 0.0 ], [ 19.2197721, 72.780169, 0.0 ], [ 19.2198527, 72.7802152, 0.0 ], [ 19.2198526, 72.780217, 0.0 ], [ 19.2198525, 72.7802624, 0.0 ], [ 19.2198517, 72.7806249, 0.0 ], [ 19.2198517, 72.7806252, 0.0 ], [ 19.2198515, 72.7807119, 0.0 ], [ 19.2198514, 72.7807994, 0.0 ], [ 19.2199578, 72.7808104, 0.0 ], [ 19.2201486, 72.7808691, 0.0 ], [ 19.2201671, 72.7810896, 0.0 ], [ 19.2201719, 72.7811464, 0.0 ], [ 19.2201577, 72.7812273, 0.0 ], [ 19.2201736, 72.7813086, 0.0 ], [ 19.2201986, 72.7814356, 0.0 ], [ 19.2201986, 72.7814359, 0.0 ], [ 19.2201988, 72.7814358, 0.0 ], [ 19.2202804, 72.7814268, 0.0 ], [ 19.2202807, 72.7814267, 0.0 ], [ 19.2208409, 72.7813397, 0.0 ], [ 19.2214121, 72.7812521, 0.0 ], [ 19.2215019, 72.7812383, 0.0 ], [ 19.2215727, 72.7812275, 0.0 ], [ 19.2219612, 72.781162, 0.0 ], [ 19.222096, 72.7811372, 0.0 ], [ 19.2224426, 72.7810736, 0.0 ], [ 19.2224845, 72.7810659, 0.0 ], [ 19.2224848, 72.7810657, 0.0 ], [ 19.2225008, 72.7810541, 0.0 ], [ 19.2225757, 72.7809999, 0.0 ], [ 19.2227506, 72.7810104, 0.0 ], [ 19.222814, 72.7810097, 0.0 ], [ 19.2228733, 72.7810485, 0.0 ], [ 19.2228915, 72.7810604, 0.0 ], [ 19.2229415, 72.7811621, 0.0 ], [ 19.2233068, 72.7819055, 0.0 ], [ 19.2235796, 72.7820141, 0.0 ], [ 19.2237954, 72.7821, 0.0 ], [ 19.2238108, 72.7821086, 0.0 ], [ 19.223977, 72.7821142, 0.0 ], [ 19.2240942, 72.7821102, 0.0 ], [ 19.2241232, 72.7821469, 0.0 ], [ 19.2242372, 72.7821747, 0.0 ], [ 19.2242823, 72.7822367, 0.0 ], [ 19.2242859, 72.7823862, 0.0 ], [ 19.224281, 72.7824948, 0.0 ], [ 19.2242708, 72.7825385, 0.0 ], [ 19.2243149, 72.7826377, 0.0 ], [ 19.2243759, 72.7826773, 0.0 ], [ 19.2244218, 72.7827072, 0.0 ], [ 19.2244583, 72.7827309, 0.0 ], [ 19.2245222, 72.7827833, 0.0 ], [ 19.2245272, 72.7827874, 0.0 ], [ 19.2245672, 72.7828202, 0.0 ], [ 19.2245674, 72.7828203, 0.0 ], [ 19.2245723, 72.7828243, 0.0 ], [ 19.2246402, 72.78288, 0.0 ], [ 19.2246476, 72.7828861, 0.0 ], [ 19.2246682, 72.7829362, 0.0 ], [ 19.2246704, 72.7829415, 0.0 ], [ 19.2246704, 72.782942, 0.0 ], [ 19.2246757, 72.78305, 0.0 ], [ 19.2246783, 72.7831054, 0.0 ], [ 19.2246827, 72.7831957, 0.0 ], [ 19.2247156, 72.7832002, 0.0 ], [ 19.2247391, 72.7834901, 0.0 ], [ 19.2248477, 72.7838537, 0.0 ], [ 19.2248512, 72.7838653, 0.0 ], [ 19.2248643, 72.7839092, 0.0 ], [ 19.2249678, 72.7843136, 0.0 ], [ 19.2250444, 72.7849897, 0.0 ], [ 19.2250987, 72.786128, 0.0 ], [ 19.2251138, 72.7864445, 0.0 ], [ 19.2251418, 72.7879605, 0.0 ], [ 19.2253458, 72.7906166, 0.0 ], [ 19.2253486, 72.7906523, 0.0 ], [ 19.2253504, 72.7906767, 0.0 ], [ 19.2254749, 72.7923173, 0.0 ], [ 19.2255692, 72.7944109, 0.0 ], [ 19.2256103, 72.7948256, 0.0 ], [ 19.2256103, 72.794826, 0.0 ], [ 19.2256094, 72.7948266, 0.0 ], [ 19.2253013, 72.7949988, 0.0 ], [ 19.2251534, 72.7950812, 0.0 ], [ 19.2250607, 72.7951332, 0.0 ], [ 19.2249758, 72.7951818, 0.0 ], [ 19.2248803, 72.7952365, 0.0 ], [ 19.2245078, 72.7959617, 0.0 ], [ 19.2243715, 72.7962886, 0.0 ], [ 19.2243866, 72.7966196, 0.0 ], [ 19.2243972, 72.7968497, 0.0 ], [ 19.2244262, 72.797529, 0.0 ], [ 19.224463, 72.7983928, 0.0 ], [ 19.2235581, 72.8005561, 0.0 ], [ 19.2230532, 72.8023237, 0.0 ], [ 19.2229462, 72.8026985, 0.0 ], [ 19.2227153, 72.8040735, 0.0 ], [ 19.2223591, 72.804615, 0.0 ], [ 19.2220847, 72.8050322, 0.0 ], [ 19.2214613, 72.8060037, 0.0 ], [ 19.2214075, 72.8060876, 0.0 ], [ 19.2213961, 72.8061053, 0.0 ], [ 19.221082, 72.8065949, 0.0 ], [ 19.2204098, 72.8069796, 0.0 ], [ 19.2203892, 72.8069914, 0.0 ], [ 19.2196701, 72.8071823, 0.0 ], [ 19.2193366, 72.8071737, 0.0 ], [ 19.2189738, 72.8069986, 0.0 ], [ 19.2174647, 72.8062706, 0.0 ], [ 19.2173228, 72.8061418, 0.0 ], [ 19.2172307, 72.8060582, 0.0 ], [ 19.2172022, 72.8060323, 0.0 ], [ 19.2171181, 72.8052509, 0.0 ], [ 19.217017, 72.8045527, 0.0 ], [ 19.2167768, 72.8043962, 0.0 ], [ 19.2163125, 72.8042063, 0.0 ], [ 19.2159422, 72.8041474, 0.0 ], [ 19.2158026, 72.8041252, 0.0 ], [ 19.2145298, 72.8037362, 0.0 ], [ 19.2144523, 72.8037125, 0.0 ], [ 19.2144203, 72.8037027, 0.0 ], [ 19.214144, 72.803608, 0.0 ], [ 19.2135017, 72.8033878, 0.0 ], [ 19.2130477, 72.8042403, 0.0 ], [ 19.2126937, 72.8055435, 0.0 ], [ 19.2124153, 72.8061203, 0.0 ], [ 19.2123962, 72.8061599, 0.0 ], [ 19.2123732, 72.8062075, 0.0 ], [ 19.2119408, 72.8079199, 0.0 ], [ 19.2119429, 72.8079215, 0.0 ], [ 19.211943, 72.8079215, 0.0 ], [ 19.2119398, 72.8079239, 0.0 ], [ 19.2117596, 72.8080575, 0.0 ], [ 19.2115606, 72.8082051, 0.0 ], [ 19.211457, 72.8082819, 0.0 ], [ 19.2114006, 72.8083238, 0.0 ], [ 19.2113543, 72.8083581, 0.0 ], [ 19.2111162, 72.8085807, 0.0 ], [ 19.2109833, 72.8087049, 0.0 ], [ 19.2108462, 72.8088332, 0.0 ], [ 19.2107985, 72.8088778, 0.0 ], [ 19.2107901, 72.8088856, 0.0 ], [ 19.21079, 72.8088857, 0.0 ], [ 19.2107693, 72.8089051, 0.0 ], [ 19.2101293, 72.8087225, 0.0 ], [ 19.2099801, 72.8086799, 0.0 ], [ 19.2099287, 72.8086652, 0.0 ], [ 19.2096938, 72.8085982, 0.0 ], [ 19.2089487, 72.8091591, 0.0 ], [ 19.2086499, 72.8093853, 0.0 ], [ 19.2086192, 72.8094085, 0.0 ], [ 19.2086173, 72.8094102, 0.0 ], [ 19.2085582, 72.8094632, 0.0 ], [ 19.2085567, 72.8094646, 0.0 ], [ 19.2085487, 72.8094718, 0.0 ], [ 19.2084069, 72.8095989, 0.0 ], [ 19.2084082, 72.8096007, 0.0 ], [ 19.2087134, 72.8100172, 0.0 ], [ 19.208713, 72.8100189, 0.0 ], [ 19.2086669, 72.8101864, 0.0 ], [ 19.2085973, 72.8104395, 0.0 ], [ 19.2085243, 72.8104353, 0.0 ], [ 19.2084217, 72.8104295, 0.0 ], [ 19.2080641, 72.8103934, 0.0 ], [ 19.208059, 72.8103929, 0.0 ], [ 19.2082563, 72.8110629, 0.0 ], [ 19.2082579, 72.8110684, 0.0 ], [ 19.2079486, 72.8109065, 0.0 ], [ 19.2076013, 72.8110224, 0.0 ], [ 19.2074535, 72.8110718, 0.0 ], [ 19.2073049, 72.8110484, 0.0 ], [ 19.2065021, 72.8109226, 0.0 ], [ 19.2062401, 72.811408, 0.0 ], [ 19.2061625, 72.8115519, 0.0 ], [ 19.2060645, 72.8117335, 0.0 ], [ 19.2060327, 72.8118039, 0.0 ], [ 19.2058966, 72.8121059, 0.0 ], [ 19.2057751, 72.8123757, 0.0 ], [ 19.2056474, 72.8126489, 0.0 ], [ 19.2047979, 72.8143262, 0.0 ], [ 19.2047533, 72.8145286, 0.0 ], [ 19.2047163, 72.8146968, 0.0 ], [ 19.2046943, 72.8147971, 0.0 ], [ 19.2046395, 72.8150461, 0.0 ], [ 19.2044316, 72.8159878, 0.0 ], [ 19.2044315, 72.8159891, 0.0 ], [ 19.2044293, 72.8160174, 0.0 ], [ 19.2044096, 72.8162657, 0.0 ], [ 19.2044096, 72.8162665, 0.0 ], [ 19.2044095, 72.8162679, 0.0 ], [ 19.2044076, 72.8162966, 0.0 ], [ 19.2044051, 72.8163356, 0.0 ], [ 19.2044037, 72.8163564, 0.0 ], [ 19.2044033, 72.8163639, 0.0 ], [ 19.2043991, 72.8164276, 0.0 ], [ 19.2043981, 72.8164396, 0.0 ], [ 19.20439, 72.8165302, 0.0 ], [ 19.2043898, 72.8165324, 0.0 ], [ 19.2043762, 72.8166336, 0.0 ], [ 19.2043762, 72.8166342, 0.0 ], [ 19.2044325, 72.8172309, 0.0 ], [ 19.2044371, 72.8172806, 0.0 ], [ 19.2044377, 72.8172869, 0.0 ], [ 19.204443, 72.8173429, 0.0 ], [ 19.2044962, 72.8181277, 0.0 ], [ 19.204522, 72.8183383, 0.0 ], [ 19.204522, 72.8183387, 0.0 ], [ 19.204526, 72.8183621, 0.0 ], [ 19.2045272, 72.8183693, 0.0 ], [ 19.2045279, 72.8183732, 0.0 ], [ 19.2045363, 72.8184231, 0.0 ], [ 19.2045465, 72.8185371, 0.0 ], [ 19.204553, 72.8186103, 0.0 ], [ 19.2045545, 72.8186268, 0.0 ], [ 19.2045598, 72.818686, 0.0 ], [ 19.2045722, 72.81881, 0.0 ], [ 19.2045778, 72.8188652, 0.0 ], [ 19.204585, 72.8189372, 0.0 ], [ 19.2045935, 72.8190172, 0.0 ], [ 19.2045943, 72.8190249, 0.0 ], [ 19.204597, 72.8190504, 0.0 ], [ 19.2046004, 72.8190833, 0.0 ], [ 19.2046027, 72.8191058, 0.0 ], [ 19.2046044, 72.8191227, 0.0 ], [ 19.2046751, 72.8198754, 0.0 ], [ 19.2046995, 72.8201064, 0.0 ], [ 19.2047162, 72.820211, 0.0 ], [ 19.2047201, 72.8202352, 0.0 ], [ 19.2047332, 72.8203956, 0.0 ], [ 19.2047429, 72.8205304, 0.0 ], [ 19.2047622, 72.8207296, 0.0 ], [ 19.2047639, 72.8207478, 0.0 ], [ 19.2047801, 72.8209151, 0.0 ], [ 19.2048123, 72.8212485, 0.0 ], [ 19.2048287, 72.8214184, 0.0 ], [ 19.2048288, 72.8214218, 0.0 ], [ 19.2048428, 72.8215952, 0.0 ], [ 19.2048444, 72.8216022, 0.0 ], [ 19.2048676, 72.8218316, 0.0 ], [ 19.204903, 72.8221324, 0.0 ], [ 19.2049856, 72.8228355, 0.0 ], [ 19.2048398, 72.8228909, 0.0 ], [ 19.2047815, 72.822913, 0.0 ], [ 19.2045336, 72.8230071, 0.0 ], [ 19.2045119, 72.8230154, 0.0 ], [ 19.2045118, 72.8230155, 0.0 ], [ 19.2039731, 72.8238196, 0.0 ], [ 19.2038106, 72.8240621, 0.0 ], [ 19.2034545, 72.8245937, 0.0 ], [ 19.203056, 72.8251943, 0.0 ], [ 19.2029342, 72.8253781, 0.0 ], [ 19.2025339, 72.8259816, 0.0 ], [ 19.2024055, 72.8261792, 0.0 ], [ 19.2020501, 72.8267262, 0.0 ], [ 19.2016136, 72.827398, 0.0 ], [ 19.2015942, 72.8274278, 0.0 ], [ 19.2015937, 72.8274282, 0.0 ], [ 19.2010365, 72.8278596, 0.0 ], [ 19.2010055, 72.8278836, 0.0 ], [ 19.2009041, 72.8279621, 0.0 ], [ 19.2009029, 72.827963, 0.0 ], [ 19.2008112, 72.8278736, 0.0 ], [ 19.2007794, 72.8278426, 0.0 ], [ 19.2007203, 72.8277841, 0.0 ], [ 19.2006975, 72.8277616, 0.0 ], [ 19.200697, 72.8277622, 0.0 ], [ 19.2006849, 72.8277748, 0.0 ], [ 19.2006734, 72.8277867, 0.0 ], [ 19.2006007, 72.8278441, 0.0 ], [ 19.2005988, 72.8278461, 0.0 ], [ 19.2004753, 72.8279672, 0.0 ], [ 19.2004541, 72.8279881, 0.0 ], [ 19.2004375, 72.8280044, 0.0 ], [ 19.2004373, 72.8280046, 0.0 ], [ 19.2004341, 72.8280089, 0.0 ], [ 19.2004264, 72.8280193, 0.0 ], [ 19.2004264, 72.8280194, 0.0 ], [ 19.2002754, 72.8281598, 0.0 ], [ 19.2002169, 72.8282162, 0.0 ], [ 19.2001344, 72.8282959, 0.0 ], [ 19.200074, 72.8283542, 0.0 ], [ 19.2000518, 72.8283756, 0.0 ], [ 19.2000518, 72.8283757, 0.0 ], [ 19.200032, 72.8283948, 0.0 ], [ 19.1999496, 72.8284312, 0.0 ], [ 19.1998904, 72.8284572, 0.0 ], [ 19.1998631, 72.8284693, 0.0 ], [ 19.1998629, 72.8284694, 0.0 ], [ 19.1998506, 72.8284748, 0.0 ], [ 19.1997594, 72.8285151, 0.0 ], [ 19.1997417, 72.8285229, 0.0 ], [ 19.1997351, 72.8285258, 0.0 ], [ 19.1996786, 72.8285508, 0.0 ], [ 19.1996206, 72.8285764, 0.0 ], [ 19.1995512, 72.8286736, 0.0 ], [ 19.1995361, 72.8286949, 0.0 ], [ 19.1994001, 72.8288854, 0.0 ], [ 19.1993205, 72.8289968, 0.0 ], [ 19.1993163, 72.8290211, 0.0 ], [ 19.199313, 72.8290395, 0.0 ], [ 19.1992584, 72.8293492, 0.0 ], [ 19.1992517, 72.8293873, 0.0 ], [ 19.1992491, 72.8293878, 0.0 ], [ 19.199245, 72.8293886, 0.0 ], [ 19.1992404, 72.8293895, 0.0 ], [ 19.1991386, 72.8294092, 0.0 ], [ 19.1991139, 72.829414, 0.0 ], [ 19.1991077, 72.8294151, 0.0 ], [ 19.1989521, 72.829444, 0.0 ], [ 19.1982893, 72.8292636, 0.0 ], [ 19.1981626, 72.8292291, 0.0 ], [ 19.1981115, 72.8292157, 0.0 ], [ 19.1977048, 72.8291096, 0.0 ], [ 19.1974663, 72.8293684, 0.0 ], [ 19.1971005, 72.829776, 0.0 ], [ 19.1967216, 72.8301699, 0.0 ], [ 19.1962642, 72.8306524, 0.0 ], [ 19.196587, 72.8307867, 0.0 ], [ 19.1969368, 72.8309967, 0.0 ], [ 19.1970444, 72.8310613, 0.0 ], [ 19.1971819, 72.8311439, 0.0 ], [ 19.1971861, 72.831145, 0.0 ], [ 19.1972464, 72.8311837, 0.0 ], [ 19.1975931, 72.8314134, 0.0 ], [ 19.1976227, 72.8314331, 0.0 ], [ 19.1978965, 72.8316181, 0.0 ], [ 19.1980299, 72.8317268, 0.0 ], [ 19.1981442, 72.8318042, 0.0 ], [ 19.1982211, 72.8318596, 0.0 ], [ 19.1983681, 72.8318124, 0.0 ], [ 19.1986027, 72.8317613, 0.0 ], [ 19.198913, 72.8316938, 0.0 ], [ 19.1989255, 72.831691, 0.0 ], [ 19.198961, 72.8317179, 0.0 ], [ 19.1990492, 72.8317847, 0.0 ], [ 19.1990844, 72.8318113, 0.0 ], [ 19.1991935, 72.8318939, 0.0 ], [ 19.1991943, 72.8318974, 0.0 ], [ 19.1992547, 72.8319427, 0.0 ], [ 19.1992773, 72.8319597, 0.0 ], [ 19.1993639, 72.8320248, 0.0 ], [ 19.1994113, 72.8321536, 0.0 ], [ 19.199464, 72.8322968, 0.0 ], [ 19.199517, 72.8324408, 0.0 ], [ 19.1995482, 72.8325258, 0.0 ], [ 19.1996156, 72.8327149, 0.0 ], [ 19.1996315, 72.8327596, 0.0 ], [ 19.1996529, 72.8328196, 0.0 ], [ 19.1996574, 72.8328322, 0.0 ], [ 19.199661, 72.8328424, 0.0 ], [ 19.1996693, 72.8328655, 0.0 ], [ 19.1996899, 72.8329234, 0.0 ], [ 19.1997043, 72.8329637, 0.0 ], [ 19.1997179, 72.8330019, 0.0 ], [ 19.1997478, 72.8330859, 0.0 ], [ 19.1997609, 72.8331227, 0.0 ], [ 19.1997629, 72.8331281, 0.0 ], [ 19.1997724, 72.8331565, 0.0 ], [ 19.1998084, 72.8332635, 0.0 ], [ 19.1998108, 72.8332707, 0.0 ], [ 19.1998302, 72.8333283, 0.0 ], [ 19.1998405, 72.833359, 0.0 ], [ 19.1998623, 72.8334238, 0.0 ], [ 19.1998897, 72.8335051, 0.0 ], [ 19.1999016, 72.8335313, 0.0 ], [ 19.1999052, 72.8335391, 0.0 ], [ 19.1999989, 72.8337444, 0.0 ], [ 19.2000064, 72.8337607, 0.0 ], [ 19.200045, 72.8338468, 0.0 ], [ 19.2000707, 72.8339041, 0.0 ], [ 19.2000899, 72.833947, 0.0 ], [ 19.2001272, 72.8340488, 0.0 ], [ 19.2001416, 72.8340871, 0.0 ], [ 19.200145, 72.834096, 0.0 ], [ 19.2001451, 72.8340964, 0.0 ], [ 19.2001879, 72.834212, 0.0 ], [ 19.2002222, 72.8343045, 0.0 ], [ 19.2002456, 72.8343674, 0.0 ], [ 19.2002482, 72.8343745, 0.0 ], [ 19.20026, 72.8344064, 0.0 ], [ 19.2003509, 72.8346516, 0.0 ], [ 19.2003653, 72.8346904, 0.0 ], [ 19.2003706, 72.8347047, 0.0 ], [ 19.2003732, 72.8347116, 0.0 ], [ 19.200548, 72.835088, 0.0 ], [ 19.2005733, 72.8351242, 0.0 ], [ 19.2006476, 72.8352304, 0.0 ], [ 19.2007659, 72.8353995, 0.0 ], [ 19.2009084, 72.8356033, 0.0 ], [ 19.2009346, 72.8357009, 0.0 ], [ 19.2009969, 72.8359335, 0.0 ], [ 19.2009542, 72.8360778, 0.0 ], [ 19.2009442, 72.8360943, 0.0 ], [ 19.2007855, 72.8363569, 0.0 ], [ 19.2007854, 72.8363572, 0.0 ], [ 19.2007653, 72.8364756, 0.0 ], [ 19.2007581, 72.8365183, 0.0 ], [ 19.2007288, 72.8366907, 0.0 ], [ 19.2007155, 72.8367689, 0.0 ], [ 19.2007128, 72.836785, 0.0 ], [ 19.2007068, 72.8368202, 0.0 ], [ 19.2007011, 72.836854, 0.0 ], [ 19.2006887, 72.8369266, 0.0 ], [ 19.2006837, 72.8369561, 0.0 ], [ 19.2006786, 72.8369864, 0.0 ], [ 19.2006722, 72.8369917, 0.0 ], [ 19.2006712, 72.8370198, 0.0 ], [ 19.2006609, 72.8373123, 0.0 ], [ 19.2006555, 72.8373934, 0.0 ], [ 19.2006515, 72.8374554, 0.0 ], [ 19.2006409, 72.8376148, 0.0 ], [ 19.2006572, 72.8377314, 0.0 ], [ 19.2006823, 72.8379117, 0.0 ], [ 19.2006757, 72.8379804, 0.0 ], [ 19.2006711, 72.8380274, 0.0 ], [ 19.2006646, 72.8380944, 0.0 ], [ 19.2005886, 72.8381978, 0.0 ], [ 19.2005284, 72.83845, 0.0 ], [ 19.2005072, 72.838666, 0.0 ], [ 19.2005029, 72.8387094, 0.0 ], [ 19.2005019, 72.8387393, 0.0 ], [ 19.2004977, 72.838861, 0.0 ], [ 19.2004933, 72.8389874, 0.0 ], [ 19.2004894, 72.8390021, 0.0 ], [ 19.2004777, 72.8390386, 0.0 ], [ 19.200473, 72.8390542, 0.0 ], [ 19.2004509, 72.8391222, 0.0 ], [ 19.2004454, 72.8391388, 0.0 ], [ 19.2004369, 72.8391683, 0.0 ], [ 19.2004301, 72.8391872, 0.0 ], [ 19.2004122, 72.839248, 0.0 ], [ 19.2004066, 72.8392724, 0.0 ], [ 19.2003942, 72.8393596, 0.0 ], [ 19.2003911, 72.8393707, 0.0 ], [ 19.200393, 72.8393893, 0.0 ], [ 19.200408, 72.8395163, 0.0 ], [ 19.2004273, 72.8397592, 0.0 ], [ 19.2003746, 72.8398718, 0.0 ], [ 19.2003664, 72.8398882, 0.0 ], [ 19.2003542, 72.8399123, 0.0 ], [ 19.2003493, 72.8399258, 0.0 ], [ 19.2003151, 72.8400203, 0.0 ], [ 19.2003082, 72.8400392, 0.0 ], [ 19.200283, 72.8401171, 0.0 ], [ 19.2002804, 72.8401252, 0.0 ], [ 19.2002127, 72.8404291, 0.0 ], [ 19.20021, 72.8404479, 0.0 ], [ 19.2002088, 72.8404965, 0.0 ], [ 19.2002071, 72.8405623, 0.0 ], [ 19.2001888, 72.8405983, 0.0 ], [ 19.2001431, 72.8406882, 0.0 ], [ 19.2001339, 72.8407063, 0.0 ], [ 19.2001304, 72.8407133, 0.0 ], [ 19.2001235, 72.8407268, 0.0 ], [ 19.2000593, 72.8408101, 0.0 ], [ 19.200002, 72.8408885, 0.0 ], [ 19.1999931, 72.8409007, 0.0 ], [ 19.1999855, 72.8409133, 0.0 ], [ 19.1999569, 72.8409611, 0.0 ], [ 19.1999554, 72.8409636, 0.0 ], [ 19.1999553, 72.8409638, 0.0 ], [ 19.1999428, 72.8409915, 0.0 ], [ 19.1999263, 72.8410131, 0.0 ], [ 19.1998098, 72.8411658, 0.0 ], [ 19.199704, 72.8412702, 0.0 ], [ 19.1996488, 72.8416172, 0.0 ], [ 19.1996295, 72.8417435, 0.0 ], [ 19.1996138, 72.8419116, 0.0 ], [ 19.1995522, 72.8421647, 0.0 ], [ 19.1994703, 72.8424096, 0.0 ], [ 19.1993942, 72.842595, 0.0 ], [ 19.1990125, 72.8428884, 0.0 ], [ 19.1988784, 72.842988, 0.0 ], [ 19.1987232, 72.8431069, 0.0 ], [ 19.1986351, 72.8431707, 0.0 ], [ 19.1984562, 72.8432644, 0.0 ], [ 19.1983261, 72.843326, 0.0 ], [ 19.198294, 72.8433491, 0.0 ], [ 19.1982519, 72.8433675, 0.0 ], [ 19.1982185, 72.8433824, 0.0 ], [ 19.1980836, 72.8434517, 0.0 ], [ 19.1980177, 72.8434755, 0.0 ], [ 19.1979331, 72.8434876, 0.0 ], [ 19.1978248, 72.8435234, 0.0 ], [ 19.1977043, 72.8435911, 0.0 ], [ 19.1976698, 72.8436257, 0.0 ], [ 19.1975485, 72.843747, 0.0 ], [ 19.1975401, 72.8437524, 0.0 ], [ 19.1973237, 72.8438879, 0.0 ], [ 19.1972709, 72.8439295, 0.0 ], [ 19.197022, 72.8441287, 0.0 ], [ 19.1969866, 72.8441486, 0.0 ], [ 19.1967171, 72.8443041, 0.0 ], [ 19.1966968, 72.8443157, 0.0 ], [ 19.1965319, 72.8444158, 0.0 ], [ 19.1965197, 72.8444232, 0.0 ], [ 19.1963982, 72.844497, 0.0 ], [ 19.1963796, 72.8445074, 0.0 ], [ 19.196404, 72.8447469, 0.0 ], [ 19.1964408, 72.8450993, 0.0 ], [ 19.1963131, 72.8451177, 0.0 ], [ 19.1960983, 72.8451486, 0.0 ], [ 19.1958382, 72.8451802, 0.0 ], [ 19.1955112, 72.845221, 0.0 ], [ 19.1953791, 72.8452366, 0.0 ], [ 19.1953997, 72.8454129, 0.0 ], [ 19.1954271, 72.8457463, 0.0 ], [ 19.1954497, 72.8460012, 0.0 ], [ 19.1954763, 72.8462716, 0.0 ], [ 19.1954886, 72.8464341, 0.0 ], [ 19.1954856, 72.8465881, 0.0 ], [ 19.1954635, 72.8467289, 0.0 ], [ 19.1954085, 72.8469484, 0.0 ], [ 19.1953746, 72.8470848, 0.0 ], [ 19.1953499, 72.8471941, 0.0 ], [ 19.1949835, 72.8471585, 0.0 ], [ 19.1949767, 72.8472067, 0.0 ], [ 19.1949613, 72.8473073, 0.0 ], [ 19.1949191, 72.847529, 0.0 ], [ 19.1948874, 72.8478725, 0.0 ], [ 19.1948869, 72.8480473, 0.0 ], [ 19.194911, 72.848325, 0.0 ], [ 19.1949128, 72.8488255, 0.0 ], [ 19.1948952, 72.8490768, 0.0 ], [ 19.1948809, 72.8494654, 0.0 ], [ 19.1949107, 72.8495221, 0.0 ], [ 19.1948817, 72.8499413, 0.0 ], [ 19.194853, 72.8502561, 0.0 ], [ 19.1948529, 72.850256, 0.0 ], [ 19.1948315, 72.8505011, 0.0 ], [ 19.1948258, 72.8505383, 0.0 ], [ 19.1948236, 72.8505521, 0.0 ], [ 19.1948703, 72.8505617, 0.0 ], [ 19.1948704, 72.8505617, 0.0 ], [ 19.1948704, 72.8505617, 0.0 ], [ 19.1948717, 72.850562, 0.0 ], [ 19.1950014, 72.8505916, 0.0 ], [ 19.1950189, 72.8505956, 0.0 ], [ 19.1951662, 72.8506293, 0.0 ], [ 19.195324, 72.8506653, 0.0 ], [ 19.195412, 72.8506854, 0.0 ], [ 19.1956041, 72.8507112, 0.0 ], [ 19.1960106, 72.8507391, 0.0 ], [ 19.1963907, 72.8507671, 0.0 ], [ 19.1969647, 72.8508228, 0.0 ], [ 19.1973914, 72.8508593, 0.0 ], [ 19.1976947, 72.8509097, 0.0 ], [ 19.197882, 72.8509409, 0.0 ], [ 19.1978959, 72.8509432, 0.0 ], [ 19.1980914, 72.8509757, 0.0 ], [ 19.198232, 72.8509991, 0.0 ], [ 19.1983449, 72.8510247, 0.0 ], [ 19.1985459, 72.8510703, 0.0 ], [ 19.1987823, 72.8511254, 0.0 ], [ 19.1989308, 72.8511621, 0.0 ], [ 19.1989278, 72.851273, 0.0 ], [ 19.1989261, 72.8513381, 0.0 ], [ 19.1989236, 72.8513876, 0.0 ], [ 19.1989228, 72.8514023, 0.0 ], [ 19.1989202, 72.8514524, 0.0 ], [ 19.1989196, 72.8514659, 0.0 ], [ 19.1988448, 72.851524, 0.0 ], [ 19.1988422, 72.851526, 0.0 ], [ 19.1987961, 72.8515619, 0.0 ], [ 19.1987958, 72.8515621, 0.0 ], [ 19.1987972, 72.8515905, 0.0 ], [ 19.1987992, 72.8516303, 0.0 ], [ 19.1988229, 72.8521172, 0.0 ], [ 19.1988401, 72.8524717, 0.0 ], [ 19.198841, 72.8524908, 0.0 ], [ 19.1988495, 72.8526635, 0.0 ], [ 19.1988567, 72.8528121, 0.0 ], [ 19.1988614, 72.8529084, 0.0 ], [ 19.1988623, 72.8529271, 0.0 ], [ 19.198869, 72.8530647, 0.0 ], [ 19.1988871, 72.8534376, 0.0 ], [ 19.1988917, 72.8535306, 0.0 ], [ 19.1988977, 72.8536556, 0.0 ], [ 19.1988984, 72.8536696, 0.0 ], [ 19.198899, 72.8536815, 0.0 ], [ 19.1988988, 72.8536816, 0.0 ], [ 19.1988948, 72.8536835, 0.0 ], [ 19.1988594, 72.8536999, 0.0 ], [ 19.1988232, 72.853711, 0.0 ], [ 19.1988143, 72.8537138, 0.0 ], [ 19.1986552, 72.8537348, 0.0 ], [ 19.1985819, 72.8537445, 0.0 ], [ 19.1981266, 72.8538047, 0.0 ], [ 19.1981171, 72.853806, 0.0 ], [ 19.1977999, 72.853848, 0.0 ], [ 19.1976996, 72.8538612, 0.0 ], [ 19.1969852, 72.8539497, 0.0 ], [ 19.1969803, 72.8539487, 0.0 ], [ 19.1969456, 72.8539419, 0.0 ], [ 19.1964758, 72.8539976, 0.0 ], [ 19.196403, 72.8540062, 0.0 ], [ 19.195895, 72.8541067, 0.0 ], [ 19.1958414, 72.8540457, 0.0 ], [ 19.1957562, 72.8538841, 0.0 ], [ 19.1957383, 72.8538501, 0.0 ], [ 19.1957381, 72.8537106, 0.0 ], [ 19.1957381, 72.8537086, 0.0 ], [ 19.1957379, 72.8536001, 0.0 ], [ 19.1954575, 72.8536077, 0.0 ], [ 19.1952084, 72.8536144, 0.0 ], [ 19.1950369, 72.8536194, 0.0 ], [ 19.195023, 72.8536198, 0.0 ], [ 19.1948651, 72.8536243, 0.0 ], [ 19.1947566, 72.8536274, 0.0 ], [ 19.1942002, 72.8536435, 0.0 ], [ 19.193908, 72.8536519, 0.0 ], [ 19.1938936, 72.8536811, 0.0 ], [ 19.1938766, 72.8537153, 0.0 ], [ 19.1938732, 72.8537327, 0.0 ], [ 19.1938485, 72.8538564, 0.0 ], [ 19.1937962, 72.8541195, 0.0 ], [ 19.1937811, 72.8541955, 0.0 ], [ 19.1937811, 72.8541956, 0.0 ], [ 19.1937691, 72.8542561, 0.0 ], [ 19.1937657, 72.8542733, 0.0 ], [ 19.1937551, 72.8543266, 0.0 ], [ 19.1937186, 72.8545664, 0.0 ], [ 19.1936861, 72.8547805, 0.0 ], [ 19.193697, 72.8551021, 0.0 ], [ 19.1937723, 72.8552412, 0.0 ], [ 19.1937808, 72.8552569, 0.0 ], [ 19.1937917, 72.8552772, 0.0 ], [ 19.1937918, 72.8552773, 0.0 ], [ 19.1938668, 72.8554154, 0.0 ], [ 19.1938788, 72.8554376, 0.0 ], [ 19.1939179, 72.8554946, 0.0 ], [ 19.1939179, 72.8554946, 0.0 ], [ 19.1939192, 72.8554965, 0.0 ], [ 19.1939403, 72.855527, 0.0 ], [ 19.1939439, 72.8555424, 0.0 ], [ 19.1939487, 72.8555625, 0.0 ], [ 19.1939487, 72.8555626, 0.0 ], [ 19.1939487, 72.8555627, 0.0 ], [ 19.1939719, 72.8556591, 0.0 ], [ 19.1940088, 72.8557511, 0.0 ], [ 19.1940269, 72.8557819, 0.0 ], [ 19.1941745, 72.8560105, 0.0 ], [ 19.1941777, 72.8560155, 0.0 ], [ 19.1941778, 72.8560156, 0.0 ], [ 19.1942007, 72.8560509, 0.0 ], [ 19.1943443, 72.8562994, 0.0 ], [ 19.1943443, 72.8562997, 0.0 ], [ 19.1943444, 72.8562997, 0.0 ], [ 19.1943473, 72.8564271, 0.0 ], [ 19.1943474, 72.856428, 0.0 ], [ 19.1943474, 72.856429, 0.0 ], [ 19.1943524, 72.8566395, 0.0 ], [ 19.1943649, 72.8567273, 0.0 ], [ 19.1943661, 72.8567357, 0.0 ], [ 19.1943782, 72.8568199, 0.0 ], [ 19.1944305, 72.8571653, 0.0 ], [ 19.194433, 72.8572509, 0.0 ], [ 19.1944365, 72.8573738, 0.0 ], [ 19.1944365, 72.857374, 0.0 ], [ 19.194437, 72.8573912, 0.0 ], [ 19.1944385, 72.857441, 0.0 ], [ 19.1944977, 72.857626, 0.0 ], [ 19.1945724, 72.8578595, 0.0 ], [ 19.1946534, 72.8581683, 0.0 ], [ 19.1946334, 72.8581909, 0.0 ], [ 19.1946152, 72.858229, 0.0 ], [ 19.1945779, 72.8583077, 0.0 ], [ 19.1945755, 72.8583129, 0.0 ], [ 19.1945651, 72.8583383, 0.0 ], [ 19.1945645, 72.8583373, 0.0 ], [ 19.1944978, 72.8585073, 0.0 ], [ 19.1945343, 72.8587133, 0.0 ], [ 19.1945582, 72.8588409, 0.0 ], [ 19.1945589, 72.8588447, 0.0 ], [ 19.1945667, 72.858873, 0.0 ], [ 19.1945716, 72.8588907, 0.0 ], [ 19.19461, 72.8590295, 0.0 ], [ 19.1946159, 72.8590511, 0.0 ], [ 19.1946183, 72.8590597, 0.0 ], [ 19.1946344, 72.8590838, 0.0 ], [ 19.19464, 72.8590922, 0.0 ], [ 19.194645, 72.8591155, 0.0 ], [ 19.1946606, 72.8591877, 0.0 ], [ 19.1946692, 72.8592273, 0.0 ], [ 19.1946827, 72.8592666, 0.0 ], [ 19.1946834, 72.8592686, 0.0 ], [ 19.1946908, 72.8592903, 0.0 ], [ 19.1946998, 72.8593075, 0.0 ], [ 19.194711, 72.8593284, 0.0 ], [ 19.1947113, 72.8593364, 0.0 ], [ 19.1947159, 72.8593539, 0.0 ], [ 19.1947156, 72.8593884, 0.0 ], [ 19.1947155, 72.859393, 0.0 ], [ 19.194713, 72.8593966, 0.0 ], [ 19.1946758, 72.8594511, 0.0 ], [ 19.1946709, 72.8594582, 0.0 ], [ 19.1946611, 72.8594726, 0.0 ], [ 19.1946485, 72.8594911, 0.0 ], [ 19.1946427, 72.8594995, 0.0 ], [ 19.1946338, 72.8595127, 0.0 ], [ 19.1946245, 72.8595262, 0.0 ], [ 19.1946118, 72.8595449, 0.0 ], [ 19.1946274, 72.8596146, 0.0 ], [ 19.1946285, 72.8596197, 0.0 ], [ 19.1946583, 72.8597532, 0.0 ], [ 19.1947044, 72.8599234, 0.0 ], [ 19.1947246, 72.8600666, 0.0 ], [ 19.1946791, 72.8603467, 0.0 ], [ 19.1943364, 72.8601949, 0.0 ], [ 19.1940048, 72.8600561, 0.0 ], [ 19.1938989, 72.8600119, 0.0 ], [ 19.1935119, 72.8598105, 0.0 ], [ 19.1935112, 72.8598102, 0.0 ], [ 19.1934887, 72.8598016, 0.0 ], [ 19.1934103, 72.8598196, 0.0 ], [ 19.1933717, 72.8598425, 0.0 ], [ 19.193159, 72.8599689, 0.0 ], [ 19.1931162, 72.8600107, 0.0 ], [ 19.1930446, 72.8600807, 0.0 ], [ 19.1930072, 72.8601172, 0.0 ], [ 19.192989, 72.8601336, 0.0 ], [ 19.1928765, 72.8602203, 0.0 ], [ 19.1928342, 72.860263, 0.0 ], [ 19.1928065, 72.8602909, 0.0 ], [ 19.1927749, 72.8603276, 0.0 ], [ 19.1927672, 72.8603331, 0.0 ], [ 19.192721, 72.8603729, 0.0 ], [ 19.1926033, 72.8604745, 0.0 ], [ 19.1924962, 72.8605689, 0.0 ], [ 19.1924638, 72.860596, 0.0 ], [ 19.1924004, 72.8606491, 0.0 ], [ 19.1923392, 72.8607003, 0.0 ], [ 19.1923236, 72.8607133, 0.0 ], [ 19.1923209, 72.8607157, 0.0 ], [ 19.19231, 72.8607254, 0.0 ], [ 19.1922304, 72.8607964, 0.0 ], [ 19.1921179, 72.8608967, 0.0 ], [ 19.1920084, 72.8609921, 0.0 ], [ 19.1919464, 72.8610486, 0.0 ], [ 19.1919354, 72.8610586, 0.0 ], [ 19.1918983, 72.8610924, 0.0 ], [ 19.1918536, 72.8611347, 0.0 ], [ 19.1917629, 72.861218, 0.0 ], [ 19.1916923, 72.8612827, 0.0 ], [ 19.1916755, 72.8613081, 0.0 ], [ 19.191576, 72.8614581, 0.0 ], [ 19.1915731, 72.8614691, 0.0 ], [ 19.1915572, 72.8615297, 0.0 ], [ 19.1915339, 72.8616185, 0.0 ], [ 19.1915081, 72.8617167, 0.0 ], [ 19.1914707, 72.8618592, 0.0 ], [ 19.1914103, 72.8620892, 0.0 ], [ 19.1914106, 72.8621205, 0.0 ], [ 19.1914112, 72.8621899, 0.0 ], [ 19.1913742, 72.8623125, 0.0 ], [ 19.1913137, 72.8625131, 0.0 ], [ 19.1912974, 72.8626225, 0.0 ], [ 19.1912904, 72.8626692, 0.0 ], [ 19.1912824, 72.8627227, 0.0 ], [ 19.1912782, 72.8627509, 0.0 ], [ 19.1912682, 72.8627915, 0.0 ], [ 19.1912615, 72.8628182, 0.0 ], [ 19.1912443, 72.8628878, 0.0 ], [ 19.1912429, 72.8628934, 0.0 ], [ 19.1912275, 72.8629557, 0.0 ], [ 19.1912252, 72.862965, 0.0 ], [ 19.191201, 72.8630625, 0.0 ], [ 19.191164, 72.8632117, 0.0 ], [ 19.1911539, 72.8632524, 0.0 ], [ 19.1911486, 72.8632705, 0.0 ], [ 19.1911426, 72.8632906, 0.0 ], [ 19.1911371, 72.8633094, 0.0 ], [ 19.1911364, 72.8633119, 0.0 ], [ 19.1911353, 72.8633154, 0.0 ], [ 19.1911248, 72.8633663, 0.0 ], [ 19.1911113, 72.8634314, 0.0 ], [ 19.1911065, 72.8634548, 0.0 ], [ 19.1911013, 72.8634797, 0.0 ], [ 19.1910864, 72.8635522, 0.0 ], [ 19.1910648, 72.8636565, 0.0 ], [ 19.1910634, 72.8636633, 0.0 ], [ 19.1910543, 72.8637073, 0.0 ], [ 19.191053, 72.8637133, 0.0 ], [ 19.1910461, 72.8637466, 0.0 ], [ 19.1910417, 72.8637712, 0.0 ], [ 19.1910392, 72.8637848, 0.0 ], [ 19.1910265, 72.8638419, 0.0 ], [ 19.1909843, 72.8640459, 0.0 ], [ 19.1910363, 72.8640851, 0.0 ], [ 19.1910603, 72.8641033, 0.0 ], [ 19.1910774, 72.8641162, 0.0 ], [ 19.1911044, 72.8641366, 0.0 ], [ 19.1911018, 72.8641865, 0.0 ], [ 19.1910972, 72.8642719, 0.0 ], [ 19.1911759, 72.8642681, 0.0 ], [ 19.1912603, 72.864264, 0.0 ], [ 19.1913376, 72.8642602, 0.0 ], [ 19.1914247, 72.864256, 0.0 ], [ 19.1914334, 72.864259, 0.0 ], [ 19.1915342, 72.8642945, 0.0 ], [ 19.1915552, 72.8643019, 0.0 ], [ 19.1916001, 72.8643177, 0.0 ], [ 19.1916009, 72.864318, 0.0 ], [ 19.1916203, 72.8643248, 0.0 ], [ 19.1916439, 72.8643331, 0.0 ], [ 19.1916964, 72.8643388, 0.0 ], [ 19.1917094, 72.8643402, 0.0 ], [ 19.1917164, 72.864341, 0.0 ], [ 19.1917205, 72.8643414, 0.0 ], [ 19.1917942, 72.8643494, 0.0 ], [ 19.1918402, 72.8643543, 0.0 ], [ 19.1918619, 72.8643567, 0.0 ], [ 19.1919511, 72.8643663, 0.0 ], [ 19.1920262, 72.8644331, 0.0 ], [ 19.1920476, 72.8644522, 0.0 ], [ 19.1920545, 72.8644583, 0.0 ], [ 19.1920962, 72.8644954, 0.0 ], [ 19.1921396, 72.864534, 0.0 ], [ 19.1921469, 72.8645405, 0.0 ], [ 19.1921524, 72.8645454, 0.0 ], [ 19.192173, 72.8645637, 0.0 ], [ 19.1922216, 72.8645704, 0.0 ], [ 19.1922496, 72.8645742, 0.0 ], [ 19.1922744, 72.8645776, 0.0 ], [ 19.1923471, 72.8645875, 0.0 ], [ 19.1923976, 72.8645944, 0.0 ], [ 19.192506, 72.8646091, 0.0 ], [ 19.1927437, 72.8646415, 0.0 ], [ 19.1932931, 72.8647387, 0.0 ], [ 19.1934303, 72.864763, 0.0 ], [ 19.1934185, 72.8648897, 0.0 ], [ 19.1934204, 72.8649852, 0.0 ], [ 19.1934223, 72.8651022, 0.0 ], [ 19.1934224, 72.8651049, 0.0 ], [ 19.1934229, 72.8651246, 0.0 ], [ 19.1934232, 72.865147, 0.0 ], [ 19.1934243, 72.8652446, 0.0 ], [ 19.1934232, 72.8652647, 0.0 ], [ 19.1934245, 72.8652787, 0.0 ], [ 19.1934258, 72.8652928, 0.0 ], [ 19.193426, 72.8652951, 0.0 ], [ 19.1934272, 72.8653081, 0.0 ], [ 19.1934291, 72.8653288, 0.0 ], [ 19.1934338, 72.8656723, 0.0 ], [ 19.1934527, 72.8658361, 0.0 ], [ 19.1934527, 72.8658364, 0.0 ], [ 19.1934543, 72.8658508, 0.0 ], [ 19.1934736, 72.8660248, 0.0 ], [ 19.1934823, 72.8660977, 0.0 ], [ 19.1934868, 72.8661274, 0.0 ], [ 19.1934898, 72.8663446, 0.0 ], [ 19.193498, 72.8664087, 0.0 ], [ 19.1935224, 72.8666974, 0.0 ], [ 19.1935238, 72.8667291, 0.0 ], [ 19.1935282, 72.8668288, 0.0 ], [ 19.1935341, 72.8669617, 0.0 ], [ 19.1935457, 72.8670021, 0.0 ], [ 19.1936055, 72.8672086, 0.0 ], [ 19.1936737, 72.8674254, 0.0 ], [ 19.1936742, 72.8674271, 0.0 ], [ 19.1936816, 72.8674505, 0.0 ], [ 19.1937028, 72.8675753, 0.0 ], [ 19.1937099, 72.8676151, 0.0 ], [ 19.1937208, 72.8676765, 0.0 ], [ 19.1937204, 72.8676871, 0.0 ], [ 19.1937195, 72.8677081, 0.0 ], [ 19.1937149, 72.8678444, 0.0 ], [ 19.1937075, 72.8680657, 0.0 ], [ 19.1937067, 72.8680875, 0.0 ], [ 19.1937585, 72.8681263, 0.0 ], [ 19.1938021, 72.8680888, 0.0 ], [ 19.1938393, 72.8680568, 0.0 ], [ 19.1939296, 72.8680463, 0.0 ], [ 19.1939384, 72.8680452, 0.0 ], [ 19.1939303, 72.8681038, 0.0 ], [ 19.1939236, 72.868152, 0.0 ], [ 19.1939187, 72.8681872, 0.0 ], [ 19.1939075, 72.868292, 0.0 ], [ 19.1938992, 72.8683525, 0.0 ], [ 19.1938895, 72.8684219, 0.0 ], [ 19.1938873, 72.8684315, 0.0 ], [ 19.1938279, 72.8686856, 0.0 ], [ 19.1938107, 72.8687571, 0.0 ], [ 19.1938096, 72.8687617, 0.0 ], [ 19.1938008, 72.8688098, 0.0 ], [ 19.1937844, 72.8689004, 0.0 ], [ 19.1937821, 72.8689132, 0.0 ], [ 19.1937793, 72.8692091, 0.0 ], [ 19.1937759, 72.8692301, 0.0 ], [ 19.1937703, 72.8692649, 0.0 ], [ 19.1937579, 72.8693414, 0.0 ], [ 19.1937395, 72.8694178, 0.0 ], [ 19.1937123, 72.8695309, 0.0 ], [ 19.1937094, 72.8695415, 0.0 ], [ 19.193699, 72.8695806, 0.0 ], [ 19.1937069, 72.8696532, 0.0 ], [ 19.1937127, 72.8697066, 0.0 ], [ 19.1937522, 72.8700714, 0.0 ], [ 19.1938291, 72.8702991, 0.0 ], [ 19.193831, 72.8704933, 0.0 ], [ 19.1938311, 72.8704982, 0.0 ], [ 19.1938314, 72.8705321, 0.0 ], [ 19.1938333, 72.870727, 0.0 ], [ 19.1938341, 72.8708012, 0.0 ], [ 19.1938345, 72.8708499, 0.0 ], [ 19.1938356, 72.8709613, 0.0 ], [ 19.1938359, 72.8709866, 0.0 ], [ 19.1938391, 72.8710034, 0.0 ], [ 19.1938394, 72.871005, 0.0 ], [ 19.1938397, 72.8710063, 0.0 ], [ 19.1938414, 72.8710693, 0.0 ], [ 19.1938465, 72.8712585, 0.0 ], [ 19.1938504, 72.8713191, 0.0 ], [ 19.1938518, 72.8713412, 0.0 ], [ 19.1938711, 72.8715448, 0.0 ], [ 19.1938641, 72.8718533, 0.0 ], [ 19.1938611, 72.8719864, 0.0 ], [ 19.1938567, 72.8721811, 0.0 ], [ 19.1938578, 72.8721951, 0.0 ], [ 19.1938625, 72.8722472, 0.0 ], [ 19.1938632, 72.8722549, 0.0 ], [ 19.1938726, 72.8723579, 0.0 ], [ 19.1938756, 72.8723916, 0.0 ], [ 19.1938819, 72.8724066, 0.0 ], [ 19.1939116, 72.8724764, 0.0 ], [ 19.1939122, 72.8724779, 0.0 ], [ 19.1939295, 72.8725186, 0.0 ], [ 19.1939318, 72.8725268, 0.0 ], [ 19.1939386, 72.8725876, 0.0 ], [ 19.1939386, 72.8725876, 0.0 ], [ 19.1939391, 72.8725914, 0.0 ], [ 19.1939344, 72.8726508, 0.0 ], [ 19.193934, 72.8726559, 0.0 ], [ 19.1939291, 72.8727014, 0.0 ], [ 19.1939275, 72.872716, 0.0 ], [ 19.1939287, 72.8727853, 0.0 ], [ 19.1939354, 72.8727921, 0.0 ], [ 19.1939602, 72.8728168, 0.0 ], [ 19.1939774, 72.8728658, 0.0 ], [ 19.1939859, 72.87289, 0.0 ], [ 19.1939938, 72.8729126, 0.0 ], [ 19.1940008, 72.8729534, 0.0 ], [ 19.1940073, 72.8729895, 0.0 ], [ 19.1939981, 72.8730933, 0.0 ], [ 19.1939981, 72.8730933, 0.0 ], [ 19.1939978, 72.873097, 0.0 ], [ 19.1939977, 72.8730972, 0.0 ], [ 19.1939977, 72.8730972, 0.0 ], [ 19.1939977, 72.8730973, 0.0 ], [ 19.1939889, 72.8731538, 0.0 ], [ 19.1939855, 72.8731757, 0.0 ], [ 19.1939784, 72.8732175, 0.0 ], [ 19.1939776, 72.8732224, 0.0 ], [ 19.1939748, 72.8732402, 0.0 ], [ 19.1939657, 72.8733643, 0.0 ], [ 19.1939617, 72.8734199, 0.0 ], [ 19.1939585, 72.8734565, 0.0 ], [ 19.1939464, 72.8735989, 0.0 ], [ 19.1939381, 72.8737109, 0.0 ], [ 19.1939357, 72.8737441, 0.0 ], [ 19.1939364, 72.8737533, 0.0 ], [ 19.193939, 72.8737881, 0.0 ], [ 19.1939379, 72.873843, 0.0 ], [ 19.1939415, 72.8738572, 0.0 ], [ 19.1939447, 72.8738693, 0.0 ], [ 19.1939564, 72.8739945, 0.0 ], [ 19.1939588, 72.8740209, 0.0 ], [ 19.1939621, 72.874053, 0.0 ], [ 19.1939454, 72.8741536, 0.0 ], [ 19.1939409, 72.8741814, 0.0 ], [ 19.1939348, 72.8742162, 0.0 ], [ 19.1939259, 72.8742673, 0.0 ], [ 19.1939232, 72.8742827, 0.0 ], [ 19.1939221, 72.8742911, 0.0 ], [ 19.1939216, 72.8742961, 0.0 ], [ 19.1939178, 72.8742983, 0.0 ], [ 19.1939165, 72.8742992, 0.0 ], [ 19.1938938, 72.8743145, 0.0 ], [ 19.1938462, 72.874347, 0.0 ], [ 19.1937273, 72.8744268, 0.0 ], [ 19.1937253, 72.8744282, 0.0 ], [ 19.1935522, 72.8745449, 0.0 ], [ 19.1935169, 72.8745691, 0.0 ], [ 19.1934796, 72.8745946, 0.0 ], [ 19.1934753, 72.8746086, 0.0 ], [ 19.1934541, 72.8746781, 0.0 ], [ 19.1934289, 72.8747625, 0.0 ], [ 19.1934256, 72.8747727, 0.0 ], [ 19.193398, 72.8748603, 0.0 ], [ 19.1933865, 72.8748966, 0.0 ], [ 19.1933764, 72.8749288, 0.0 ], [ 19.1933681, 72.8749554, 0.0 ], [ 19.1933342, 72.8750636, 0.0 ], [ 19.1933232, 72.8750989, 0.0 ], [ 19.1933051, 72.8751559, 0.0 ], [ 19.1932702, 72.8752658, 0.0 ], [ 19.1932659, 72.8752794, 0.0 ], [ 19.1932189, 72.8754287, 0.0 ], [ 19.1932134, 72.8754464, 0.0 ], [ 19.1931322, 72.875719, 0.0 ], [ 19.1931197, 72.8757607, 0.0 ], [ 19.1930993, 72.8758291, 0.0 ], [ 19.193076, 72.8759074, 0.0 ], [ 19.193043, 72.876018, 0.0 ], [ 19.1930296, 72.8760631, 0.0 ], [ 19.193019, 72.8761107, 0.0 ], [ 19.1929998, 72.8761969, 0.0 ], [ 19.1929786, 72.8762918, 0.0 ], [ 19.1929584, 72.8763828, 0.0 ], [ 19.1929285, 72.876517, 0.0 ], [ 19.1929226, 72.8765435, 0.0 ], [ 19.1929156, 72.876562, 0.0 ], [ 19.1928629, 72.8767025, 0.0 ], [ 19.1928605, 72.8767086, 0.0 ], [ 19.1928592, 72.8767219, 0.0 ], [ 19.1928537, 72.876803, 0.0 ], [ 19.1928425, 72.876968, 0.0 ], [ 19.192812, 72.8774186, 0.0 ], [ 19.1929244, 72.8784185, 0.0 ], [ 19.1929289, 72.878458, 0.0 ], [ 19.1929719, 72.8788407, 0.0 ], [ 19.1929716, 72.8788429, 0.0 ], [ 19.1927252, 72.880727, 0.0 ], [ 19.1924604, 72.8827518, 0.0 ], [ 19.192456, 72.8827857, 0.0 ], [ 19.1924632, 72.8847461, 0.0 ], [ 19.1924684, 72.8855765, 0.0 ], [ 19.1924689, 72.8856497, 0.0 ], [ 19.1924703, 72.8858607, 0.0 ], [ 19.1924779, 72.8870383, 0.0 ], [ 19.1924782, 72.8870828, 0.0 ], [ 19.192468, 72.8871148, 0.0 ], [ 19.1924588, 72.8871433, 0.0 ], [ 19.1924225, 72.8872564, 0.0 ], [ 19.1923192, 72.8875779, 0.0 ], [ 19.1922894, 72.8876705, 0.0 ], [ 19.1922701, 72.8877307, 0.0 ], [ 19.1922403, 72.8878233, 0.0 ], [ 19.1922342, 72.8878424, 0.0 ], [ 19.191193, 72.8910829, 0.0 ], [ 19.1911064, 72.8920086, 0.0 ], [ 19.1910666, 72.892436, 0.0 ], [ 19.1906833, 72.8940389, 0.0 ], [ 19.1906832, 72.894039, 0.0 ], [ 19.1906649, 72.894167, 0.0 ], [ 19.1906455, 72.8943023, 0.0 ], [ 19.1906303, 72.8944987, 0.0 ], [ 19.1905416, 72.8956695, 0.0 ], [ 19.190541, 72.8956763, 0.0 ], [ 19.190541, 72.8956766, 0.0 ], [ 19.190541, 72.8956769, 0.0 ], [ 19.190541, 72.895677, 0.0 ], [ 19.1902013, 72.8961059, 0.0 ], [ 19.1901427, 72.8961811, 0.0 ], [ 19.1894734, 72.8970399, 0.0 ], [ 19.1894639, 72.8970524, 0.0 ], [ 19.1892467, 72.8973381, 0.0 ], [ 19.1892459, 72.8973392, 0.0 ], [ 19.1892251, 72.8973664, 0.0 ], [ 19.1892251, 72.8973665, 0.0 ], [ 19.1892249, 72.8973667, 0.0 ], [ 19.1892234, 72.8973687, 0.0 ], [ 19.1892047, 72.8973923, 0.0 ], [ 19.1892045, 72.8973926, 0.0 ], [ 19.1851021, 72.9001901, 0.0 ], [ 19.1832635, 72.8999937, 0.0 ], [ 19.1825172, 72.9000067, 0.0 ], [ 19.1813022, 72.9000195, 0.0 ], [ 19.1810954, 72.9000589, 0.0 ], [ 19.1799277, 72.9002672, 0.0 ], [ 19.1798351, 72.9002451, 0.0 ], [ 19.1784981, 72.8999266, 0.0 ], [ 19.1778536, 72.8997785, 0.0 ], [ 19.1774785, 72.8996844, 0.0 ], [ 19.1771143, 72.8995865, 0.0 ], [ 19.1770531, 72.8995736, 0.0 ], [ 19.1767111, 72.8994894, 0.0 ], [ 19.1760888, 72.8993307, 0.0 ], [ 19.1756195, 72.8988918, 0.0 ], [ 19.1752169, 72.8985249, 0.0 ], [ 19.1750716, 72.8983924, 0.0 ], [ 19.1736282, 72.897077, 0.0 ], [ 19.173599, 72.8970504, 0.0 ], [ 19.1720583, 72.8962692, 0.0 ], [ 19.1696037, 72.8950246, 0.0 ], [ 19.1690167, 72.894743, 0.0 ], [ 19.1666658, 72.8936152, 0.0 ], [ 19.164294, 72.8924773, 0.0 ], [ 19.1641007, 72.8923829, 0.0 ], [ 19.1639222, 72.8910759, 0.0 ], [ 19.1638909, 72.8906773, 0.0 ], [ 19.1638556, 72.8905142, 0.0 ], [ 19.1632, 72.8891997, 0.0 ], [ 19.1631579, 72.889072, 0.0 ], [ 19.1631468, 72.8889363, 0.0 ], [ 19.1631503, 72.8888306, 0.0 ], [ 19.1631541, 72.8887426, 0.0 ], [ 19.1631926, 72.8885359, 0.0 ], [ 19.1633077, 72.887947, 0.0 ], [ 19.1633017, 72.8879351, 0.0 ], [ 19.1635269, 72.8866213, 0.0 ], [ 19.1636849, 72.8854418, 0.0 ], [ 19.1640552, 72.8834365, 0.0 ], [ 19.1647352, 72.8799731, 0.0 ], [ 19.1647546, 72.8798367, 0.0 ], [ 19.1647801, 72.8797015, 0.0 ], [ 19.1648117, 72.8795676, 0.0 ], [ 19.1648491, 72.8794355, 0.0 ], [ 19.1648925, 72.8793054, 0.0 ], [ 19.1649416, 72.8791775, 0.0 ], [ 19.1649965, 72.8790522, 0.0 ], [ 19.1650568, 72.8789298, 0.0 ], [ 19.1651226, 72.8788106, 0.0 ], [ 19.1651936, 72.8786947, 0.0 ], [ 19.1652864, 72.8785495, 0.0 ], [ 19.1653845, 72.8784082, 0.0 ], [ 19.1654876, 72.878271, 0.0 ], [ 19.1655957, 72.878138, 0.0 ], [ 19.1657086, 72.8780095, 0.0 ], [ 19.1658261, 72.8778857, 0.0 ], [ 19.165948, 72.8777668, 0.0 ], [ 19.1660742, 72.8776529, 0.0 ], [ 19.1662045, 72.8775442, 0.0 ], [ 19.1663381, 72.8774412, 0.0 ], [ 19.1665875, 72.8772313, 0.0 ] ] ] } },
{ "type": "Feature", "id": 13, "properties": { "Name": "\n    B\n   ", "tessellate": 1, "extrude": 0, "visibility": -1, "NAME2": "B\n", "OBJECTID": 14, "Shape__Area": 2658217.1101099998, "Shape__Length": 8322.6459781800004 }, "geometry": { "type": "Polygon", "coordinates": [ [ [ 18.9634234, 72.8445646, 0.0 ], [ 18.9634208, 72.84461, 0.0 ], [ 18.9634662, 72.8446829, 0.0 ], [ 18.9635843, 72.8448614, 0.0 ], [ 18.9635106, 72.844967, 0.0 ], [ 18.9632776, 72.8453006, 0.0 ], [ 18.9633106, 72.8454361, 0.0 ], [ 18.9633418, 72.8455645, 0.0 ], [ 18.9633555, 72.8456206, 0.0 ], [ 18.96336, 72.8456393, 0.0 ], [ 18.9634179, 72.8458774, 0.0 ], [ 18.9634286, 72.8459215, 0.0 ], [ 18.9634328, 72.8459384, 0.0 ], [ 18.9634372, 72.8459567, 0.0 ], [ 18.9635471, 72.8464377, 0.0 ], [ 18.9635569, 72.8464621, 0.0 ], [ 18.9635615, 72.8464735, 0.0 ], [ 18.9635617, 72.8464737, 0.0 ], [ 18.9635822, 72.8465019, 0.0 ], [ 18.9636157, 72.8465482, 0.0 ], [ 18.9636231, 72.8465571, 0.0 ], [ 18.9636554, 72.846624, 0.0 ], [ 18.9636491, 72.8466538, 0.0 ], [ 18.9636291, 72.8467499, 0.0 ], [ 18.9634787, 72.8474698, 0.0 ], [ 18.9634488, 72.8476053, 0.0 ], [ 18.9635273, 72.8476196, 0.0 ], [ 18.9637508, 72.8476716, 0.0 ], [ 18.9636185, 72.8483463, 0.0 ], [ 18.9635596, 72.8486215, 0.0 ], [ 18.9633954, 72.8493756, 0.0 ], [ 18.962745, 72.8491349, 0.0 ], [ 18.9624843, 72.8490729, 0.0 ], [ 18.9622682, 72.8490195, 0.0 ], [ 18.9621838, 72.8489986, 0.0 ], [ 18.9618682, 72.8489225, 0.0 ], [ 18.9617117, 72.8488839, 0.0 ], [ 18.9613027, 72.8487856, 0.0 ], [ 18.9612968, 72.8487842, 0.0 ], [ 18.9612308, 72.8487687, 0.0 ], [ 18.9610315, 72.8487185, 0.0 ], [ 18.9607046, 72.8486346, 0.0 ], [ 18.9605832, 72.8486069, 0.0 ], [ 18.9602376, 72.8485232, 0.0 ], [ 18.9596625, 72.84839, 0.0 ], [ 18.9586845, 72.848181, 0.0 ], [ 18.9586773, 72.8481795, 0.0 ], [ 18.957959, 72.848, 0.0 ], [ 18.9573785, 72.8496056, 0.0 ], [ 18.9579099, 72.8505807, 0.0 ], [ 18.9588025, 72.8507824, 0.0 ], [ 18.9587616, 72.8510608, 0.0 ], [ 18.9577364, 72.8508238, 0.0 ], [ 18.9577867, 72.8505962, 0.0 ], [ 18.9572663, 72.8498062, 0.0 ], [ 18.9558703, 72.8495184, 0.0 ], [ 18.9559624, 72.849105, 0.0 ], [ 18.9573016, 72.8494352, 0.0 ], [ 18.957772, 72.8479547, 0.0 ], [ 18.9574092, 72.8478642, 0.0 ], [ 18.9572639, 72.847829, 0.0 ], [ 18.9570831, 72.8477851, 0.0 ], [ 18.956874, 72.8477339, 0.0 ], [ 18.9566994, 72.8476914, 0.0 ], [ 18.9565674, 72.8476576, 0.0 ], [ 18.9564317, 72.847626, 0.0 ], [ 18.9563135, 72.8475956, 0.0 ], [ 18.9561692, 72.8475614, 0.0 ], [ 18.9554809, 72.8473874, 0.0 ], [ 18.9549169, 72.8472471, 0.0 ], [ 18.9547093, 72.8471966, 0.0 ], [ 18.9546654, 72.8471787, 0.0 ], [ 18.9546246, 72.8471518, 0.0 ], [ 18.9545645, 72.8470987, 0.0 ], [ 18.9545204, 72.8470427, 0.0 ], [ 18.9544747, 72.8469734, 0.0 ], [ 18.9544478, 72.8469204, 0.0 ], [ 18.9544396, 72.8469034, 0.0 ], [ 18.9544319, 72.8468767, 0.0 ], [ 18.9544315, 72.8468523, 0.0 ], [ 18.9544332, 72.8468227, 0.0 ], [ 18.9544399, 72.8467955, 0.0 ], [ 18.9542654, 72.846753, 0.0 ], [ 18.9542136, 72.8469796, 0.0 ], [ 18.9541936, 72.8470689, 0.0 ], [ 18.9541917, 72.8470774, 0.0 ], [ 18.9541814, 72.8470985, 0.0 ], [ 18.9541611, 72.8471196, 0.0 ], [ 18.9541427, 72.8471322, 0.0 ], [ 18.9541272, 72.8471339, 0.0 ], [ 18.9541053, 72.8471356, 0.0 ], [ 18.9540889, 72.8471328, 0.0 ], [ 18.9540714, 72.847126, 0.0 ], [ 18.954053, 72.8471123, 0.0 ], [ 18.9540364, 72.8470888, 0.0 ], [ 18.9540291, 72.8470707, 0.0 ], [ 18.9540262, 72.8470496, 0.0 ], [ 18.9540304, 72.8470286, 0.0 ], [ 18.9540872, 72.8467666, 0.0 ], [ 18.9540994, 72.8467117, 0.0 ], [ 18.9539513, 72.8466738, 0.0 ], [ 18.9539433, 72.846708, 0.0 ], [ 18.9539287, 72.8467314, 0.0 ], [ 18.9539165, 72.8467481, 0.0 ], [ 18.9538946, 72.8467689, 0.0 ], [ 18.9538349, 72.8468077, 0.0 ], [ 18.9538008, 72.8468279, 0.0 ], [ 18.9537495, 72.8468535, 0.0 ], [ 18.9536583, 72.8468946, 0.0 ], [ 18.9535798, 72.8469117, 0.0 ], [ 18.9535696, 72.8469145, 0.0 ], [ 18.9535627, 72.8469128, 0.0 ], [ 18.9534303, 72.8468783, 0.0 ], [ 18.9532058, 72.8468224, 0.0 ], [ 18.9530118, 72.846774, 0.0 ], [ 18.9528536, 72.8467356, 0.0 ], [ 18.9526647, 72.846691, 0.0 ], [ 18.952494, 72.8466507, 0.0 ], [ 18.9524306, 72.8466357, 0.0 ], [ 18.952417, 72.846627, 0.0 ], [ 18.952364, 72.8465927, 0.0 ], [ 18.9523136, 72.8465468, 0.0 ], [ 18.9522713, 72.8465052, 0.0 ], [ 18.9522316, 72.8464519, 0.0 ], [ 18.9522099, 72.8463985, 0.0 ], [ 18.9522065, 72.8463744, 0.0 ], [ 18.9520059, 72.8463285, 0.0 ], [ 18.9519823, 72.8463445, 0.0 ], [ 18.9519956, 72.8464246, 0.0 ], [ 18.9520128, 72.8465328, 0.0 ], [ 18.9520135, 72.8465372, 0.0 ], [ 18.9520232, 72.846606, 0.0 ], [ 18.9520196, 72.8466323, 0.0 ], [ 18.9520081, 72.8466549, 0.0 ], [ 18.9519929, 72.8466725, 0.0 ], [ 18.9519709, 72.846685, 0.0 ], [ 18.9519493, 72.8466923, 0.0 ], [ 18.9519281, 72.8466908, 0.0 ], [ 18.9519062, 72.8466819, 0.0 ], [ 18.951892, 72.8466772, 0.0 ], [ 18.9518736, 72.8466604, 0.0 ], [ 18.951864, 72.8466428, 0.0 ], [ 18.9518536, 72.846595, 0.0 ], [ 18.9518446, 72.8465326, 0.0 ], [ 18.9518389, 72.8465122, 0.0 ], [ 18.9518271, 72.846501, 0.0 ], [ 18.951817, 72.8464908, 0.0 ], [ 18.9517413, 72.8464718, 0.0 ], [ 18.9517215, 72.8464669, 0.0 ], [ 18.9515938, 72.8464358, 0.0 ], [ 18.9514323, 72.8463963, 0.0 ], [ 18.951326, 72.8463758, 0.0 ], [ 18.9507711, 72.8462355, 0.0 ], [ 18.9505697, 72.8461855, 0.0 ], [ 18.9504397, 72.8465048, 0.0 ], [ 18.9501188, 72.8465419, 0.0 ], [ 18.9482093, 72.8468218, 0.0 ], [ 18.9480288, 72.8468076, 0.0 ], [ 18.9482212, 72.8456551, 0.0 ], [ 18.9482273, 72.8456183, 0.0 ], [ 18.9482314, 72.8455938, 0.0 ], [ 18.9482339, 72.8455793, 0.0 ], [ 18.9484023, 72.8448365, 0.0 ], [ 18.9489355, 72.8423055, 0.0 ], [ 18.9489357, 72.8420733, 0.0 ], [ 18.9489357, 72.8420336, 0.0 ], [ 18.9489358, 72.8418208, 0.0 ], [ 18.9489359, 72.8417421, 0.0 ], [ 18.9489359, 72.8416884, 0.0 ], [ 18.948936, 72.8416339, 0.0 ], [ 18.948936, 72.8416332, 0.0 ], [ 18.948936, 72.8415795, 0.0 ], [ 18.9489912, 72.8415037, 0.0 ], [ 18.9489952, 72.8413776, 0.0 ], [ 18.9489923, 72.8413528, 0.0 ], [ 18.9489802, 72.8412462, 0.0 ], [ 18.9489364, 72.8409688, 0.0 ], [ 18.9489146, 72.8408305, 0.0 ], [ 18.9488941, 72.8407009, 0.0 ], [ 18.9488885, 72.8406655, 0.0 ], [ 18.9488853, 72.8406515, 0.0 ], [ 18.9488714, 72.8405916, 0.0 ], [ 18.9488615, 72.8405491, 0.0 ], [ 18.9488334, 72.8404277, 0.0 ], [ 18.9488308, 72.8404167, 0.0 ], [ 18.9488043, 72.8403027, 0.0 ], [ 18.9488085, 72.8402539, 0.0 ], [ 18.9488116, 72.8402166, 0.0 ], [ 18.9488196, 72.8402101, 0.0 ], [ 18.9488259, 72.8401363, 0.0 ], [ 18.9489029, 72.8392274, 0.0 ], [ 18.9489439, 72.8388654, 0.0 ], [ 18.9489611, 72.8387083, 0.0 ], [ 18.9489926, 72.8384208, 0.0 ], [ 18.9489927, 72.8384197, 0.0 ], [ 18.9490351, 72.8380326, 0.0 ], [ 18.9490444, 72.8379486, 0.0 ], [ 18.9490445, 72.8379477, 0.0 ], [ 18.9490629, 72.8377814, 0.0 ], [ 18.9490652, 72.8377611, 0.0 ], [ 18.949054, 72.8377137, 0.0 ], [ 18.9490392, 72.8376506, 0.0 ], [ 18.9490135, 72.8375411, 0.0 ], [ 18.9489449, 72.8372488, 0.0 ], [ 18.9489429, 72.8372416, 0.0 ], [ 18.948942, 72.8372385, 0.0 ], [ 18.9489163, 72.8371564, 0.0 ], [ 18.9489001, 72.8370943, 0.0 ], [ 18.9488894, 72.8370532, 0.0 ], [ 18.9488649, 72.8369594, 0.0 ], [ 18.9488302, 72.8367835, 0.0 ], [ 18.9488166, 72.8367105, 0.0 ], [ 18.9487936, 72.836588, 0.0 ], [ 18.9487644, 72.8364317, 0.0 ], [ 18.9486772, 72.836013, 0.0 ], [ 18.9485935, 72.8356166, 0.0 ], [ 18.9485341, 72.8353174, 0.0 ], [ 18.9485113, 72.8352086, 0.0 ], [ 18.9484884, 72.8351023, 0.0 ], [ 18.9484724, 72.8350253, 0.0 ], [ 18.9484677, 72.8350071, 0.0 ], [ 18.9484552, 72.8349593, 0.0 ], [ 18.9484207, 72.8348786, 0.0 ], [ 18.9483677, 72.8347895, 0.0 ], [ 18.9483146, 72.8347236, 0.0 ], [ 18.9481265, 72.8344953, 0.0 ], [ 18.9478923, 72.834198, 0.0 ], [ 18.9477802, 72.8340558, 0.0 ], [ 18.9474703, 72.833663, 0.0 ], [ 18.9475264, 72.8336646, 0.0 ], [ 18.9475714, 72.8336627, 0.0 ], [ 18.9476214, 72.8336542, 0.0 ], [ 18.9476679, 72.8336463, 0.0 ], [ 18.9478295, 72.833611, 0.0 ], [ 18.9480008, 72.833574, 0.0 ], [ 18.9481351, 72.8335473, 0.0 ], [ 18.9482581, 72.8335114, 0.0 ], [ 18.9482935, 72.8335011, 0.0 ], [ 18.9484921, 72.8334411, 0.0 ], [ 18.948677, 72.8333872, 0.0 ], [ 18.9487985, 72.8333486, 0.0 ], [ 18.9489456, 72.833305, 0.0 ], [ 18.9491289, 72.8332451, 0.0 ], [ 18.9493553, 72.8331759, 0.0 ], [ 18.9493556, 72.8331758, 0.0 ], [ 18.9501236, 72.8329361, 0.0 ], [ 18.9502494, 72.8328968, 0.0 ], [ 18.9504524, 72.8328355, 0.0 ], [ 18.9506783, 72.8327816, 0.0 ], [ 18.950679, 72.8327814, 0.0 ], [ 18.9507343, 72.8327649, 0.0 ], [ 18.9507356, 72.8327645, 0.0 ], [ 18.9514509, 72.8325503, 0.0 ], [ 18.9515215, 72.8325292, 0.0 ], [ 18.9520777, 72.8323649, 0.0 ], [ 18.9522645, 72.8323102, 0.0 ], [ 18.9524434, 72.8322578, 0.0 ], [ 18.9524501, 72.8322559, 0.0 ], [ 18.952536, 72.8322273, 0.0 ], [ 18.9536707, 72.8318501, 0.0 ], [ 18.9537418, 72.8318272, 0.0 ], [ 18.9538124, 72.8318043, 0.0 ], [ 18.9538192, 72.8318021, 0.0 ], [ 18.9538773, 72.8317831, 0.0 ], [ 18.9538973, 72.8317766, 0.0 ], [ 18.9539267, 72.8317673, 0.0 ], [ 18.9539651, 72.831764, 0.0 ], [ 18.9539997, 72.8317691, 0.0 ], [ 18.9540044, 72.8317692, 0.0 ], [ 18.9540257, 72.8317722, 0.0 ], [ 18.9540474, 72.8317765, 0.0 ], [ 18.9540722, 72.831783, 0.0 ], [ 18.9540885, 72.8317909, 0.0 ], [ 18.9540902, 72.8317915, 0.0 ], [ 18.9541124, 72.8317988, 0.0 ], [ 18.9541231, 72.831805, 0.0 ], [ 18.9541364, 72.8318143, 0.0 ], [ 18.954317, 72.8319359, 0.0 ], [ 18.9545326, 72.8320489, 0.0 ], [ 18.9545622, 72.8320644, 0.0 ], [ 18.9546586, 72.8321159, 0.0 ], [ 18.9547684, 72.8321397, 0.0 ], [ 18.95485, 72.8321489, 0.0 ], [ 18.9548986, 72.8321467, 0.0 ], [ 18.9550543, 72.8321857, 0.0 ], [ 18.9558614, 72.8321124, 0.0 ], [ 18.9558746, 72.8321115, 0.0 ], [ 18.956289, 72.8320818, 0.0 ], [ 18.9563307, 72.8320797, 0.0 ], [ 18.9563852, 72.8320769, 0.0 ], [ 18.9565274, 72.8320371, 0.0 ], [ 18.9565521, 72.8320366, 0.0 ], [ 18.9565711, 72.8320362, 0.0 ], [ 18.956737, 72.8320264, 0.0 ], [ 18.9568358, 72.8320222, 0.0 ], [ 18.9568499, 72.8320213, 0.0 ], [ 18.9569233, 72.8320218, 0.0 ], [ 18.9569988, 72.8320246, 0.0 ], [ 18.9570298, 72.8320287, 0.0 ], [ 18.9570401, 72.8320307, 0.0 ], [ 18.9570888, 72.8320405, 0.0 ], [ 18.9571766, 72.8320558, 0.0 ], [ 18.9572732, 72.8320646, 0.0 ], [ 18.9573437, 72.8320663, 0.0 ], [ 18.9573702, 72.8320635, 0.0 ], [ 18.9574776, 72.8320546, 0.0 ], [ 18.9576293, 72.8320461, 0.0 ], [ 18.9577815, 72.8320342, 0.0 ], [ 18.9578735, 72.8320273, 0.0 ], [ 18.9579038, 72.832025, 0.0 ], [ 18.9579707, 72.8320192, 0.0 ], [ 18.9580327, 72.8320093, 0.0 ], [ 18.9580825, 72.8320032, 0.0 ], [ 18.9581749, 72.8319859, 0.0 ], [ 18.9582302, 72.8319748, 0.0 ], [ 18.9582772, 72.8319611, 0.0 ], [ 18.9584049, 72.8319237, 0.0 ], [ 18.9587528, 72.8318023, 0.0 ], [ 18.9594408, 72.8317457, 0.0 ], [ 18.9595987, 72.8317504, 0.0 ], [ 18.9599883, 72.8317622, 0.0 ], [ 18.9601318, 72.8317645, 0.0 ], [ 18.9601975, 72.8317666, 0.0 ], [ 18.9602594, 72.8317739, 0.0 ], [ 18.960288, 72.8317773, 0.0 ], [ 18.9603999, 72.8317915, 0.0 ], [ 18.9604877, 72.8318142, 0.0 ], [ 18.9605809, 72.8318432, 0.0 ], [ 18.9607014, 72.8318878, 0.0 ], [ 18.9608268, 72.8319217, 0.0 ], [ 18.9608782, 72.8319346, 0.0 ], [ 18.9609493, 72.8319466, 0.0 ], [ 18.961074, 72.831958, 0.0 ], [ 18.9612683, 72.8319652, 0.0 ], [ 18.9613796, 72.8319681, 0.0 ], [ 18.9615524, 72.8319697, 0.0 ], [ 18.961644, 72.8319726, 0.0 ], [ 18.9617446, 72.8319769, 0.0 ], [ 18.9617989, 72.8319805, 0.0 ], [ 18.9618729, 72.8319897, 0.0 ], [ 18.9618786, 72.8321148, 0.0 ], [ 18.9618951, 72.8321946, 0.0 ], [ 18.961918, 72.8322862, 0.0 ], [ 18.9619479, 72.832402, 0.0 ], [ 18.9619931, 72.8325889, 0.0 ], [ 18.9619978, 72.8326184, 0.0 ], [ 18.9620437, 72.8328362, 0.0 ], [ 18.9620743, 72.8329917, 0.0 ], [ 18.9620858, 72.8330691, 0.0 ], [ 18.9621002, 72.8331915, 0.0 ], [ 18.9621121, 72.8333033, 0.0 ], [ 18.962121, 72.8334522, 0.0 ], [ 18.9621259, 72.8336923, 0.0 ], [ 18.9621256, 72.8339342, 0.0 ], [ 18.9621253, 72.8341915, 0.0 ], [ 18.962128, 72.8343525, 0.0 ], [ 18.9621297, 72.8343664, 0.0 ], [ 18.9621327, 72.8343842, 0.0 ], [ 18.9621386, 72.8343979, 0.0 ], [ 18.9621599, 72.8344633, 0.0 ], [ 18.9621883, 72.8345373, 0.0 ], [ 18.9622194, 72.8346132, 0.0 ], [ 18.9622619, 72.8347057, 0.0 ], [ 18.9622847, 72.8347441, 0.0 ], [ 18.962333, 72.8348335, 0.0 ], [ 18.9623604, 72.834876, 0.0 ], [ 18.9623708, 72.8348961, 0.0 ], [ 18.9624061, 72.8349638, 0.0 ], [ 18.9624381, 72.8350233, 0.0 ], [ 18.9624679, 72.8350863, 0.0 ], [ 18.9624839, 72.8351241, 0.0 ], [ 18.9625023, 72.8351775, 0.0 ], [ 18.962515, 72.8352157, 0.0 ], [ 18.9625222, 72.8352616, 0.0 ], [ 18.9625336, 72.8353521, 0.0 ], [ 18.9625443, 72.835452, 0.0 ], [ 18.9625515, 72.8355429, 0.0 ], [ 18.9625541, 72.8355903, 0.0 ], [ 18.9625549, 72.8356794, 0.0 ], [ 18.9625543, 72.8357482, 0.0 ], [ 18.962553, 72.8358348, 0.0 ], [ 18.9625529, 72.8359187, 0.0 ], [ 18.9625537, 72.8359602, 0.0 ], [ 18.9625522, 72.8359843, 0.0 ], [ 18.9625503, 72.8360081, 0.0 ], [ 18.9625473, 72.8360473, 0.0 ], [ 18.9625415, 72.836112, 0.0 ], [ 18.9625307, 72.8362292, 0.0 ], [ 18.9625216, 72.8363055, 0.0 ], [ 18.9625144, 72.8364025, 0.0 ], [ 18.9625071, 72.8365329, 0.0 ], [ 18.9625036, 72.8365632, 0.0 ], [ 18.9625063, 72.8366682, 0.0 ], [ 18.9625145, 72.8368658, 0.0 ], [ 18.962531, 72.8370441, 0.0 ], [ 18.9625435, 72.8371542, 0.0 ], [ 18.9625554, 72.8372464, 0.0 ], [ 18.9625603, 72.8372754, 0.0 ], [ 18.9625709, 72.8373209, 0.0 ], [ 18.9625766, 72.8373367, 0.0 ], [ 18.9625936, 72.8373757, 0.0 ], [ 18.9626089, 72.837404, 0.0 ], [ 18.9626263, 72.8374298, 0.0 ], [ 18.9626451, 72.8374516, 0.0 ], [ 18.9626635, 72.8374683, 0.0 ], [ 18.9627069, 72.8374991, 0.0 ], [ 18.9627563, 72.837525, 0.0 ], [ 18.9628676, 72.8375729, 0.0 ], [ 18.9630752, 72.8376553, 0.0 ], [ 18.963211, 72.8377049, 0.0 ], [ 18.963282, 72.8377296, 0.0 ], [ 18.9633978, 72.8377698, 0.0 ], [ 18.9634752, 72.8377968, 0.0 ], [ 18.9635047, 72.8378069, 0.0 ], [ 18.9640105, 72.8379793, 0.0 ], [ 18.9640976, 72.8380258, 0.0 ], [ 18.9642067, 72.838084, 0.0 ], [ 18.9642537, 72.838109, 0.0 ], [ 18.9642706, 72.8381233, 0.0 ], [ 18.9644301, 72.8382587, 0.0 ], [ 18.9644346, 72.8382625, 0.0 ], [ 18.9644346, 72.8382625, 0.0 ], [ 18.9644668, 72.8382898, 0.0 ], [ 18.9645737, 72.8383829, 0.0 ], [ 18.9645737, 72.8383829, 0.0 ], [ 18.9647588, 72.8385432, 0.0 ], [ 18.964917, 72.838667, 0.0 ], [ 18.9649843, 72.8387196, 0.0 ], [ 18.9650279, 72.8387537, 0.0 ], [ 18.9651078, 72.8388161, 0.0 ], [ 18.9649749, 72.8389118, 0.0 ], [ 18.9648629, 72.8389923, 0.0 ], [ 18.9647686, 72.8390602, 0.0 ], [ 18.9646272, 72.8391612, 0.0 ], [ 18.9646075, 72.8391765, 0.0 ], [ 18.9645905, 72.8391922, 0.0 ], [ 18.9645792, 72.8392031, 0.0 ], [ 18.964565, 72.8392163, 0.0 ], [ 18.9645538, 72.8392291, 0.0 ], [ 18.9645412, 72.8392482, 0.0 ], [ 18.9645259, 72.8392773, 0.0 ], [ 18.9644985, 72.8393492, 0.0 ], [ 18.9644698, 72.8394414, 0.0 ], [ 18.9644471, 72.8395391, 0.0 ], [ 18.9644005, 72.8397883, 0.0 ], [ 18.9643802, 72.8398856, 0.0 ], [ 18.9642694, 72.8404161, 0.0 ], [ 18.9642689, 72.8404199, 0.0 ], [ 18.964161, 72.841121, 0.0 ], [ 18.9641061, 72.8414773, 0.0 ], [ 18.9640713, 72.8417225, 0.0 ], [ 18.9640562, 72.841811, 0.0 ], [ 18.9640406, 72.8419018, 0.0 ], [ 18.9640202, 72.8420306, 0.0 ], [ 18.9639974, 72.8421745, 0.0 ], [ 18.9639569, 72.8423078, 0.0 ], [ 18.9639432, 72.8423528, 0.0 ], [ 18.9639325, 72.8423868, 0.0 ], [ 18.963917, 72.8424357, 0.0 ], [ 18.9639021, 72.8425058, 0.0 ], [ 18.9638799, 72.8426132, 0.0 ], [ 18.9638489, 72.842763, 0.0 ], [ 18.9638433, 72.8427901, 0.0 ], [ 18.9637385, 72.8432961, 0.0 ], [ 18.963697, 72.8434921, 0.0 ], [ 18.9636075, 72.8439141, 0.0 ], [ 18.9635776, 72.8440545, 0.0 ], [ 18.9635172, 72.8441108, 0.0 ], [ 18.9634896, 72.8441568, 0.0 ], [ 18.9634632, 72.8442907, 0.0 ], [ 18.9634608, 72.8443027, 0.0 ], [ 18.9634564, 72.8443336, 0.0 ], [ 18.9634443, 72.8444182, 0.0 ], [ 18.9634234, 72.8445646, 0.0 ] ] ] } },
{ "type": "Feature", "id": 14, "properties": { "Name": "\n    R/C\n   ", "tessellate": 1, "extrude": 0, "visibility": -1, "NAME2": "R/C\n", "OBJECTID": 15, "Shape__Area": 47950008.557899997, "Shape__Length": 44053.944548 }, "geometry": { "type": "Polygon", "coordinates": [ [ [ 19.2614731, 72.7898601, 0.0 ], [ 19.2614429, 72.7899323, 0.0 ], [ 19.2614795, 72.7900549, 0.0 ], [ 19.2614865, 72.7900783, 0.0 ], [ 19.2614914, 72.790331, 0.0 ], [ 19.2615103, 72.7913211, 0.0 ], [ 19.2617, 72.7919203, 0.0 ], [ 19.2617077, 72.792068, 0.0 ], [ 19.2617733, 72.7922692, 0.0 ], [ 19.2617489, 72.7922931, 0.0 ], [ 19.2617467, 72.7922952, 0.0 ], [ 19.2617762, 72.7923419, 0.0 ], [ 19.2617446, 72.7924007, 0.0 ], [ 19.2617446, 72.7924007, 0.0 ], [ 19.2617445, 72.7924009, 0.0 ], [ 19.2617563, 72.7924946, 0.0 ], [ 19.2617787, 72.7926057, 0.0 ], [ 19.2617699, 72.7926194, 0.0 ], [ 19.26177, 72.7926198, 0.0 ], [ 19.2618218, 72.7930673, 0.0 ], [ 19.2618906, 72.793651, 0.0 ], [ 19.2619198, 72.793912, 0.0 ], [ 19.2619527, 72.7942117, 0.0 ], [ 19.2619794, 72.7944313, 0.0 ], [ 19.2619936, 72.7945134, 0.0 ], [ 19.2620187, 72.7946599, 0.0 ], [ 19.2620758, 72.7950474, 0.0 ], [ 19.2620893, 72.7951395, 0.0 ], [ 19.2621101, 72.7952852, 0.0 ], [ 19.2622009, 72.7959236, 0.0 ], [ 19.2622252, 72.7961021, 0.0 ], [ 19.262221, 72.7961005, 0.0 ], [ 19.2622209, 72.7961008, 0.0 ], [ 19.2622206, 72.7961375, 0.0 ], [ 19.2622184, 72.7963475, 0.0 ], [ 19.2622135, 72.7972128, 0.0 ], [ 19.2622095, 72.7978697, 0.0 ], [ 19.2622089, 72.7982773, 0.0 ], [ 19.2622086, 72.7984774, 0.0 ], [ 19.2622086, 72.7984788, 0.0 ], [ 19.2622078, 72.798825, 0.0 ], [ 19.2622098, 72.7988656, 0.0 ], [ 19.2622148, 72.7989755, 0.0 ], [ 19.2622133, 72.7990541, 0.0 ], [ 19.2622129, 72.7990697, 0.0 ], [ 19.2622094, 72.7992149, 0.0 ], [ 19.262208, 72.7992999, 0.0 ], [ 19.2622061, 72.7994004, 0.0 ], [ 19.2622162, 72.7994495, 0.0 ], [ 19.2622162, 72.7994498, 0.0 ], [ 19.2622369, 72.7995525, 0.0 ], [ 19.26225, 72.799622, 0.0 ], [ 19.2622689, 72.7997222, 0.0 ], [ 19.2619511, 72.7998405, 0.0 ], [ 19.2619523, 72.7998449, 0.0 ], [ 19.2619712, 72.7999131, 0.0 ], [ 19.2619236, 72.800061, 0.0 ], [ 19.2619235, 72.8000611, 0.0 ], [ 19.2618718, 72.800221, 0.0 ], [ 19.2612783, 72.8005748, 0.0 ], [ 19.2612783, 72.8005748, 0.0 ], [ 19.2612118, 72.8007469, 0.0 ], [ 19.2611905, 72.8008018, 0.0 ], [ 19.2611692, 72.8008568, 0.0 ], [ 19.2610829, 72.800891, 0.0 ], [ 19.2606345, 72.8004383, 0.0 ], [ 19.2606001, 72.8004036, 0.0 ], [ 19.2604021, 72.8003551, 0.0 ], [ 19.260402, 72.8003551, 0.0 ], [ 19.260402, 72.8003551, 0.0 ], [ 19.2604017, 72.800355, 0.0 ], [ 19.2603181, 72.8003786, 0.0 ], [ 19.2601871, 72.8004152, 0.0 ], [ 19.2600802, 72.8004451, 0.0 ], [ 19.2600302, 72.8005199, 0.0 ], [ 19.26003, 72.8005202, 0.0 ], [ 19.260015, 72.8005423, 0.0 ], [ 19.2599533, 72.8005823, 0.0 ], [ 19.2599523, 72.8005829, 0.0 ], [ 19.259878, 72.800631, 0.0 ], [ 19.2595392, 72.8008502, 0.0 ], [ 19.2593298, 72.8008574, 0.0 ], [ 19.2588232, 72.8008065, 0.0 ], [ 19.2588239, 72.8008094, 0.0 ], [ 19.2588245, 72.8008123, 0.0 ], [ 19.2588755, 72.8010351, 0.0 ], [ 19.2590609, 72.8016629, 0.0 ], [ 19.2589552, 72.8021516, 0.0 ], [ 19.2588972, 72.8024188, 0.0 ], [ 19.2588224, 72.8026057, 0.0 ], [ 19.2586998, 72.8028348, 0.0 ], [ 19.2585177, 72.8031421, 0.0 ], [ 19.2583732, 72.8033442, 0.0 ], [ 19.2582459, 72.803537, 0.0 ], [ 19.2581437, 72.8036612, 0.0 ], [ 19.2580201, 72.8038085, 0.0 ], [ 19.2578243, 72.8040568, 0.0 ], [ 19.2576843, 72.8042679, 0.0 ], [ 19.2575826, 72.8044376, 0.0 ], [ 19.2574295, 72.8046399, 0.0 ], [ 19.257225, 72.8048837, 0.0 ], [ 19.257008, 72.8051642, 0.0 ], [ 19.2566634, 72.8056192, 0.0 ], [ 19.2564852, 72.80589, 0.0 ], [ 19.2561925, 72.8063489, 0.0 ], [ 19.2559759, 72.8066612, 0.0 ], [ 19.2557931, 72.8069093, 0.0 ], [ 19.2555928, 72.8071486, 0.0 ], [ 19.2553157, 72.8074616, 0.0 ], [ 19.2549919, 72.8078436, 0.0 ], [ 19.2546077, 72.80824, 0.0 ], [ 19.254296, 72.808549, 0.0 ], [ 19.2540358, 72.8088345, 0.0 ], [ 19.2535749, 72.8093138, 0.0 ], [ 19.2532974, 72.8095951, 0.0 ], [ 19.252909, 72.8100006, 0.0 ], [ 19.2524315, 72.8105438, 0.0 ], [ 19.2520733, 72.8109444, 0.0 ], [ 19.2518386, 72.8111887, 0.0 ], [ 19.2515951, 72.8114239, 0.0 ], [ 19.2513514, 72.811641, 0.0 ], [ 19.2511159, 72.8118261, 0.0 ], [ 19.2507649, 72.8120992, 0.0 ], [ 19.2504614, 72.8123762, 0.0 ], [ 19.2501156, 72.8127312, 0.0 ], [ 19.2495916, 72.8133614, 0.0 ], [ 19.2490674, 72.8139689, 0.0 ], [ 19.2487438, 72.8143691, 0.0 ], [ 19.2483734, 72.8148335, 0.0 ], [ 19.2480249, 72.8153249, 0.0 ], [ 19.2477314, 72.8157155, 0.0 ], [ 19.2475318, 72.8160094, 0.0 ], [ 19.2473748, 72.816248, 0.0 ], [ 19.2472224, 72.8165185, 0.0 ], [ 19.2471423, 72.8166833, 0.0 ], [ 19.2469172, 72.8173733, 0.0 ], [ 19.2466897, 72.8182271, 0.0 ], [ 19.2466202, 72.8185602, 0.0 ], [ 19.2465465, 72.8189024, 0.0 ], [ 19.246535, 72.8190253, 0.0 ], [ 19.2464055, 72.8197596, 0.0 ], [ 19.2462996, 72.8202978, 0.0 ], [ 19.2462302, 72.82064, 0.0 ], [ 19.2461315, 72.8210644, 0.0 ], [ 19.2460732, 72.8216066, 0.0 ], [ 19.2460226, 72.8220804, 0.0 ], [ 19.2459865, 72.8223129, 0.0 ], [ 19.2459372, 72.8225229, 0.0 ], [ 19.2458839, 72.8227647, 0.0 ], [ 19.2457844, 72.8231209, 0.0 ], [ 19.2456595, 72.8235229, 0.0 ], [ 19.2454859, 72.8241803, 0.0 ], [ 19.2453831, 72.824623, 0.0 ], [ 19.2453015, 72.8250245, 0.0 ], [ 19.2452074, 72.8254761, 0.0 ], [ 19.2451259, 72.8258867, 0.0 ], [ 19.2450873, 72.8262739, 0.0 ], [ 19.2450529, 72.8266565, 0.0 ], [ 19.2450134, 72.8269664, 0.0 ], [ 19.244973, 72.8272035, 0.0 ], [ 19.2452221, 72.8274368, 0.0 ], [ 19.2454885, 72.8276699, 0.0 ], [ 19.2457587, 72.8278666, 0.0 ], [ 19.2464999, 72.828421, 0.0 ], [ 19.24683, 72.8287176, 0.0 ], [ 19.2469583, 72.8288427, 0.0 ], [ 19.2470636, 72.8289721, 0.0 ], [ 19.2471886, 72.8291765, 0.0 ], [ 19.2474819, 72.829755, 0.0 ], [ 19.2476584, 72.8300698, 0.0 ], [ 19.2478555, 72.8304467, 0.0 ], [ 19.2479598, 72.830697, 0.0 ], [ 19.2481458, 72.8311986, 0.0 ], [ 19.2482053, 72.8313918, 0.0 ], [ 19.2483017, 72.8316604, 0.0 ], [ 19.2483999, 72.8319446, 0.0 ], [ 19.2488437, 72.8332963, 0.0 ], [ 19.2492845, 72.8343977, 0.0 ], [ 19.2495204, 72.8349639, 0.0 ], [ 19.2461155, 72.8388339, 0.0 ], [ 19.2433873, 72.8419152, 0.0 ], [ 19.2415942, 72.8441692, 0.0 ], [ 19.2407068, 72.8453778, 0.0 ], [ 19.2405524, 72.8455875, 0.0 ], [ 19.2404247, 72.8457614, 0.0 ], [ 19.2403999, 72.8457952, 0.0 ], [ 19.2402698, 72.8459721, 0.0 ], [ 19.2401032, 72.8462279, 0.0 ], [ 19.2399275, 72.8464945, 0.0 ], [ 19.2397098, 72.8468395, 0.0 ], [ 19.2396376, 72.8469496, 0.0 ], [ 19.2395966, 72.8470117, 0.0 ], [ 19.2395106, 72.8471422, 0.0 ], [ 19.2393199, 72.8474397, 0.0 ], [ 19.2388296, 72.8482039, 0.0 ], [ 19.2386944, 72.8484224, 0.0 ], [ 19.2386276, 72.8485241, 0.0 ], [ 19.2383836, 72.8489488, 0.0 ], [ 19.2383516, 72.8490133, 0.0 ], [ 19.2382732, 72.8491783, 0.0 ], [ 19.2381689, 72.8494192, 0.0 ], [ 19.2381451, 72.8495124, 0.0 ], [ 19.2381218, 72.8496486, 0.0 ], [ 19.2380947, 72.8498443, 0.0 ], [ 19.2380662, 72.850755, 0.0 ], [ 19.2380583, 72.8509146, 0.0 ], [ 19.2380511, 72.8510609, 0.0 ], [ 19.2380409, 72.8513147, 0.0 ], [ 19.2380377, 72.8513956, 0.0 ], [ 19.2380343, 72.8515804, 0.0 ], [ 19.2380324, 72.8516801, 0.0 ], [ 19.2380274, 72.8518582, 0.0 ], [ 19.238024, 72.8519787, 0.0 ], [ 19.2380169, 72.8521037, 0.0 ], [ 19.2380094, 72.8522364, 0.0 ], [ 19.2380069, 72.8522798, 0.0 ], [ 19.2379956, 72.8524305, 0.0 ], [ 19.2379846, 72.8525774, 0.0 ], [ 19.2379686, 72.8527341, 0.0 ], [ 19.2379549, 72.8528438, 0.0 ], [ 19.2377893, 72.8543277, 0.0 ], [ 19.2377515, 72.8548197, 0.0 ], [ 19.237774, 72.8551716, 0.0 ], [ 19.237728, 72.8555008, 0.0 ], [ 19.2376159, 72.8561195, 0.0 ], [ 19.2373931, 72.8569206, 0.0 ], [ 19.2372266, 72.8574377, 0.0 ], [ 19.2372266, 72.8574394, 0.0 ], [ 19.237229, 72.857649, 0.0 ], [ 19.2372298, 72.8576623, 0.0 ], [ 19.2372309, 72.8576749, 0.0 ], [ 19.2372378, 72.8577592, 0.0 ], [ 19.2372379, 72.8577598, 0.0 ], [ 19.2372925, 72.8579494, 0.0 ], [ 19.2372946, 72.8579632, 0.0 ], [ 19.2373183, 72.8580903, 0.0 ], [ 19.2373297, 72.8581366, 0.0 ], [ 19.2373348, 72.8581573, 0.0 ], [ 19.2373171, 72.8581546, 0.0 ], [ 19.2373173, 72.8581552, 0.0 ], [ 19.237351, 72.8582642, 0.0 ], [ 19.2373677, 72.8583181, 0.0 ], [ 19.2374103, 72.8584474, 0.0 ], [ 19.2374137, 72.8584576, 0.0 ], [ 19.2374281, 72.8585012, 0.0 ], [ 19.2374472, 72.8585604, 0.0 ], [ 19.2374713, 72.8586175, 0.0 ], [ 19.23748, 72.8586339, 0.0 ], [ 19.2376713, 72.8586896, 0.0 ], [ 19.237898, 72.8587555, 0.0 ], [ 19.2379033, 72.8587568, 0.0 ], [ 19.238062, 72.8587943, 0.0 ], [ 19.2384179, 72.8588727, 0.0 ], [ 19.2386259, 72.8589061, 0.0 ], [ 19.2387636, 72.8589376, 0.0 ], [ 19.239276, 72.8592139, 0.0 ], [ 19.2393565, 72.8593652, 0.0 ], [ 19.2393774, 72.8594161, 0.0 ], [ 19.2393386, 72.859577, 0.0 ], [ 19.2394062, 72.8597934, 0.0 ], [ 19.2393064, 72.8600436, 0.0 ], [ 19.2392422, 72.8602031, 0.0 ], [ 19.239148, 72.8604598, 0.0 ], [ 19.2391435, 72.8604762, 0.0 ], [ 19.2389602, 72.8608677, 0.0 ], [ 19.238892, 72.8610134, 0.0 ], [ 19.2387795, 72.8610377, 0.0 ], [ 19.2385371, 72.8613048, 0.0 ], [ 19.2382648, 72.8616047, 0.0 ], [ 19.2382066, 72.8616687, 0.0 ], [ 19.2381623, 72.8617272, 0.0 ], [ 19.2380856, 72.8618854, 0.0 ], [ 19.2380667, 72.8619146, 0.0 ], [ 19.2378602, 72.8622332, 0.0 ], [ 19.2378027, 72.862322, 0.0 ], [ 19.2378103, 72.862324, 0.0 ], [ 19.2378104, 72.862324, 0.0 ], [ 19.2377977, 72.8623297, 0.0 ], [ 19.2377734, 72.8623745, 0.0 ], [ 19.237628, 72.862643, 0.0 ], [ 19.2375845, 72.8627235, 0.0 ], [ 19.2375806, 72.862728, 0.0 ], [ 19.2375799, 72.8627288, 0.0 ], [ 19.2375226, 72.8627955, 0.0 ], [ 19.2374889, 72.8628351, 0.0 ], [ 19.2374502, 72.8629184, 0.0 ], [ 19.2374059, 72.8629387, 0.0 ], [ 19.2372439, 72.8641599, 0.0 ], [ 19.2374247, 72.8641867, 0.0 ], [ 19.2380581, 72.8642848, 0.0 ], [ 19.2382249, 72.8643107, 0.0 ], [ 19.238496, 72.8643527, 0.0 ], [ 19.2384917, 72.8648707, 0.0 ], [ 19.2384626, 72.8670556, 0.0 ], [ 19.2384463, 72.8671595, 0.0 ], [ 19.238404, 72.8673323, 0.0 ], [ 19.2382776, 72.8676695, 0.0 ], [ 19.2381768, 72.8679521, 0.0 ], [ 19.2381653, 72.8679916, 0.0 ], [ 19.2381216, 72.8681942, 0.0 ], [ 19.2380357, 72.8686394, 0.0 ], [ 19.2380079, 72.8688256, 0.0 ], [ 19.2379864, 72.869101, 0.0 ], [ 19.2379888, 72.8695633, 0.0 ], [ 19.238014, 72.8698783, 0.0 ], [ 19.2379915, 72.8700929, 0.0 ], [ 19.2379625, 72.870278, 0.0 ], [ 19.2380176, 72.870633, 0.0 ], [ 19.2383267, 72.8724489, 0.0 ], [ 19.2383703, 72.8728655, 0.0 ], [ 19.2383775, 72.8729749, 0.0 ], [ 19.2389762, 72.877663, 0.0 ], [ 19.2389761, 72.8776631, 0.0 ], [ 19.239216, 72.8780536, 0.0 ], [ 19.2394185, 72.8783748, 0.0 ], [ 19.2394185, 72.8783749, 0.0 ], [ 19.2394189, 72.8783756, 0.0 ], [ 19.239463, 72.8784457, 0.0 ], [ 19.2399357, 72.8791038, 0.0 ], [ 19.2403266, 72.879648, 0.0 ], [ 19.2403483, 72.8796821, 0.0 ], [ 19.2403483, 72.8796821, 0.0 ], [ 19.2407525, 72.8803209, 0.0 ], [ 19.2409556, 72.8806434, 0.0 ], [ 19.2409562, 72.8806444, 0.0 ], [ 19.2409568, 72.8806453, 0.0 ], [ 19.2409603, 72.8806509, 0.0 ], [ 19.2409604, 72.880651, 0.0 ], [ 19.2409604, 72.8806511, 0.0 ], [ 19.2411007, 72.8808742, 0.0 ], [ 19.2412859, 72.8811638, 0.0 ], [ 19.2414587, 72.8814359, 0.0 ], [ 19.2418109, 72.8819945, 0.0 ], [ 19.2418111, 72.8819948, 0.0 ], [ 19.2419195, 72.8821672, 0.0 ], [ 19.242116, 72.8824835, 0.0 ], [ 19.2421161, 72.8824837, 0.0 ], [ 19.2421166, 72.8824845, 0.0 ], [ 19.2421167, 72.8824846, 0.0 ], [ 19.2423363, 72.8828386, 0.0 ], [ 19.2425606, 72.8832097, 0.0 ], [ 19.2425607, 72.8832098, 0.0 ], [ 19.2425928, 72.8832629, 0.0 ], [ 19.2425948, 72.8832663, 0.0 ], [ 19.242806, 72.8836164, 0.0 ], [ 19.2429348, 72.8838229, 0.0 ], [ 19.2429354, 72.8838238, 0.0 ], [ 19.2429356, 72.8838241, 0.0 ], [ 19.2429359, 72.8838246, 0.0 ], [ 19.2429359, 72.8838247, 0.0 ], [ 19.243026, 72.8839665, 0.0 ], [ 19.2430262, 72.8839668, 0.0 ], [ 19.2430273, 72.8839686, 0.0 ], [ 19.2432751, 72.8843577, 0.0 ], [ 19.2435395, 72.8847662, 0.0 ], [ 19.2435445, 72.8847738, 0.0 ], [ 19.2435862, 72.8848383, 0.0 ], [ 19.2435863, 72.8848384, 0.0 ], [ 19.2436878, 72.8849936, 0.0 ], [ 19.2437206, 72.8850437, 0.0 ], [ 19.2437357, 72.8850671, 0.0 ], [ 19.2437402, 72.885074, 0.0 ], [ 19.243821, 72.8851984, 0.0 ], [ 19.2443869, 72.8860698, 0.0 ], [ 19.2455756, 72.8878907, 0.0 ], [ 19.245576, 72.8878913, 0.0 ], [ 19.2458134, 72.8882481, 0.0 ], [ 19.2461199, 72.8887008, 0.0 ], [ 19.2463439, 72.8890406, 0.0 ], [ 19.2465833, 72.8894065, 0.0 ], [ 19.2468361, 72.8897946, 0.0 ], [ 19.2470782, 72.8901623, 0.0 ], [ 19.2472583, 72.8904394, 0.0 ], [ 19.247283, 72.8904774, 0.0 ], [ 19.247553, 72.8908567, 0.0 ], [ 19.2475534, 72.8908572, 0.0 ], [ 19.2477045, 72.8910695, 0.0 ], [ 19.248001, 72.8914879, 0.0 ], [ 19.2480012, 72.8914881, 0.0 ], [ 19.248109, 72.8916405, 0.0 ], [ 19.2482369, 72.8918182, 0.0 ], [ 19.2482374, 72.891819, 0.0 ], [ 19.2482497, 72.891836, 0.0 ], [ 19.2482551, 72.891844, 0.0 ], [ 19.2482554, 72.8918444, 0.0 ], [ 19.2484213, 72.8920889, 0.0 ], [ 19.2484277, 72.8920984, 0.0 ], [ 19.2485615, 72.8922923, 0.0 ], [ 19.2489874, 72.8929189, 0.0 ], [ 19.2492741, 72.8933379, 0.0 ], [ 19.2493368, 72.8934279, 0.0 ], [ 19.2493368, 72.8934279, 0.0 ], [ 19.2494447, 72.8935826, 0.0 ], [ 19.249283, 72.8941385, 0.0 ], [ 19.2485379, 72.8967003, 0.0 ], [ 19.247943, 72.8986995, 0.0 ], [ 19.241452, 72.9010282, 0.0 ], [ 19.2414519, 72.9010282, 0.0 ], [ 19.2414519, 72.9010282, 0.0 ], [ 19.2412312, 72.9012282, 0.0 ], [ 19.2412245, 72.9012343, 0.0 ], [ 19.2412242, 72.9012346, 0.0 ], [ 19.240297, 72.9020748, 0.0 ], [ 19.2390373, 72.9032005, 0.0 ], [ 19.2390373, 72.9032006, 0.0 ], [ 19.2385586, 72.9036282, 0.0 ], [ 19.2374932, 72.9045723, 0.0 ], [ 19.2374917, 72.9045736, 0.0 ], [ 19.2368719, 72.9051228, 0.0 ], [ 19.236468, 72.905487, 0.0 ], [ 19.2364667, 72.9054882, 0.0 ], [ 19.232802, 72.908792, 0.0 ], [ 19.229841, 72.9093657, 0.0 ], [ 19.2298409, 72.9093657, 0.0 ], [ 19.2292407, 72.9094819, 0.0 ], [ 19.2292407, 72.909482, 0.0 ], [ 19.2292404, 72.9094821, 0.0 ], [ 19.2287031, 72.9100923, 0.0 ], [ 19.2276475, 72.9105423, 0.0 ], [ 19.2260409, 72.9109748, 0.0 ], [ 19.224797, 72.9107904, 0.0 ], [ 19.2247969, 72.9107904, 0.0 ], [ 19.2246597, 72.91077, 0.0 ], [ 19.2243781, 72.9107272, 0.0 ], [ 19.2243778, 72.9107272, 0.0 ], [ 19.2224538, 72.9104341, 0.0 ], [ 19.2220007, 72.9103733, 0.0 ], [ 19.2220006, 72.9103733, 0.0 ], [ 19.2220003, 72.9103733, 0.0 ], [ 19.2218289, 72.9103501, 0.0 ], [ 19.2207211, 72.9102092, 0.0 ], [ 19.2199864, 72.9101037, 0.0 ], [ 19.2184912, 72.9099107, 0.0 ], [ 19.2168707, 72.9082451, 0.0 ], [ 19.2168704, 72.9082449, 0.0 ], [ 19.2104661, 72.9074513, 0.0 ], [ 19.2075954, 72.9101687, 0.0 ], [ 19.2064964, 72.9099214, 0.0 ], [ 19.2052116, 72.9096124, 0.0 ], [ 19.2045774, 72.9094646, 0.0 ], [ 19.2040793, 72.909344, 0.0 ], [ 19.2038897, 72.9092982, 0.0 ], [ 19.20387, 72.9092934, 0.0 ], [ 19.2031675, 72.9091347, 0.0 ], [ 19.202818, 72.9090599, 0.0 ], [ 19.2026433, 72.9090226, 0.0 ], [ 19.2024685, 72.9089852, 0.0 ], [ 19.2023807, 72.9089297, 0.0 ], [ 19.199338, 72.9070053, 0.0 ], [ 19.1986674, 72.9065811, 0.0 ], [ 19.1985785, 72.9065249, 0.0 ], [ 19.1986084, 72.9064719, 0.0 ], [ 19.1986302, 72.9062905, 0.0 ], [ 19.1986138, 72.9061096, 0.0 ], [ 19.1985544, 72.9059342, 0.0 ], [ 19.1984457, 72.9056187, 0.0 ], [ 19.1984201, 72.9054681, 0.0 ], [ 19.1983992, 72.9053124, 0.0 ], [ 19.1984459, 72.9052212, 0.0 ], [ 19.198541, 72.9051798, 0.0 ], [ 19.198732, 72.9051622, 0.0 ], [ 19.1989473, 72.9051746, 0.0 ], [ 19.1992006, 72.9051764, 0.0 ], [ 19.1993677, 72.9051542, 0.0 ], [ 19.1994773, 72.9051327, 0.0 ], [ 19.1995772, 72.9050912, 0.0 ], [ 19.1996145, 72.9050052, 0.0 ], [ 19.1996126, 72.9048392, 0.0 ], [ 19.1994741, 72.9044284, 0.0 ], [ 19.1993438, 72.9039018, 0.0 ], [ 19.1992993, 72.9033539, 0.0 ], [ 19.1993361, 72.9028151, 0.0 ], [ 19.1993945, 72.9023947, 0.0 ], [ 19.1993923, 72.9021468, 0.0 ], [ 19.1994317, 72.9019356, 0.0 ], [ 19.1994866, 72.9017777, 0.0 ], [ 19.1995692, 72.9016823, 0.0 ], [ 19.199747, 72.9015574, 0.0 ], [ 19.1999283, 72.9014734, 0.0 ], [ 19.2001009, 72.9014146, 0.0 ], [ 19.2002557, 72.9013686, 0.0 ], [ 19.2004852, 72.9013217, 0.0 ], [ 19.2006011, 72.9012667, 0.0 ], [ 19.2006901, 72.9012153, 0.0 ], [ 19.2008235, 72.9011224, 0.0 ], [ 19.2009156, 72.9010772, 0.0 ], [ 19.2010747, 72.9010472, 0.0 ], [ 19.2011444, 72.9010517, 0.0 ], [ 19.2012234, 72.9010583, 0.0 ], [ 19.2013997, 72.9011126, 0.0 ], [ 19.2016588, 72.9011999, 0.0 ], [ 19.2018203, 72.9012205, 0.0 ], [ 19.201978, 72.9012185, 0.0 ], [ 19.2021175, 72.9011865, 0.0 ], [ 19.2023417, 72.9010441, 0.0 ], [ 19.2025804, 72.9009128, 0.0 ], [ 19.2027619, 72.900801, 0.0 ], [ 19.2029547, 72.9007344, 0.0 ], [ 19.2031801, 72.9006938, 0.0 ], [ 19.2034875, 72.9006182, 0.0 ], [ 19.2036516, 72.9005445, 0.0 ], [ 19.2038434, 72.9003911, 0.0 ], [ 19.2040698, 72.9001278, 0.0 ], [ 19.2043211, 72.8998379, 0.0 ], [ 19.2044224, 72.8997683, 0.0 ], [ 19.2047692, 72.8995303, 0.0 ], [ 19.2049194, 72.8994406, 0.0 ], [ 19.2052143, 72.8992643, 0.0 ], [ 19.2055598, 72.899075, 0.0 ], [ 19.2058947, 72.8988896, 0.0 ], [ 19.206101, 72.8987474, 0.0 ], [ 19.2067125, 72.8983019, 0.0 ], [ 19.2071184, 72.8980628, 0.0 ], [ 19.2072825, 72.8979928, 0.0 ], [ 19.2074613, 72.8979565, 0.0 ], [ 19.2079734, 72.8979085, 0.0 ], [ 19.2082275, 72.8978713, 0.0 ], [ 19.2085035, 72.8978678, 0.0 ], [ 19.2087151, 72.8978727, 0.0 ], [ 19.208872, 72.8978028, 0.0 ], [ 19.2089781, 72.8976807, 0.0 ], [ 19.2090198, 72.8975594, 0.0 ], [ 19.2090149, 72.8974462, 0.0 ], [ 19.2089344, 72.8973076, 0.0 ], [ 19.208756, 72.8970684, 0.0 ], [ 19.2086644, 72.8968842, 0.0 ], [ 19.2086423, 72.8968397, 0.0 ], [ 19.208601, 72.8966779, 0.0 ], [ 19.2085922, 72.8965346, 0.0 ], [ 19.2086185, 72.8963268, 0.0 ], [ 19.2086477, 72.8960622, 0.0 ], [ 19.2086414, 72.8958246, 0.0 ], [ 19.2085671, 72.8955991, 0.0 ], [ 19.2084739, 72.8952909, 0.0 ], [ 19.2084459, 72.8950384, 0.0 ], [ 19.2084636, 72.8947023, 0.0 ], [ 19.2085416, 72.8943202, 0.0 ], [ 19.2085936, 72.8941611, 0.0 ], [ 19.2086821, 72.8940656, 0.0 ], [ 19.2088105, 72.8940074, 0.0 ], [ 19.2089283, 72.8939681, 0.0 ], [ 19.2091112, 72.8939696, 0.0 ], [ 19.20937, 72.8940304, 0.0 ], [ 19.2097773, 72.8941095, 0.0 ], [ 19.2098263, 72.894119, 0.0 ], [ 19.2101858, 72.8942125, 0.0 ], [ 19.2104227, 72.8942321, 0.0 ], [ 19.21058, 72.8941962, 0.0 ], [ 19.2106724, 72.8941271, 0.0 ], [ 19.2107632, 72.8939184, 0.0 ], [ 19.2107967, 72.8937179, 0.0 ], [ 19.2107971, 72.8934387, 0.0 ], [ 19.2107589, 72.8932354, 0.0 ], [ 19.2106411, 72.8929614, 0.0 ], [ 19.2105513, 72.8926343, 0.0 ], [ 19.2105437, 72.892291, 0.0 ], [ 19.210598, 72.8920186, 0.0 ], [ 19.2107433, 72.8915639, 0.0 ], [ 19.2107975, 72.8912877, 0.0 ], [ 19.2107724, 72.8909786, 0.0 ], [ 19.2107053, 72.8907531, 0.0 ], [ 19.2107137, 72.8905492, 0.0 ], [ 19.2107687, 72.8903485, 0.0 ], [ 19.2109363, 72.8899539, 0.0 ], [ 19.2111616, 72.8895963, 0.0 ], [ 19.2115024, 72.8893127, 0.0 ], [ 19.2120586, 72.8890415, 0.0 ], [ 19.2124445, 72.8889347, 0.0 ], [ 19.2128276, 72.8888958, 0.0 ], [ 19.213211, 72.8888796, 0.0 ], [ 19.2135447, 72.8889017, 0.0 ], [ 19.2137674, 72.8889404, 0.0 ], [ 19.2140838, 72.8890232, 0.0 ], [ 19.2145543, 72.8891039, 0.0 ], [ 19.2149313, 72.889152, 0.0 ], [ 19.2152832, 72.8892003, 0.0 ], [ 19.2158827, 72.8863267, 0.0 ], [ 19.2161182, 72.8856159, 0.0 ], [ 19.2161911, 72.8853961, 0.0 ], [ 19.2163333, 72.884967, 0.0 ], [ 19.2163335, 72.8849663, 0.0 ], [ 19.2164756, 72.8845376, 0.0 ], [ 19.2166798, 72.8839396, 0.0 ], [ 19.2166801, 72.8839387, 0.0 ], [ 19.2172237, 72.8823469, 0.0 ], [ 19.2173228, 72.8820568, 0.0 ], [ 19.2165296, 72.8811391, 0.0 ], [ 19.216375, 72.8809605, 0.0 ], [ 19.21613, 72.8806696, 0.0 ], [ 19.215193, 72.8795573, 0.0 ], [ 19.2149746, 72.8793706, 0.0 ], [ 19.2148906, 72.8792989, 0.0 ], [ 19.2147627, 72.8791432, 0.0 ], [ 19.2147624, 72.8791428, 0.0 ], [ 19.214555, 72.8788357, 0.0 ], [ 19.2145217, 72.8787864, 0.0 ], [ 19.214323, 72.8784943, 0.0 ], [ 19.2141135, 72.8781999, 0.0 ], [ 19.2141111, 72.8781965, 0.0 ], [ 19.2141112, 72.8781961, 0.0 ], [ 19.2141119, 72.8781926, 0.0 ], [ 19.2141776, 72.8777182, 0.0 ], [ 19.2141836, 72.8776746, 0.0 ], [ 19.2142504, 72.8776652, 0.0 ], [ 19.2143013, 72.8776511, 0.0 ], [ 19.2143757, 72.8776214, 0.0 ], [ 19.2144459, 72.8775813, 0.0 ], [ 19.2144575, 72.8768327, 0.0 ], [ 19.2144799, 72.8751513, 0.0 ], [ 19.2144869, 72.8742597, 0.0 ], [ 19.2144942, 72.8726547, 0.0 ], [ 19.2145175, 72.8721735, 0.0 ], [ 19.2145429, 72.8716493, 0.0 ], [ 19.2145311, 72.8704473, 0.0 ], [ 19.2145537, 72.8692015, 0.0 ], [ 19.2145346, 72.8689433, 0.0 ], [ 19.2145253, 72.8688972, 0.0 ], [ 19.2141106, 72.8675697, 0.0 ], [ 19.2141098, 72.8675705, 0.0 ], [ 19.2137153, 72.8660297, 0.0 ], [ 19.2133284, 72.8645534, 0.0 ], [ 19.2130703, 72.8634797, 0.0 ], [ 19.2131513, 72.8630669, 0.0 ], [ 19.2130927, 72.8621312, 0.0 ], [ 19.2130012, 72.860626, 0.0 ], [ 19.2129722, 72.8589058, 0.0 ], [ 19.2129701, 72.8587836, 0.0 ], [ 19.2128924, 72.8574389, 0.0 ], [ 19.2129092, 72.8568362, 0.0 ], [ 19.2129494, 72.8563963, 0.0 ], [ 19.2129858, 72.8562502, 0.0 ], [ 19.2131515, 72.8557359, 0.0 ], [ 19.2137596, 72.8540961, 0.0 ], [ 19.2138561, 72.853786, 0.0 ], [ 19.2139064, 72.8535971, 0.0 ], [ 19.2139162, 72.8534212, 0.0 ], [ 19.2138835, 72.8528668, 0.0 ], [ 19.2138259, 72.8524307, 0.0 ], [ 19.2137422, 72.8518459, 0.0 ], [ 19.2136341, 72.8516263, 0.0 ], [ 19.2135389, 72.8514872, 0.0 ], [ 19.2138551, 72.8511557, 0.0 ], [ 19.2134119, 72.8504383, 0.0 ], [ 19.2132338, 72.8500708, 0.0 ], [ 19.2129562, 72.8494982, 0.0 ], [ 19.2126979, 72.8489037, 0.0 ], [ 19.2124423, 72.8482423, 0.0 ], [ 19.2122996, 72.847658, 0.0 ], [ 19.2122404, 72.8472371, 0.0 ], [ 19.2121829, 72.8466767, 0.0 ], [ 19.2121509, 72.8462698, 0.0 ], [ 19.2121543, 72.8459802, 0.0 ], [ 19.212199, 72.8454507, 0.0 ], [ 19.2123202, 72.844788, 0.0 ], [ 19.212588, 72.843771, 0.0 ], [ 19.2128093, 72.8430733, 0.0 ], [ 19.2129404, 72.8424109, 0.0 ], [ 19.2131174, 72.8418984, 0.0 ], [ 19.2134045, 72.84115, 0.0 ], [ 19.2136724, 72.840656, 0.0 ], [ 19.2141851, 72.8397845, 0.0 ], [ 19.2151008, 72.8382572, 0.0 ], [ 19.2151073, 72.8377691, 0.0 ], [ 19.2151217, 72.8375876, 0.0 ], [ 19.2151495, 72.8373834, 0.0 ], [ 19.2151879, 72.8371023, 0.0 ], [ 19.2152544, 72.8366883, 0.0 ], [ 19.2153011, 72.8363931, 0.0 ], [ 19.2153624, 72.836024, 0.0 ], [ 19.2153823, 72.8357761, 0.0 ], [ 19.2153321, 72.833244, 0.0 ], [ 19.2153289, 72.8329724, 0.0 ], [ 19.2153267, 72.8326502, 0.0 ], [ 19.2153245, 72.8322588, 0.0 ], [ 19.2153235, 72.8320723, 0.0 ], [ 19.2153215, 72.8317207, 0.0 ], [ 19.2153213, 72.8311057, 0.0 ], [ 19.2153213, 72.8307541, 0.0 ], [ 19.2153213, 72.8305878, 0.0 ], [ 19.2153212, 72.8301495, 0.0 ], [ 19.2153201, 72.8299711, 0.0 ], [ 19.2153178, 72.8295876, 0.0 ], [ 19.2153069, 72.8289939, 0.0 ], [ 19.2153055, 72.8289433, 0.0 ], [ 19.215306, 72.8288725, 0.0 ], [ 19.2153085, 72.828523, 0.0 ], [ 19.215318, 72.8280688, 0.0 ], [ 19.215338, 72.8276206, 0.0 ], [ 19.2153451, 72.8274629, 0.0 ], [ 19.2153525, 72.8272889, 0.0 ], [ 19.2153643, 72.8270128, 0.0 ], [ 19.2153793, 72.8266626, 0.0 ], [ 19.2153962, 72.826326, 0.0 ], [ 19.2154048, 72.8261456, 0.0 ], [ 19.2154137, 72.8259599, 0.0 ], [ 19.2154262, 72.825697, 0.0 ], [ 19.2154294, 72.8256312, 0.0 ], [ 19.2154397, 72.82527, 0.0 ], [ 19.2154439, 72.8251253, 0.0 ], [ 19.2154515, 72.8249769, 0.0 ], [ 19.2154718, 72.8245755, 0.0 ], [ 19.2154881, 72.8241345, 0.0 ], [ 19.2154964, 72.8239105, 0.0 ], [ 19.2155202, 72.8233981, 0.0 ], [ 19.2155339, 72.8231253, 0.0 ], [ 19.2155586, 72.8224999, 0.0 ], [ 19.2155702, 72.8222499, 0.0 ], [ 19.2155882, 72.8219488, 0.0 ], [ 19.2156022, 72.8216477, 0.0 ], [ 19.2156119, 72.8213362, 0.0 ], [ 19.2156079, 72.8209757, 0.0 ], [ 19.2155782, 72.8205296, 0.0 ], [ 19.2155273, 72.8200816, 0.0 ], [ 19.2154924, 72.8197212, 0.0 ], [ 19.2154476, 72.8192545, 0.0 ], [ 19.2153863, 72.8186142, 0.0 ], [ 19.2153206, 72.8179286, 0.0 ], [ 19.2152545, 72.8173684, 0.0 ], [ 19.2152038, 72.8168798, 0.0 ], [ 19.2151651, 72.8164317, 0.0 ], [ 19.2151562, 72.8163292, 0.0 ], [ 19.2151222, 72.815935, 0.0 ], [ 19.2150742, 72.8155083, 0.0 ], [ 19.2150251, 72.8150355, 0.0 ], [ 19.2149793, 72.8145866, 0.0 ], [ 19.2147338, 72.8126176, 0.0 ], [ 19.2146087, 72.8110646, 0.0 ], [ 19.2141438, 72.8036061, 0.0 ], [ 19.2144201, 72.8037008, 0.0 ], [ 19.214452, 72.8037106, 0.0 ], [ 19.2145296, 72.8037343, 0.0 ], [ 19.2158023, 72.8041233, 0.0 ], [ 19.2159419, 72.8041455, 0.0 ], [ 19.2163123, 72.8042044, 0.0 ], [ 19.2167765, 72.8043943, 0.0 ], [ 19.2170168, 72.8045509, 0.0 ], [ 19.2171178, 72.8052491, 0.0 ], [ 19.2172019, 72.8060305, 0.0 ], [ 19.2172305, 72.8060564, 0.0 ], [ 19.2173225, 72.80614, 0.0 ], [ 19.2174645, 72.8062688, 0.0 ], [ 19.2189735, 72.8069968, 0.0 ], [ 19.2193363, 72.8071718, 0.0 ], [ 19.2196698, 72.8071805, 0.0 ], [ 19.2203889, 72.8069895, 0.0 ], [ 19.2204095, 72.8069777, 0.0 ], [ 19.2210817, 72.8065931, 0.0 ], [ 19.2213958, 72.8061035, 0.0 ], [ 19.2214072, 72.8060857, 0.0 ], [ 19.221461, 72.8060018, 0.0 ], [ 19.2220844, 72.8050303, 0.0 ], [ 19.2223588, 72.8046131, 0.0 ], [ 19.222715, 72.8040716, 0.0 ], [ 19.2229459, 72.8026966, 0.0 ], [ 19.2230529, 72.8023219, 0.0 ], [ 19.2235578, 72.8005542, 0.0 ], [ 19.2244627, 72.7983909, 0.0 ], [ 19.2244259, 72.7975271, 0.0 ], [ 19.2243969, 72.7968478, 0.0 ], [ 19.2243864, 72.7966177, 0.0 ], [ 19.2243712, 72.7962867, 0.0 ], [ 19.2245075, 72.7959599, 0.0 ], [ 19.2248801, 72.7952347, 0.0 ], [ 19.2249755, 72.79518, 0.0 ], [ 19.2250604, 72.7951313, 0.0 ], [ 19.2251531, 72.7950794, 0.0 ], [ 19.225301, 72.7949969, 0.0 ], [ 19.2256091, 72.7948247, 0.0 ], [ 19.22561, 72.7948242, 0.0 ], [ 19.22561, 72.7948237, 0.0 ], [ 19.2255689, 72.794409, 0.0 ], [ 19.2254746, 72.7923155, 0.0 ], [ 19.2253501, 72.7906748, 0.0 ], [ 19.2253483, 72.7906505, 0.0 ], [ 19.2253456, 72.7906147, 0.0 ], [ 19.2251415, 72.7879586, 0.0 ], [ 19.2251135, 72.7864427, 0.0 ], [ 19.2250984, 72.7861262, 0.0 ], [ 19.2250441, 72.7849879, 0.0 ], [ 19.2249675, 72.7843118, 0.0 ], [ 19.224864, 72.7839073, 0.0 ], [ 19.2248509, 72.7838634, 0.0 ], [ 19.2248474, 72.7838518, 0.0 ], [ 19.2247388, 72.7834882, 0.0 ], [ 19.2247153, 72.7831984, 0.0 ], [ 19.2246825, 72.7831938, 0.0 ], [ 19.2246781, 72.7831035, 0.0 ], [ 19.2246754, 72.7830482, 0.0 ], [ 19.2246701, 72.7829401, 0.0 ], [ 19.2246701, 72.7829397, 0.0 ], [ 19.2246679, 72.7829343, 0.0 ], [ 19.2246473, 72.7828842, 0.0 ], [ 19.22464, 72.7828781, 0.0 ], [ 19.224572, 72.7828225, 0.0 ], [ 19.2245671, 72.7828185, 0.0 ], [ 19.2245669, 72.7828183, 0.0 ], [ 19.2245269, 72.7827855, 0.0 ], [ 19.2245219, 72.7827814, 0.0 ], [ 19.224458, 72.782729, 0.0 ], [ 19.2244215, 72.7827053, 0.0 ], [ 19.2243756, 72.7826755, 0.0 ], [ 19.2243146, 72.7826358, 0.0 ], [ 19.2242705, 72.7825367, 0.0 ], [ 19.2242808, 72.7824929, 0.0 ], [ 19.2242856, 72.7823843, 0.0 ], [ 19.224282, 72.7822348, 0.0 ], [ 19.224237, 72.7821728, 0.0 ], [ 19.2241229, 72.7821451, 0.0 ], [ 19.2240939, 72.7821083, 0.0 ], [ 19.2239768, 72.7821124, 0.0 ], [ 19.2238106, 72.7821067, 0.0 ], [ 19.2237951, 72.7820982, 0.0 ], [ 19.2235793, 72.7820122, 0.0 ], [ 19.2233065, 72.7819036, 0.0 ], [ 19.2229412, 72.7811603, 0.0 ], [ 19.2228912, 72.7810585, 0.0 ], [ 19.222873, 72.7810466, 0.0 ], [ 19.2228137, 72.7810078, 0.0 ], [ 19.2227503, 72.7810086, 0.0 ], [ 19.2225755, 72.7809981, 0.0 ], [ 19.2225005, 72.7810523, 0.0 ], [ 19.2224845, 72.7810638, 0.0 ], [ 19.2224842, 72.7810641, 0.0 ], [ 19.2224423, 72.7810717, 0.0 ], [ 19.2220957, 72.7811354, 0.0 ], [ 19.2219609, 72.7811601, 0.0 ], [ 19.2215724, 72.7812256, 0.0 ], [ 19.2215016, 72.7812365, 0.0 ], [ 19.2214118, 72.7812502, 0.0 ], [ 19.2208406, 72.7813379, 0.0 ], [ 19.2202804, 72.7814248, 0.0 ], [ 19.2202801, 72.7814249, 0.0 ], [ 19.2201985, 72.781434, 0.0 ], [ 19.2201983, 72.781434, 0.0 ], [ 19.2201983, 72.7814338, 0.0 ], [ 19.2201733, 72.7813068, 0.0 ], [ 19.2201574, 72.7812255, 0.0 ], [ 19.2201716, 72.7811445, 0.0 ], [ 19.2201668, 72.7810878, 0.0 ], [ 19.2201483, 72.7808672, 0.0 ], [ 19.2199575, 72.7808085, 0.0 ], [ 19.2198511, 72.7807975, 0.0 ], [ 19.2198512, 72.78071, 0.0 ], [ 19.2198515, 72.7806233, 0.0 ], [ 19.2198515, 72.780623, 0.0 ], [ 19.2198523, 72.7802606, 0.0 ], [ 19.2198524, 72.7802152, 0.0 ], [ 19.2198524, 72.7802134, 0.0 ], [ 19.2197719, 72.7801671, 0.0 ], [ 19.2196699, 72.7801085, 0.0 ], [ 19.2195333, 72.7801351, 0.0 ], [ 19.2195174, 72.7801382, 0.0 ], [ 19.2195098, 72.7801396, 0.0 ], [ 19.2194789, 72.7801457, 0.0 ], [ 19.2191958, 72.7802007, 0.0 ], [ 19.2190861, 72.7802285, 0.0 ], [ 19.2190096, 72.7802914, 0.0 ], [ 19.2189201, 72.7804424, 0.0 ], [ 19.2188858, 72.7805003, 0.0 ], [ 19.2188626, 72.7805396, 0.0 ], [ 19.2186667, 72.7807677, 0.0 ], [ 19.2187018, 72.780849, 0.0 ], [ 19.2186985, 72.7808504, 0.0 ], [ 19.2186166, 72.7808833, 0.0 ], [ 19.2185735, 72.7809136, 0.0 ], [ 19.2185681, 72.7809703, 0.0 ], [ 19.218579, 72.7810099, 0.0 ], [ 19.2185303, 72.7810347, 0.0 ], [ 19.2185045, 72.7810366, 0.0 ], [ 19.2184692, 72.7810393, 0.0 ], [ 19.2183748, 72.7808885, 0.0 ], [ 19.2182923, 72.7807863, 0.0 ], [ 19.218201, 72.7806732, 0.0 ], [ 19.2181629, 72.7806339, 0.0 ], [ 19.2181607, 72.7806316, 0.0 ], [ 19.2181404, 72.7806106, 0.0 ], [ 19.2181394, 72.7806096, 0.0 ], [ 19.217928, 72.7802918, 0.0 ], [ 19.2179344, 72.7799814, 0.0 ], [ 19.2180944, 72.7797652, 0.0 ], [ 19.2182554, 72.779624, 0.0 ], [ 19.2184068, 72.7795363, 0.0 ], [ 19.2185981, 72.7793839, 0.0 ], [ 19.2187795, 72.7792531, 0.0 ], [ 19.2189884, 72.7792104, 0.0 ], [ 19.2191534, 72.7790688, 0.0 ], [ 19.2193631, 72.7790678, 0.0 ], [ 19.2195144, 72.7790671, 0.0 ], [ 19.2195727, 72.7790668, 0.0 ], [ 19.2201741, 72.779073, 0.0 ], [ 19.2204469, 72.7790688, 0.0 ], [ 19.2204417, 72.7787996, 0.0 ], [ 19.2204322, 72.7783006, 0.0 ], [ 19.2209758, 72.7780334, 0.0 ], [ 19.2211991, 72.7779256, 0.0 ], [ 19.221682, 72.7776926, 0.0 ], [ 19.221798, 72.7774626, 0.0 ], [ 19.2221504, 72.7767759, 0.0 ], [ 19.2221505, 72.7767759, 0.0 ], [ 19.22299, 72.7767718, 0.0 ], [ 19.2235608, 72.7763902, 0.0 ], [ 19.2240434, 72.7763654, 0.0 ], [ 19.2240864, 72.7763647, 0.0 ], [ 19.2241509, 72.7763636, 0.0 ], [ 19.2242869, 72.7763577, 0.0 ], [ 19.2244225, 72.7763518, 0.0 ], [ 19.2249451, 72.776333, 0.0 ], [ 19.2252171, 72.7764001, 0.0 ], [ 19.2255639, 72.776485, 0.0 ], [ 19.2259482, 72.7765806, 0.0 ], [ 19.2259483, 72.776581, 0.0 ], [ 19.2262033, 72.7769701, 0.0 ], [ 19.2263495, 72.7772892, 0.0 ], [ 19.2264444, 72.7775769, 0.0 ], [ 19.2265255, 72.7778171, 0.0 ], [ 19.2265832, 72.7778567, 0.0 ], [ 19.2266637, 72.777912, 0.0 ], [ 19.2267577, 72.7779766, 0.0 ], [ 19.2273389, 72.7783328, 0.0 ], [ 19.2277496, 72.7785845, 0.0 ], [ 19.228159, 72.7788379, 0.0 ], [ 19.2283889, 72.7789803, 0.0 ], [ 19.2285583, 72.7790851, 0.0 ], [ 19.2286093, 72.7791172, 0.0 ], [ 19.2286167, 72.7791218, 0.0 ], [ 19.2291291, 72.7794438, 0.0 ], [ 19.2291961, 72.7794923, 0.0 ], [ 19.2292443, 72.7795226, 0.0 ], [ 19.2294119, 72.7796257, 0.0 ], [ 19.2295437, 72.7797123, 0.0 ], [ 19.2295579, 72.7797214, 0.0 ], [ 19.2295663, 72.7797269, 0.0 ], [ 19.2299869, 72.7799976, 0.0 ], [ 19.2310114, 72.780641, 0.0 ], [ 19.2312394, 72.7806588, 0.0 ], [ 19.2314425, 72.7806454, 0.0 ], [ 19.2318068, 72.7805013, 0.0 ], [ 19.2321402, 72.7803363, 0.0 ], [ 19.2324943, 72.7801924, 0.0 ], [ 19.2328392, 72.7801343, 0.0 ], [ 19.2331136, 72.7801306, 0.0 ], [ 19.2335181, 72.7799539, 0.0 ], [ 19.2341983, 72.7798806, 0.0 ], [ 19.2351015, 72.7797507, 0.0 ], [ 19.2354768, 72.7796814, 0.0 ], [ 19.2358213, 72.7795912, 0.0 ], [ 19.2361897, 72.7794838, 0.0 ], [ 19.2362807, 72.779418, 0.0 ], [ 19.2367317, 72.7791396, 0.0 ], [ 19.2368565, 72.7791107, 0.0 ], [ 19.2369789, 72.7790823, 0.0 ], [ 19.2378311, 72.7793394, 0.0 ], [ 19.238015, 72.7794118, 0.0 ], [ 19.2380971, 72.779475, 0.0 ], [ 19.2382008, 72.7796448, 0.0 ], [ 19.2382856, 72.7799326, 0.0 ], [ 19.2382989, 72.7800139, 0.0 ], [ 19.2385642, 72.7802714, 0.0 ], [ 19.2389935, 72.7804689, 0.0 ], [ 19.2393829, 72.7807206, 0.0 ], [ 19.2395976, 72.7808247, 0.0 ], [ 19.2398225, 72.7809287, 0.0 ], [ 19.2400164, 72.7809903, 0.0 ], [ 19.2404657, 72.7811555, 0.0 ], [ 19.2407305, 72.7811948, 0.0 ], [ 19.240954, 72.7811811, 0.0 ], [ 19.2412487, 72.7811771, 0.0 ], [ 19.2414415, 72.7811424, 0.0 ], [ 19.2416436, 72.7810434, 0.0 ], [ 19.2419475, 72.7809537, 0.0 ], [ 19.242191, 72.7809183, 0.0 ], [ 19.2424248, 72.7809151, 0.0 ], [ 19.2428529, 72.7810057, 0.0 ], [ 19.2430473, 72.7810089, 0.0 ], [ 19.24332, 72.7810724, 0.0 ], [ 19.2434852, 72.7811123, 0.0 ], [ 19.2436505, 72.7811522, 0.0 ], [ 19.2437975, 72.7811881, 0.0 ], [ 19.2439926, 72.781236, 0.0 ], [ 19.2442662, 72.7812993, 0.0 ], [ 19.2443866, 72.7813274, 0.0 ], [ 19.2445819, 72.7814436, 0.0 ], [ 19.2447652, 72.7815527, 0.0 ], [ 19.2450735, 72.7817173, 0.0 ], [ 19.245149, 72.7817615, 0.0 ], [ 19.2456985, 72.7819358, 0.0 ], [ 19.2457094, 72.7819405, 0.0 ], [ 19.2457203, 72.7819452, 0.0 ], [ 19.2474973, 72.7824641, 0.0 ], [ 19.247559, 72.7824813, 0.0 ], [ 19.2475591, 72.7824814, 0.0 ], [ 19.2475592, 72.7824814, 0.0 ], [ 19.2476354, 72.782503, 0.0 ], [ 19.2477915, 72.7825492, 0.0 ], [ 19.2478129, 72.7825548, 0.0 ], [ 19.2480281, 72.7826122, 0.0 ], [ 19.2481403, 72.7826457, 0.0 ], [ 19.2481405, 72.7826458, 0.0 ], [ 19.2481751, 72.7826562, 0.0 ], [ 19.2481754, 72.7826563, 0.0 ], [ 19.2483105, 72.7826916, 0.0 ], [ 19.2483946, 72.7827173, 0.0 ], [ 19.2485015, 72.7827471, 0.0 ], [ 19.2485015, 72.7827471, 0.0 ], [ 19.2487055, 72.7828051, 0.0 ], [ 19.2487056, 72.7828052, 0.0 ], [ 19.2488709, 72.7828525, 0.0 ], [ 19.249199, 72.7829439, 0.0 ], [ 19.2502889, 72.7830892, 0.0 ], [ 19.2509297, 72.7831127, 0.0 ], [ 19.2513159, 72.7831075, 0.0 ], [ 19.2516801, 72.7830771, 0.0 ], [ 19.2520396, 72.7830528, 0.0 ], [ 19.2521137, 72.7830479, 0.0 ], [ 19.2521138, 72.7830479, 0.0 ], [ 19.252129, 72.7830468, 0.0 ], [ 19.252129, 72.7830468, 0.0 ], [ 19.2527638, 72.7830065, 0.0 ], [ 19.253268, 72.7831156, 0.0 ], [ 19.2532682, 72.7831156, 0.0 ], [ 19.2535289, 72.7830711, 0.0 ], [ 19.2537837, 72.7830351, 0.0 ], [ 19.2540061, 72.7829992, 0.0 ], [ 19.2543798, 72.7829345, 0.0 ], [ 19.2546998, 72.7828413, 0.0 ], [ 19.2548959, 72.7828277, 0.0 ], [ 19.2549176, 72.7828262, 0.0 ], [ 19.2553408, 72.7827966, 0.0 ], [ 19.255341, 72.7827966, 0.0 ], [ 19.2554376, 72.7828074, 0.0 ], [ 19.2558654, 72.7827146, 0.0 ], [ 19.2561996, 72.7826137, 0.0 ], [ 19.2566051, 72.7825226, 0.0 ], [ 19.2566859, 72.7824787, 0.0 ], [ 19.256878, 72.7823905, 0.0 ], [ 19.2571511, 72.7822798, 0.0 ], [ 19.2573734, 72.7821698, 0.0 ], [ 19.2582357, 72.782019, 0.0 ], [ 19.2585, 72.7820155, 0.0 ], [ 19.2588857, 72.7819675, 0.0 ], [ 19.2590473, 72.7818797, 0.0 ], [ 19.2593201, 72.7817476, 0.0 ], [ 19.2595124, 72.78167, 0.0 ], [ 19.2596648, 72.781668, 0.0 ], [ 19.2597667, 72.781688, 0.0 ], [ 19.2598798, 72.7817935, 0.0 ], [ 19.2599126, 72.7819858, 0.0 ], [ 19.2598741, 72.7821576, 0.0 ], [ 19.2598668, 72.7823932, 0.0 ], [ 19.2598584, 72.7825431, 0.0 ], [ 19.2599424, 72.7827668, 0.0 ], [ 19.2600773, 72.7829898, 0.0 ], [ 19.2605482, 72.7832617, 0.0 ], [ 19.260772, 72.7832694, 0.0 ], [ 19.2611618, 72.7835639, 0.0 ], [ 19.2615415, 72.7838585, 0.0 ], [ 19.2618389, 72.7840686, 0.0 ], [ 19.2620952, 72.7842471, 0.0 ], [ 19.2624933, 72.7843809, 0.0 ], [ 19.2628405, 72.7845154, 0.0 ], [ 19.2631354, 72.7845222, 0.0 ], [ 19.2633991, 72.7844651, 0.0 ], [ 19.2636113, 72.7843659, 0.0 ], [ 19.2637727, 72.7842567, 0.0 ], [ 19.2638734, 72.7841804, 0.0 ], [ 19.2640355, 72.7841354, 0.0 ], [ 19.2643088, 72.7840354, 0.0 ], [ 19.2645324, 72.7840324, 0.0 ], [ 19.2646646, 72.7840413, 0.0 ], [ 19.2647779, 72.7841575, 0.0 ], [ 19.2647904, 72.7843501, 0.0 ], [ 19.2647592, 72.7845016, 0.0 ], [ 19.2646315, 72.7848106, 0.0 ], [ 19.2645085, 72.7851077, 0.0 ], [ 19.2642568, 72.7857158, 0.0 ], [ 19.2641668, 72.7859342, 0.0 ], [ 19.2640769, 72.7861526, 0.0 ], [ 19.2639664, 72.7864201, 0.0 ], [ 19.2638955, 72.7865911, 0.0 ], [ 19.2637042, 72.787062, 0.0 ], [ 19.2635344, 72.7874879, 0.0 ], [ 19.263206, 72.7883112, 0.0 ], [ 19.2616734, 72.789681, 0.0 ], [ 19.2614731, 72.7898601, 0.0 ] ] ] } },
{ "type": "Feature", "id": 15, "properties": { "Name": "\n    K/E\n   ", "tessellate": 1, "extrude": 0, "visibility": -1, "NAME2": "K/E\n", "OBJECTID": 16, "Shape__Area": 23982723.722399998, "Shape__Length": 24964.4293297 }, "geometry": { "type": "Polygon", "coordinates": [ [ [ 19.1295379, 72.8847716, 0.0 ], [ 19.1293941, 72.8843751, 0.0 ], [ 19.128919, 72.8842152, 0.0 ], [ 19.1284388, 72.8842289, 0.0 ], [ 19.1280675, 72.8843619, 0.0 ], [ 19.1276832, 72.8846081, 0.0 ], [ 19.127424, 72.8851395, 0.0 ], [ 19.1274606, 72.885619, 0.0 ], [ 19.1274292, 72.8857517, 0.0 ], [ 19.127211, 72.886337, 0.0 ], [ 19.1271237, 72.88648, 0.0 ], [ 19.1270292, 72.8865109, 0.0 ], [ 19.126599, 72.8866691, 0.0 ], [ 19.1265476, 72.8866881, 0.0 ], [ 19.1259145, 72.886661, 0.0 ], [ 19.1255636, 72.8867432, 0.0 ], [ 19.1251095, 72.8868418, 0.0 ], [ 19.1245742, 72.8870553, 0.0 ], [ 19.124463, 72.8870711, 0.0 ], [ 19.1244504, 72.8870743, 0.0 ], [ 19.1241689, 72.8871761, 0.0 ], [ 19.1238845, 72.8872993, 0.0 ], [ 19.1236378, 72.8874035, 0.0 ], [ 19.1235693, 72.8874333, 0.0 ], [ 19.1235237, 72.8874506, 0.0 ], [ 19.1235093, 72.8874539, 0.0 ], [ 19.1234619, 72.8874591, 0.0 ], [ 19.1234426, 72.8874612, 0.0 ], [ 19.1230497, 72.8875026, 0.0 ], [ 19.1227932, 72.8875296, 0.0 ], [ 19.1225579, 72.887694, 0.0 ], [ 19.1224464, 72.8877825, 0.0 ], [ 19.1223159, 72.8880279, 0.0 ], [ 19.1222567, 72.888061, 0.0 ], [ 19.1220048, 72.8884514, 0.0 ], [ 19.1219218, 72.8885801, 0.0 ], [ 19.1219165, 72.8885882, 0.0 ], [ 19.1218165, 72.8885732, 0.0 ], [ 19.1216495, 72.8885482, 0.0 ], [ 19.1216267, 72.8885448, 0.0 ], [ 19.1214912, 72.8885244, 0.0 ], [ 19.1214366, 72.8883804, 0.0 ], [ 19.1212401, 72.8878635, 0.0 ], [ 19.121099, 72.8872996, 0.0 ], [ 19.1210939, 72.8872706, 0.0 ], [ 19.1208558, 72.8868877, 0.0 ], [ 19.1208018, 72.8868009, 0.0 ], [ 19.1206682, 72.886633, 0.0 ], [ 19.1202714, 72.8864267, 0.0 ], [ 19.1202196, 72.88641, 0.0 ], [ 19.1199576, 72.8863257, 0.0 ], [ 19.1199382, 72.8863169, 0.0 ], [ 19.1195707, 72.8862737, 0.0 ], [ 19.1193573, 72.8862505, 0.0 ], [ 19.1190647, 72.8861567, 0.0 ], [ 19.1190034, 72.8861371, 0.0 ], [ 19.1186868, 72.8858951, 0.0 ], [ 19.1186297, 72.8858485, 0.0 ], [ 19.1186207, 72.8858479, 0.0 ], [ 19.1185761, 72.8858452, 0.0 ], [ 19.1183921, 72.8858288, 0.0 ], [ 19.1183367, 72.8858286, 0.0 ], [ 19.1181061, 72.8858969, 0.0 ], [ 19.1177045, 72.8859477, 0.0 ], [ 19.1173434, 72.8860112, 0.0 ], [ 19.1169032, 72.8861229, 0.0 ], [ 19.1168005, 72.8861261, 0.0 ], [ 19.1164775, 72.8861359, 0.0 ], [ 19.1163101, 72.8861436, 0.0 ], [ 19.1160687, 72.8861595, 0.0 ], [ 19.1157772, 72.886309, 0.0 ], [ 19.1156873, 72.8864896, 0.0 ], [ 19.1154897, 72.886585, 0.0 ], [ 19.1153805, 72.8866975, 0.0 ], [ 19.1153561, 72.8866982, 0.0 ], [ 19.1153279, 72.8867047, 0.0 ], [ 19.1150303, 72.8868704, 0.0 ], [ 19.1146932, 72.887049, 0.0 ], [ 19.1144911, 72.8871445, 0.0 ], [ 19.1140572, 72.8873205, 0.0 ], [ 19.1138551, 72.8872603, 0.0 ], [ 19.1138086, 72.8872413, 0.0 ], [ 19.1135288, 72.8871391, 0.0 ], [ 19.1134023, 72.8868528, 0.0 ], [ 19.1132918, 72.8867034, 0.0 ], [ 19.113047, 72.8866714, 0.0 ], [ 19.1128734, 72.8862667, 0.0 ], [ 19.1126965, 72.8858747, 0.0 ], [ 19.1125273, 72.8858336, 0.0 ], [ 19.1124933, 72.8859874, 0.0 ], [ 19.1123653, 72.8858023, 0.0 ], [ 19.1123513, 72.8857821, 0.0 ], [ 19.1121842, 72.8855406, 0.0 ], [ 19.1120212, 72.8854606, 0.0 ], [ 19.111631, 72.8852691, 0.0 ], [ 19.1110157, 72.8853576, 0.0 ], [ 19.1108873, 72.8855704, 0.0 ], [ 19.1107791, 72.8856988, 0.0 ], [ 19.1107437, 72.8857782, 0.0 ], [ 19.1105846, 72.885989, 0.0 ], [ 19.110557, 72.8860295, 0.0 ], [ 19.1103746, 72.8861943, 0.0 ], [ 19.1102982, 72.8862632, 0.0 ], [ 19.1100136, 72.8867003, 0.0 ], [ 19.1098412, 72.8869561, 0.0 ], [ 19.10981, 72.8869714, 0.0 ], [ 19.1097161, 72.8870191, 0.0 ], [ 19.1096245, 72.887053, 0.0 ], [ 19.1096173, 72.8870552, 0.0 ], [ 19.1095598, 72.8870738, 0.0 ], [ 19.1092474, 72.8870566, 0.0 ], [ 19.1090881, 72.8870186, 0.0 ], [ 19.1089206, 72.8869093, 0.0 ], [ 19.1088899, 72.8868927, 0.0 ], [ 19.1088438, 72.8868776, 0.0 ], [ 19.1087242, 72.8868622, 0.0 ], [ 19.1084862, 72.8868246, 0.0 ], [ 19.1084553, 72.8868235, 0.0 ], [ 19.1084039, 72.8868064, 0.0 ], [ 19.1081585, 72.8866676, 0.0 ], [ 19.1080091, 72.8866252, 0.0 ], [ 19.107745, 72.8865334, 0.0 ], [ 19.1077136, 72.8865365, 0.0 ], [ 19.1077097, 72.8865352, 0.0 ], [ 19.1076839, 72.8865265, 0.0 ], [ 19.107666, 72.8865074, 0.0 ], [ 19.1072379, 72.8863433, 0.0 ], [ 19.1071908, 72.8862957, 0.0 ], [ 19.1071545, 72.8862649, 0.0 ], [ 19.1069777, 72.8861206, 0.0 ], [ 19.106842, 72.8860136, 0.0 ], [ 19.1067618, 72.8859461, 0.0 ], [ 19.1067056, 72.8858378, 0.0 ], [ 19.1066839, 72.8856968, 0.0 ], [ 19.1063899, 72.885102, 0.0 ], [ 19.1063715, 72.8850634, 0.0 ], [ 19.106303, 72.8849045, 0.0 ], [ 19.1060908, 72.8848307, 0.0 ], [ 19.1060867, 72.8846539, 0.0 ], [ 19.1060306, 72.8845342, 0.0 ], [ 19.105955, 72.884434, 0.0 ], [ 19.1059089, 72.8843984, 0.0 ], [ 19.1055413, 72.8841085, 0.0 ], [ 19.1054236, 72.8841258, 0.0 ], [ 19.1052994, 72.8841208, 0.0 ], [ 19.1051262, 72.8841032, 0.0 ], [ 19.1050223, 72.8840762, 0.0 ], [ 19.1049095, 72.8840496, 0.0 ], [ 19.1046447, 72.8841092, 0.0 ], [ 19.1042456, 72.8838859, 0.0 ], [ 19.1040514, 72.8838217, 0.0 ], [ 19.103821, 72.8836387, 0.0 ], [ 19.1037942, 72.8835392, 0.0 ], [ 19.1037538, 72.8831978, 0.0 ], [ 19.1037197, 72.883129, 0.0 ], [ 19.1036668, 72.8830488, 0.0 ], [ 19.1034105, 72.8827056, 0.0 ], [ 19.1033805, 72.8827098, 0.0 ], [ 19.1032924, 72.8825451, 0.0 ], [ 19.1031278, 72.8822193, 0.0 ], [ 19.1030278, 72.8820008, 0.0 ], [ 19.1028895, 72.881934, 0.0 ], [ 19.1027608, 72.8814723, 0.0 ], [ 19.1027212, 72.8811815, 0.0 ], [ 19.1026457, 72.8809805, 0.0 ], [ 19.1025169, 72.8806378, 0.0 ], [ 19.1024131, 72.880361, 0.0 ], [ 19.1021934, 72.8802278, 0.0 ], [ 19.1020967, 72.8801744, 0.0 ], [ 19.1020744, 72.8801642, 0.0 ], [ 19.1019525, 72.8801081, 0.0 ], [ 19.1018908, 72.8800832, 0.0 ], [ 19.1018251, 72.8800566, 0.0 ], [ 19.1017364, 72.8800217, 0.0 ], [ 19.1017252, 72.8800173, 0.0 ], [ 19.1013543, 72.8797945, 0.0 ], [ 19.1010505, 72.8796618, 0.0 ], [ 19.100909, 72.8796, 0.0 ], [ 19.1007683, 72.8795402, 0.0 ], [ 19.1007535, 72.8795318, 0.0 ], [ 19.1006113, 72.8794723, 0.0 ], [ 19.1005555, 72.8794538, 0.0 ], [ 19.1001304, 72.8792817, 0.0 ], [ 19.099928, 72.8792038, 0.0 ], [ 19.0997502, 72.8791321, 0.0 ], [ 19.0993112, 72.8790907, 0.0 ], [ 19.0992003, 72.8790599, 0.0 ], [ 19.0989332, 72.8789525, 0.0 ], [ 19.0987067, 72.8790131, 0.0 ], [ 19.0985546, 72.879094, 0.0 ], [ 19.098493, 72.8792115, 0.0 ], [ 19.0984928, 72.879391, 0.0 ], [ 19.0985132, 72.8798079, 0.0 ], [ 19.0984806, 72.8799628, 0.0 ], [ 19.0982328, 72.8803289, 0.0 ], [ 19.0981228, 72.8805599, 0.0 ], [ 19.0980392, 72.8806778, 0.0 ], [ 19.0979133, 72.8807319, 0.0 ], [ 19.0977679, 72.8807497, 0.0 ], [ 19.0976249, 72.8807214, 0.0 ], [ 19.0974286, 72.8807387, 0.0 ], [ 19.0971725, 72.8808281, 0.0 ], [ 19.0969271, 72.8808871, 0.0 ], [ 19.0966512, 72.8809506, 0.0 ], [ 19.0965488, 72.880935, 0.0 ], [ 19.0964522, 72.8809203, 0.0 ], [ 19.0962779, 72.8808692, 0.0 ], [ 19.0960794, 72.8807602, 0.0 ], [ 19.0959235, 72.8806009, 0.0 ], [ 19.0956627, 72.8802958, 0.0 ], [ 19.0955301, 72.8801534, 0.0 ], [ 19.095427, 72.8800965, 0.0 ], [ 19.095317, 72.8800357, 0.0 ], [ 19.0952205, 72.8799803, 0.0 ], [ 19.0950425, 72.8798701, 0.0 ], [ 19.0948773, 72.8797867, 0.0 ], [ 19.0947865, 72.8797389, 0.0 ], [ 19.0945448, 72.8794817, 0.0 ], [ 19.0944752, 72.8793415, 0.0 ], [ 19.094504, 72.879132, 0.0 ], [ 19.0944063, 72.8788616, 0.0 ], [ 19.0942574, 72.8786964, 0.0 ], [ 19.0939846, 72.8785142, 0.0 ], [ 19.0935828, 72.8783646, 0.0 ], [ 19.0932937, 72.878294, 0.0 ], [ 19.0930699, 72.878291, 0.0 ], [ 19.0927605, 72.8783344, 0.0 ], [ 19.0927597, 72.8783345, 0.0 ], [ 19.0923752, 72.8783886, 0.0 ], [ 19.0922071, 72.8784138, 0.0 ], [ 19.0919602, 72.8784509, 0.0 ], [ 19.0912984, 72.8786974, 0.0 ], [ 19.0910766, 72.8789002, 0.0 ], [ 19.0908792, 72.8787155, 0.0 ], [ 19.0907626, 72.8788252, 0.0 ], [ 19.0903447, 72.8792399, 0.0 ], [ 19.0899877, 72.8790369, 0.0 ], [ 19.0897971, 72.8792277, 0.0 ], [ 19.0893564, 72.8789246, 0.0 ], [ 19.088445, 72.8787559, 0.0 ], [ 19.0877638, 72.8788566, 0.0 ], [ 19.0875808, 72.8788836, 0.0 ], [ 19.0867783, 72.8791333, 0.0 ], [ 19.0867557, 72.8791296, 0.0 ], [ 19.0867387, 72.8791289, 0.0 ], [ 19.0867236, 72.879129, 0.0 ], [ 19.08664, 72.8791294, 0.0 ], [ 19.0866079, 72.8791296, 0.0 ], [ 19.0864071, 72.8791409, 0.0 ], [ 19.0862543, 72.8791501, 0.0 ], [ 19.0862515, 72.8791503, 0.0 ], [ 19.0862061, 72.8791522, 0.0 ], [ 19.0859792, 72.8791621, 0.0 ], [ 19.086032, 72.8783165, 0.0 ], [ 19.0860421, 72.878163, 0.0 ], [ 19.0860578, 72.8779262, 0.0 ], [ 19.0860722, 72.877709, 0.0 ], [ 19.0860849, 72.8775163, 0.0 ], [ 19.0860891, 72.8774538, 0.0 ], [ 19.0860915, 72.8774175, 0.0 ], [ 19.0861432, 72.8766204, 0.0 ], [ 19.0861682, 72.8762588, 0.0 ], [ 19.0858408, 72.8762246, 0.0 ], [ 19.0851266, 72.87615, 0.0 ], [ 19.0850658, 72.8761437, 0.0 ], [ 19.085026, 72.8761393, 0.0 ], [ 19.0849916, 72.8761355, 0.0 ], [ 19.0849323, 72.8761289, 0.0 ], [ 19.0847994, 72.8760763, 0.0 ], [ 19.0847454, 72.8760044, 0.0 ], [ 19.0846588, 72.8758547, 0.0 ], [ 19.0844485, 72.8755726, 0.0 ], [ 19.0843299, 72.8754177, 0.0 ], [ 19.0839762, 72.8746739, 0.0 ], [ 19.0829985, 72.8724825, 0.0 ], [ 19.0827499, 72.8719252, 0.0 ], [ 19.0817256, 72.8701234, 0.0 ], [ 19.0824091, 72.8686292, 0.0 ], [ 19.0824555, 72.8685057, 0.0 ], [ 19.0825117, 72.8683152, 0.0 ], [ 19.0825156, 72.8681978, 0.0 ], [ 19.0824919, 72.8679803, 0.0 ], [ 19.0824438, 72.8674951, 0.0 ], [ 19.0824066, 72.8670377, 0.0 ], [ 19.0824036, 72.8667752, 0.0 ], [ 19.0824119, 72.8665741, 0.0 ], [ 19.0824474, 72.8664284, 0.0 ], [ 19.0825884, 72.8662256, 0.0 ], [ 19.082745, 72.8660002, 0.0 ], [ 19.0831968, 72.8654599, 0.0 ], [ 19.0833871, 72.865274, 0.0 ], [ 19.0835181, 72.8651479, 0.0 ], [ 19.0835938, 72.8650232, 0.0 ], [ 19.0836457, 72.864922, 0.0 ], [ 19.0836135, 72.8648561, 0.0 ], [ 19.0835749, 72.8647666, 0.0 ], [ 19.0835155, 72.864678, 0.0 ], [ 19.0834829, 72.864617, 0.0 ], [ 19.0834346, 72.8645729, 0.0 ], [ 19.0833604, 72.8645795, 0.0 ], [ 19.0831637, 72.8645596, 0.0 ], [ 19.082983, 72.8645396, 0.0 ], [ 19.0828284, 72.8644858, 0.0 ], [ 19.0826732, 72.8643817, 0.0 ], [ 19.0825286, 72.8642774, 0.0 ], [ 19.0824268, 72.8641949, 0.0 ], [ 19.0823989, 72.864078, 0.0 ], [ 19.0823336, 72.8639448, 0.0 ], [ 19.0822959, 72.8638951, 0.0 ], [ 19.0822688, 72.8638507, 0.0 ], [ 19.0822628, 72.8637894, 0.0 ], [ 19.0822458, 72.8636947, 0.0 ], [ 19.0822076, 72.8636058, 0.0 ], [ 19.0821216, 72.8635176, 0.0 ], [ 19.08203, 72.8633959, 0.0 ], [ 19.0819489, 72.8632741, 0.0 ], [ 19.0818782, 72.8631298, 0.0 ], [ 19.0818123, 72.8629408, 0.0 ], [ 19.0817618, 72.8627069, 0.0 ], [ 19.0817112, 72.8624618, 0.0 ], [ 19.0816987, 72.8623056, 0.0 ], [ 19.0816811, 72.8621606, 0.0 ], [ 19.0817, 72.8620503, 0.0 ], [ 19.0817217, 72.8619423, 0.0 ], [ 19.0817345, 72.8618883, 0.0 ], [ 19.0817613, 72.8616886, 0.0 ], [ 19.0818462, 72.8615319, 0.0 ], [ 19.0819307, 72.8613793, 0.0 ], [ 19.0819874, 72.8613144, 0.0 ], [ 19.0820135, 72.8612826, 0.0 ], [ 19.0821431, 72.8612111, 0.0 ], [ 19.0822504, 72.8611041, 0.0 ], [ 19.0823569, 72.8610179, 0.0 ], [ 19.0825049, 72.8608977, 0.0 ], [ 19.0825772, 72.8608523, 0.0 ], [ 19.082612, 72.8608192, 0.0 ], [ 19.0827212, 72.8607375, 0.0 ], [ 19.0827941, 72.8606864, 0.0 ], [ 19.0829101, 72.8606512, 0.0 ], [ 19.0830241, 72.8606163, 0.0 ], [ 19.0830704, 72.860635, 0.0 ], [ 19.0831133, 72.8606208, 0.0 ], [ 19.0832323, 72.8606101, 0.0 ], [ 19.0834547, 72.8605906, 0.0 ], [ 19.083498, 72.8605703, 0.0 ], [ 19.0835612, 72.860543, 0.0 ], [ 19.0837544, 72.8604023, 0.0 ], [ 19.0837945, 72.8602472, 0.0 ], [ 19.0838506, 72.8600015, 0.0 ], [ 19.0838791, 72.8598914, 0.0 ], [ 19.083879, 72.8598908, 0.0 ], [ 19.083879, 72.8598901, 0.0 ], [ 19.083879, 72.8598894, 0.0 ], [ 19.083879, 72.8598887, 0.0 ], [ 19.0838789, 72.8598881, 0.0 ], [ 19.0838789, 72.8598874, 0.0 ], [ 19.0838788, 72.8598867, 0.0 ], [ 19.0838788, 72.8598861, 0.0 ], [ 19.0838788, 72.8598854, 0.0 ], [ 19.0838787, 72.8598847, 0.0 ], [ 19.0838787, 72.859884, 0.0 ], [ 19.0838787, 72.8598834, 0.0 ], [ 19.0838786, 72.8598827, 0.0 ], [ 19.0838786, 72.859882, 0.0 ], [ 19.0838785, 72.8598814, 0.0 ], [ 19.0838785, 72.8598807, 0.0 ], [ 19.0838784, 72.85988, 0.0 ], [ 19.0838784, 72.8598794, 0.0 ], [ 19.0838783, 72.8598787, 0.0 ], [ 19.0838783, 72.859878, 0.0 ], [ 19.0838782, 72.8598773, 0.0 ], [ 19.0838782, 72.8598767, 0.0 ], [ 19.0838781, 72.859876, 0.0 ], [ 19.0838781, 72.8598753, 0.0 ], [ 19.083878, 72.8598747, 0.0 ], [ 19.083878, 72.859874, 0.0 ], [ 19.0838779, 72.8598733, 0.0 ], [ 19.0838778, 72.8598727, 0.0 ], [ 19.0838778, 72.859872, 0.0 ], [ 19.0838777, 72.8598713, 0.0 ], [ 19.0838776, 72.8598706, 0.0 ], [ 19.0838776, 72.85987, 0.0 ], [ 19.0838775, 72.8598693, 0.0 ], [ 19.0838774, 72.8598686, 0.0 ], [ 19.0838774, 72.859868, 0.0 ], [ 19.0838773, 72.8598673, 0.0 ], [ 19.0838772, 72.8598666, 0.0 ], [ 19.0838772, 72.859866, 0.0 ], [ 19.0838771, 72.8598653, 0.0 ], [ 19.083877, 72.8598646, 0.0 ], [ 19.083877, 72.859864, 0.0 ], [ 19.0838769, 72.8598633, 0.0 ], [ 19.0838768, 72.8598626, 0.0 ], [ 19.0838767, 72.859862, 0.0 ], [ 19.0838766, 72.8598613, 0.0 ], [ 19.0838766, 72.8598606, 0.0 ], [ 19.0838765, 72.85986, 0.0 ], [ 19.0838764, 72.8598593, 0.0 ], [ 19.0838763, 72.8598586, 0.0 ], [ 19.0838762, 72.859858, 0.0 ], [ 19.0838761, 72.8598573, 0.0 ], [ 19.0838761, 72.8598566, 0.0 ], [ 19.083876, 72.859856, 0.0 ], [ 19.0838759, 72.8598553, 0.0 ], [ 19.0838758, 72.8598546, 0.0 ], [ 19.0838757, 72.859854, 0.0 ], [ 19.0838756, 72.8598533, 0.0 ], [ 19.0838755, 72.8598526, 0.0 ], [ 19.0838754, 72.859852, 0.0 ], [ 19.0838753, 72.8598513, 0.0 ], [ 19.0838752, 72.8598506, 0.0 ], [ 19.0838751, 72.85985, 0.0 ], [ 19.083875, 72.8598493, 0.0 ], [ 19.0838749, 72.8598486, 0.0 ], [ 19.0838748, 72.859848, 0.0 ], [ 19.0838747, 72.8598473, 0.0 ], [ 19.0838746, 72.8598467, 0.0 ], [ 19.0838745, 72.859846, 0.0 ], [ 19.0838744, 72.8598453, 0.0 ], [ 19.0838743, 72.8598447, 0.0 ], [ 19.0838742, 72.859844, 0.0 ], [ 19.0838741, 72.8598433, 0.0 ], [ 19.083874, 72.8598427, 0.0 ], [ 19.0838738, 72.859842, 0.0 ], [ 19.0838737, 72.8598414, 0.0 ], [ 19.0838736, 72.8598407, 0.0 ], [ 19.0838735, 72.85984, 0.0 ], [ 19.0838734, 72.8598394, 0.0 ], [ 19.0838733, 72.8598387, 0.0 ], [ 19.0838732, 72.859838, 0.0 ], [ 19.083873, 72.8598374, 0.0 ], [ 19.0838729, 72.8598367, 0.0 ], [ 19.0838728, 72.8598361, 0.0 ], [ 19.0838727, 72.8598354, 0.0 ], [ 19.0838725, 72.8598347, 0.0 ], [ 19.0838724, 72.8598341, 0.0 ], [ 19.0838723, 72.8598334, 0.0 ], [ 19.0838722, 72.8598328, 0.0 ], [ 19.083872, 72.8598321, 0.0 ], [ 19.0838719, 72.8598315, 0.0 ], [ 19.0838718, 72.8598308, 0.0 ], [ 19.0838716, 72.8598301, 0.0 ], [ 19.0838715, 72.8598295, 0.0 ], [ 19.0838714, 72.8598288, 0.0 ], [ 19.0838712, 72.8598282, 0.0 ], [ 19.0838711, 72.8598275, 0.0 ], [ 19.083871, 72.8598269, 0.0 ], [ 19.0838708, 72.8598262, 0.0 ], [ 19.0838707, 72.8598255, 0.0 ], [ 19.0838705, 72.8598249, 0.0 ], [ 19.0838704, 72.8598242, 0.0 ], [ 19.0838703, 72.8598236, 0.0 ], [ 19.0838701, 72.8598229, 0.0 ], [ 19.08387, 72.8598223, 0.0 ], [ 19.0838698, 72.8598216, 0.0 ], [ 19.0838697, 72.859821, 0.0 ], [ 19.0838695, 72.8598203, 0.0 ], [ 19.0838694, 72.8598196, 0.0 ], [ 19.0838692, 72.859819, 0.0 ], [ 19.0838691, 72.8598183, 0.0 ], [ 19.0838689, 72.8598177, 0.0 ], [ 19.0838688, 72.859817, 0.0 ], [ 19.0838686, 72.8598164, 0.0 ], [ 19.0838684, 72.8598157, 0.0 ], [ 19.0838683, 72.8598151, 0.0 ], [ 19.0838681, 72.8598144, 0.0 ], [ 19.083868, 72.8598138, 0.0 ], [ 19.0838678, 72.8598131, 0.0 ], [ 19.0838676, 72.8598125, 0.0 ], [ 19.0838675, 72.8598118, 0.0 ], [ 19.0838673, 72.8598112, 0.0 ], [ 19.0838672, 72.8598105, 0.0 ], [ 19.083867, 72.8598099, 0.0 ], [ 19.0838668, 72.8598092, 0.0 ], [ 19.0838666, 72.8598086, 0.0 ], [ 19.0838665, 72.8598079, 0.0 ], [ 19.0838663, 72.8598073, 0.0 ], [ 19.0838661, 72.8598066, 0.0 ], [ 19.083866, 72.859806, 0.0 ], [ 19.0838658, 72.8598053, 0.0 ], [ 19.0838656, 72.8598047, 0.0 ], [ 19.0838654, 72.8598041, 0.0 ], [ 19.0838653, 72.8598034, 0.0 ], [ 19.0838651, 72.8598028, 0.0 ], [ 19.0838649, 72.8598021, 0.0 ], [ 19.0838647, 72.8598015, 0.0 ], [ 19.0838645, 72.8598008, 0.0 ], [ 19.0838643, 72.8598002, 0.0 ], [ 19.0838642, 72.8597995, 0.0 ], [ 19.083864, 72.8597989, 0.0 ], [ 19.0838638, 72.8597983, 0.0 ], [ 19.0838636, 72.8597976, 0.0 ], [ 19.0838634, 72.859797, 0.0 ], [ 19.0838632, 72.8597963, 0.0 ], [ 19.083863, 72.8597957, 0.0 ], [ 19.0838628, 72.859795, 0.0 ], [ 19.0838626, 72.8597944, 0.0 ], [ 19.0838625, 72.8597938, 0.0 ], [ 19.0838623, 72.8597931, 0.0 ], [ 19.0838621, 72.8597925, 0.0 ], [ 19.0838619, 72.8597918, 0.0 ], [ 19.0838617, 72.8597912, 0.0 ], [ 19.0838615, 72.8597906, 0.0 ], [ 19.0838613, 72.8597899, 0.0 ], [ 19.0838611, 72.8597893, 0.0 ], [ 19.0838609, 72.8597887, 0.0 ], [ 19.0838607, 72.859788, 0.0 ], [ 19.0838604, 72.8597874, 0.0 ], [ 19.0838602, 72.8597867, 0.0 ], [ 19.08386, 72.8597861, 0.0 ], [ 19.0838598, 72.8597855, 0.0 ], [ 19.0838596, 72.8597848, 0.0 ], [ 19.0838594, 72.8597842, 0.0 ], [ 19.0838592, 72.8597836, 0.0 ], [ 19.083859, 72.8597829, 0.0 ], [ 19.0838588, 72.8597823, 0.0 ], [ 19.0838586, 72.8597817, 0.0 ], [ 19.0838583, 72.859781, 0.0 ], [ 19.0838581, 72.8597804, 0.0 ], [ 19.0838579, 72.8597798, 0.0 ], [ 19.0838577, 72.8597791, 0.0 ], [ 19.0838575, 72.8597785, 0.0 ], [ 19.0838572, 72.8597779, 0.0 ], [ 19.083857, 72.8597772, 0.0 ], [ 19.0838568, 72.8597766, 0.0 ], [ 19.0838566, 72.859776, 0.0 ], [ 19.0838563, 72.8597754, 0.0 ], [ 19.0838561, 72.8597747, 0.0 ], [ 19.0838559, 72.8597741, 0.0 ], [ 19.0838557, 72.8597735, 0.0 ], [ 19.0838554, 72.8597728, 0.0 ], [ 19.0838552, 72.8597722, 0.0 ], [ 19.083855, 72.8597716, 0.0 ], [ 19.0838547, 72.859771, 0.0 ], [ 19.0838545, 72.8597703, 0.0 ], [ 19.0838543, 72.8597697, 0.0 ], [ 19.083854, 72.8597691, 0.0 ], [ 19.0838538, 72.8597685, 0.0 ], [ 19.0838535, 72.8597678, 0.0 ], [ 19.0838533, 72.8597672, 0.0 ], [ 19.0838531, 72.8597666, 0.0 ], [ 19.0838528, 72.859766, 0.0 ], [ 19.0838526, 72.8597654, 0.0 ], [ 19.0838523, 72.8597647, 0.0 ], [ 19.0838521, 72.8597641, 0.0 ], [ 19.0838518, 72.8597635, 0.0 ], [ 19.0838516, 72.8597629, 0.0 ], [ 19.0838514, 72.8597622, 0.0 ], [ 19.0838511, 72.8597616, 0.0 ], [ 19.0838509, 72.859761, 0.0 ], [ 19.0838506, 72.8597604, 0.0 ], [ 19.0838503, 72.8597598, 0.0 ], [ 19.0838501, 72.8597592, 0.0 ], [ 19.0838498, 72.8597585, 0.0 ], [ 19.0838496, 72.8597579, 0.0 ], [ 19.0838493, 72.8597573, 0.0 ], [ 19.0838491, 72.8597567, 0.0 ], [ 19.0838488, 72.8597561, 0.0 ], [ 19.0838486, 72.8597555, 0.0 ], [ 19.0838483, 72.8597548, 0.0 ], [ 19.083848, 72.8597542, 0.0 ], [ 19.0838478, 72.8597536, 0.0 ], [ 19.0838475, 72.859753, 0.0 ], [ 19.0838472, 72.8597524, 0.0 ], [ 19.083847, 72.8597518, 0.0 ], [ 19.0838467, 72.8597512, 0.0 ], [ 19.0838464, 72.8597506, 0.0 ], [ 19.0838462, 72.85975, 0.0 ], [ 19.0838459, 72.8597493, 0.0 ], [ 19.0838456, 72.8597487, 0.0 ], [ 19.0838454, 72.8597481, 0.0 ], [ 19.0838451, 72.8597475, 0.0 ], [ 19.0838448, 72.8597469, 0.0 ], [ 19.0838445, 72.8597463, 0.0 ], [ 19.0838443, 72.8597457, 0.0 ], [ 19.083844, 72.8597451, 0.0 ], [ 19.0838437, 72.8597445, 0.0 ], [ 19.0838434, 72.8597439, 0.0 ], [ 19.0838431, 72.8597433, 0.0 ], [ 19.0838429, 72.8597427, 0.0 ], [ 19.0838426, 72.8597421, 0.0 ], [ 19.0838423, 72.8597415, 0.0 ], [ 19.083842, 72.8597409, 0.0 ], [ 19.0838417, 72.8597403, 0.0 ], [ 19.0838414, 72.8597397, 0.0 ], [ 19.0838411, 72.8597391, 0.0 ], [ 19.0838409, 72.8597385, 0.0 ], [ 19.0838406, 72.8597379, 0.0 ], [ 19.0838403, 72.8597373, 0.0 ], [ 19.08384, 72.8597367, 0.0 ], [ 19.0838397, 72.8597361, 0.0 ], [ 19.0838394, 72.8597355, 0.0 ], [ 19.0838391, 72.8597349, 0.0 ], [ 19.0838388, 72.8597343, 0.0 ], [ 19.0838385, 72.8597337, 0.0 ], [ 19.0838382, 72.8597331, 0.0 ], [ 19.0838379, 72.8597325, 0.0 ], [ 19.0838376, 72.8597319, 0.0 ], [ 19.0838373, 72.8597313, 0.0 ], [ 19.083837, 72.8597307, 0.0 ], [ 19.0838367, 72.8597301, 0.0 ], [ 19.0838364, 72.8597295, 0.0 ], [ 19.0838361, 72.8597289, 0.0 ], [ 19.0838358, 72.8597284, 0.0 ], [ 19.0838355, 72.8597278, 0.0 ], [ 19.0838352, 72.8597272, 0.0 ], [ 19.0838349, 72.8597266, 0.0 ], [ 19.0838346, 72.859726, 0.0 ], [ 19.0838342, 72.8597254, 0.0 ], [ 19.0838339, 72.8597248, 0.0 ], [ 19.0838336, 72.8597242, 0.0 ], [ 19.0838333, 72.8597237, 0.0 ], [ 19.0838325, 72.8597228, 0.0 ], [ 19.0838317, 72.859722, 0.0 ], [ 19.0838309, 72.8597212, 0.0 ], [ 19.08383, 72.8597204, 0.0 ], [ 19.0838292, 72.8597196, 0.0 ], [ 19.0838284, 72.8597188, 0.0 ], [ 19.0838276, 72.859718, 0.0 ], [ 19.0838268, 72.8597172, 0.0 ], [ 19.083826, 72.8597164, 0.0 ], [ 19.0838251, 72.8597156, 0.0 ], [ 19.0838243, 72.8597148, 0.0 ], [ 19.0838235, 72.859714, 0.0 ], [ 19.0838227, 72.8597132, 0.0 ], [ 19.0838218, 72.8597124, 0.0 ], [ 19.083821, 72.8597116, 0.0 ], [ 19.0838202, 72.8597108, 0.0 ], [ 19.0838194, 72.85971, 0.0 ], [ 19.0838185, 72.8597092, 0.0 ], [ 19.0838177, 72.8597084, 0.0 ], [ 19.0838169, 72.8597076, 0.0 ], [ 19.0838161, 72.8597068, 0.0 ], [ 19.0838152, 72.8597061, 0.0 ], [ 19.0838144, 72.8597053, 0.0 ], [ 19.0838136, 72.8597045, 0.0 ], [ 19.0838127, 72.8597037, 0.0 ], [ 19.0838119, 72.8597029, 0.0 ], [ 19.0838111, 72.8597021, 0.0 ], [ 19.0838102, 72.8597013, 0.0 ], [ 19.0838094, 72.8597006, 0.0 ], [ 19.0838086, 72.8596998, 0.0 ], [ 19.0838077, 72.859699, 0.0 ], [ 19.0838069, 72.8596982, 0.0 ], [ 19.083806, 72.8596974, 0.0 ], [ 19.0838052, 72.8596966, 0.0 ], [ 19.0838044, 72.8596959, 0.0 ], [ 19.0838035, 72.8596951, 0.0 ], [ 19.0838027, 72.8596943, 0.0 ], [ 19.0838018, 72.8596935, 0.0 ], [ 19.083801, 72.8596928, 0.0 ], [ 19.0838002, 72.859692, 0.0 ], [ 19.0837993, 72.8596912, 0.0 ], [ 19.0837985, 72.8596904, 0.0 ], [ 19.0837976, 72.8596897, 0.0 ], [ 19.0837968, 72.8596889, 0.0 ], [ 19.0837959, 72.8596881, 0.0 ], [ 19.0837951, 72.8596874, 0.0 ], [ 19.0837942, 72.8596866, 0.0 ], [ 19.0837934, 72.8596858, 0.0 ], [ 19.0837925, 72.8596851, 0.0 ], [ 19.0837917, 72.8596843, 0.0 ], [ 19.0837908, 72.8596835, 0.0 ], [ 19.08379, 72.8596828, 0.0 ], [ 19.0837891, 72.859682, 0.0 ], [ 19.0837883, 72.8596812, 0.0 ], [ 19.0837874, 72.8596805, 0.0 ], [ 19.0837866, 72.8596797, 0.0 ], [ 19.0837857, 72.859679, 0.0 ], [ 19.0837848, 72.8596782, 0.0 ], [ 19.083784, 72.8596775, 0.0 ], [ 19.0837831, 72.8596767, 0.0 ], [ 19.0837823, 72.8596759, 0.0 ], [ 19.0837814, 72.8596752, 0.0 ], [ 19.0837805, 72.8596744, 0.0 ], [ 19.0837797, 72.8596737, 0.0 ], [ 19.0837788, 72.8596729, 0.0 ], [ 19.083778, 72.8596722, 0.0 ], [ 19.0837771, 72.8596714, 0.0 ], [ 19.0837762, 72.8596707, 0.0 ], [ 19.0837754, 72.8596699, 0.0 ], [ 19.0837745, 72.8596692, 0.0 ], [ 19.0837736, 72.8596684, 0.0 ], [ 19.0837728, 72.8596677, 0.0 ], [ 19.0837719, 72.859667, 0.0 ], [ 19.083771, 72.8596662, 0.0 ], [ 19.0837702, 72.8596655, 0.0 ], [ 19.0837693, 72.8596647, 0.0 ], [ 19.0837684, 72.859664, 0.0 ], [ 19.0837675, 72.8596633, 0.0 ], [ 19.0837667, 72.8596625, 0.0 ], [ 19.0837658, 72.8596618, 0.0 ], [ 19.0837649, 72.859661, 0.0 ], [ 19.0837641, 72.8596603, 0.0 ], [ 19.0837632, 72.8596596, 0.0 ], [ 19.0837623, 72.8596588, 0.0 ], [ 19.0837614, 72.8596581, 0.0 ], [ 19.0837605, 72.8596574, 0.0 ], [ 19.0837597, 72.8596566, 0.0 ], [ 19.0837588, 72.8596559, 0.0 ], [ 19.0837579, 72.8596552, 0.0 ], [ 19.083757, 72.8596545, 0.0 ], [ 19.0837562, 72.8596537, 0.0 ], [ 19.0837553, 72.859653, 0.0 ], [ 19.0837544, 72.8596523, 0.0 ], [ 19.0837535, 72.8596516, 0.0 ], [ 19.0837526, 72.8596508, 0.0 ], [ 19.0837517, 72.8596501, 0.0 ], [ 19.0837509, 72.8596494, 0.0 ], [ 19.08375, 72.8596487, 0.0 ], [ 19.0837491, 72.859648, 0.0 ], [ 19.0837482, 72.8596472, 0.0 ], [ 19.0837473, 72.8596465, 0.0 ], [ 19.0837464, 72.8596458, 0.0 ], [ 19.0837455, 72.8596451, 0.0 ], [ 19.0837446, 72.8596444, 0.0 ], [ 19.0837437, 72.8596437, 0.0 ], [ 19.0837429, 72.859643, 0.0 ], [ 19.083742, 72.8596422, 0.0 ], [ 19.0837411, 72.8596415, 0.0 ], [ 19.0837402, 72.8596408, 0.0 ], [ 19.0837393, 72.8596401, 0.0 ], [ 19.0837384, 72.8596394, 0.0 ], [ 19.0837375, 72.8596387, 0.0 ], [ 19.0837366, 72.859638, 0.0 ], [ 19.0837357, 72.8596373, 0.0 ], [ 19.0837348, 72.8596366, 0.0 ], [ 19.0837339, 72.8596359, 0.0 ], [ 19.083733, 72.8596352, 0.0 ], [ 19.0837321, 72.8596345, 0.0 ], [ 19.0837312, 72.8596338, 0.0 ], [ 19.0837303, 72.8596331, 0.0 ], [ 19.0837294, 72.8596324, 0.0 ], [ 19.0837285, 72.8596317, 0.0 ], [ 19.0837276, 72.859631, 0.0 ], [ 19.0837267, 72.8596303, 0.0 ], [ 19.0837258, 72.8596296, 0.0 ], [ 19.0837249, 72.8596289, 0.0 ], [ 19.083724, 72.8596282, 0.0 ], [ 19.0837231, 72.8596275, 0.0 ], [ 19.0837222, 72.8596268, 0.0 ], [ 19.0837212, 72.8596262, 0.0 ], [ 19.0837203, 72.8596255, 0.0 ], [ 19.0837194, 72.8596248, 0.0 ], [ 19.0837185, 72.8596241, 0.0 ], [ 19.0837176, 72.8596234, 0.0 ], [ 19.0837167, 72.8596227, 0.0 ], [ 19.0837158, 72.859622, 0.0 ], [ 19.0837149, 72.8596214, 0.0 ], [ 19.083714, 72.8596207, 0.0 ], [ 19.083713, 72.85962, 0.0 ], [ 19.0837121, 72.8596193, 0.0 ], [ 19.0837112, 72.8596186, 0.0 ], [ 19.0837103, 72.859618, 0.0 ], [ 19.0837094, 72.8596173, 0.0 ], [ 19.0837085, 72.8596166, 0.0 ], [ 19.0837075, 72.8596159, 0.0 ], [ 19.0837066, 72.8596153, 0.0 ], [ 19.0837057, 72.8596146, 0.0 ], [ 19.0837048, 72.8596139, 0.0 ], [ 19.0837039, 72.8596133, 0.0 ], [ 19.0837029, 72.8596126, 0.0 ], [ 19.083702, 72.8596119, 0.0 ], [ 19.0837011, 72.8596112, 0.0 ], [ 19.0837002, 72.8596106, 0.0 ], [ 19.0836993, 72.8596099, 0.0 ], [ 19.0836983, 72.8596093, 0.0 ], [ 19.0836974, 72.8596086, 0.0 ], [ 19.0836965, 72.8596079, 0.0 ], [ 19.0836956, 72.8596073, 0.0 ], [ 19.0836946, 72.8596066, 0.0 ], [ 19.0836937, 72.8596059, 0.0 ], [ 19.0836928, 72.8596053, 0.0 ], [ 19.0836918, 72.8596046, 0.0 ], [ 19.0836909, 72.859604, 0.0 ], [ 19.08369, 72.8596033, 0.0 ], [ 19.083689, 72.8596027, 0.0 ], [ 19.0836881, 72.859602, 0.0 ], [ 19.0836872, 72.8596014, 0.0 ], [ 19.0836863, 72.8596007, 0.0 ], [ 19.0836853, 72.8596001, 0.0 ], [ 19.0836844, 72.8595994, 0.0 ], [ 19.0836834, 72.8595988, 0.0 ], [ 19.0836825, 72.8595981, 0.0 ], [ 19.0836816, 72.8595975, 0.0 ], [ 19.0836806, 72.8595968, 0.0 ], [ 19.0836797, 72.8595962, 0.0 ], [ 19.0836788, 72.8595955, 0.0 ], [ 19.0836778, 72.8595949, 0.0 ], [ 19.0836769, 72.8595943, 0.0 ], [ 19.0836759, 72.8595936, 0.0 ], [ 19.083675, 72.859593, 0.0 ], [ 19.0836741, 72.8595923, 0.0 ], [ 19.0836731, 72.8595917, 0.0 ], [ 19.0836722, 72.8595911, 0.0 ], [ 19.0836712, 72.8595904, 0.0 ], [ 19.0836703, 72.8595898, 0.0 ], [ 19.0836694, 72.8595892, 0.0 ], [ 19.0836684, 72.8595885, 0.0 ], [ 19.0836675, 72.8595879, 0.0 ], [ 19.0836665, 72.8595873, 0.0 ], [ 19.0836656, 72.8595866, 0.0 ], [ 19.0836646, 72.859586, 0.0 ], [ 19.0836637, 72.8595854, 0.0 ], [ 19.0836627, 72.8595848, 0.0 ], [ 19.0836618, 72.8595841, 0.0 ], [ 19.0836608, 72.8595835, 0.0 ], [ 19.0836599, 72.8595829, 0.0 ], [ 19.0836589, 72.8595823, 0.0 ], [ 19.083658, 72.8595817, 0.0 ], [ 19.083657, 72.859581, 0.0 ], [ 19.0836561, 72.8595804, 0.0 ], [ 19.0836551, 72.8595798, 0.0 ], [ 19.0836542, 72.8595792, 0.0 ], [ 19.0836532, 72.8595786, 0.0 ], [ 19.0836523, 72.859578, 0.0 ], [ 19.0836513, 72.8595773, 0.0 ], [ 19.0836503, 72.8595767, 0.0 ], [ 19.0836494, 72.8595761, 0.0 ], [ 19.0836484, 72.8595755, 0.0 ], [ 19.0836475, 72.8595749, 0.0 ], [ 19.0836465, 72.8595743, 0.0 ], [ 19.0836455, 72.8595737, 0.0 ], [ 19.0836446, 72.8595731, 0.0 ], [ 19.0836436, 72.8595725, 0.0 ], [ 19.0836427, 72.8595719, 0.0 ], [ 19.0836417, 72.8595713, 0.0 ], [ 19.0836407, 72.8595707, 0.0 ], [ 19.0836398, 72.8595701, 0.0 ], [ 19.0836388, 72.8595695, 0.0 ], [ 19.0836379, 72.8595689, 0.0 ], [ 19.0836369, 72.8595683, 0.0 ], [ 19.0836359, 72.8595677, 0.0 ], [ 19.083635, 72.8595671, 0.0 ], [ 19.083634, 72.8595665, 0.0 ], [ 19.083633, 72.8595659, 0.0 ], [ 19.0836321, 72.8595653, 0.0 ], [ 19.0836311, 72.8595647, 0.0 ], [ 19.0836301, 72.8595641, 0.0 ], [ 19.0836292, 72.8595635, 0.0 ], [ 19.0836282, 72.8595629, 0.0 ], [ 19.0836272, 72.8595624, 0.0 ], [ 19.0836262, 72.8595618, 0.0 ], [ 19.0836253, 72.8595612, 0.0 ], [ 19.0836243, 72.8595606, 0.0 ], [ 19.0836233, 72.85956, 0.0 ], [ 19.0836223, 72.8595594, 0.0 ], [ 19.0836214, 72.8595589, 0.0 ], [ 19.0836204, 72.8595583, 0.0 ], [ 19.0836194, 72.8595577, 0.0 ], [ 19.0836185, 72.8595571, 0.0 ], [ 19.0836175, 72.8595565, 0.0 ], [ 19.0836165, 72.859556, 0.0 ], [ 19.0836155, 72.8595554, 0.0 ], [ 19.0836145, 72.8595548, 0.0 ], [ 19.0836136, 72.8595542, 0.0 ], [ 19.0836126, 72.8595537, 0.0 ], [ 19.0836116, 72.8595531, 0.0 ], [ 19.0836106, 72.8595525, 0.0 ], [ 19.0836096, 72.859552, 0.0 ], [ 19.0836087, 72.8595514, 0.0 ], [ 19.0836077, 72.8595508, 0.0 ], [ 19.0836067, 72.8595503, 0.0 ], [ 19.0836057, 72.8595497, 0.0 ], [ 19.0836047, 72.8595491, 0.0 ], [ 19.0836038, 72.8595486, 0.0 ], [ 19.0836028, 72.859548, 0.0 ], [ 19.0836018, 72.8595475, 0.0 ], [ 19.0836008, 72.8595469, 0.0 ], [ 19.0835998, 72.8595463, 0.0 ], [ 19.0835988, 72.8595458, 0.0 ], [ 19.0835978, 72.8595452, 0.0 ], [ 19.0835968, 72.8595447, 0.0 ], [ 19.0835959, 72.8595441, 0.0 ], [ 19.0835949, 72.8595436, 0.0 ], [ 19.0835939, 72.859543, 0.0 ], [ 19.0835929, 72.8595425, 0.0 ], [ 19.0835919, 72.8595419, 0.0 ], [ 19.0835909, 72.8595414, 0.0 ], [ 19.0835899, 72.8595408, 0.0 ], [ 19.0835889, 72.8595403, 0.0 ], [ 19.0835879, 72.8595397, 0.0 ], [ 19.0835869, 72.8595392, 0.0 ], [ 19.0835859, 72.8595386, 0.0 ], [ 19.083585, 72.8595381, 0.0 ], [ 19.083584, 72.8595376, 0.0 ], [ 19.083583, 72.859537, 0.0 ], [ 19.083582, 72.8595365, 0.0 ], [ 19.083581, 72.8595359, 0.0 ], [ 19.08358, 72.8595354, 0.0 ], [ 19.083579, 72.8595349, 0.0 ], [ 19.083578, 72.8595343, 0.0 ], [ 19.083577, 72.8595338, 0.0 ], [ 19.083576, 72.8595333, 0.0 ], [ 19.083575, 72.8595327, 0.0 ], [ 19.083574, 72.8595322, 0.0 ], [ 19.083573, 72.8595317, 0.0 ], [ 19.083572, 72.8595312, 0.0 ], [ 19.083571, 72.8595306, 0.0 ], [ 19.08357, 72.8595301, 0.0 ], [ 19.083569, 72.8595296, 0.0 ], [ 19.083568, 72.8595291, 0.0 ], [ 19.083567, 72.8595285, 0.0 ], [ 19.083566, 72.859528, 0.0 ], [ 19.083565, 72.8595275, 0.0 ], [ 19.083564, 72.859527, 0.0 ], [ 19.0835629, 72.8595265, 0.0 ], [ 19.0835619, 72.8595259, 0.0 ], [ 19.0835609, 72.8595254, 0.0 ], [ 19.0835599, 72.8595249, 0.0 ], [ 19.0835589, 72.8595244, 0.0 ], [ 19.0835579, 72.8595239, 0.0 ], [ 19.0835569, 72.8595234, 0.0 ], [ 19.0835559, 72.8595229, 0.0 ], [ 19.0835549, 72.8595224, 0.0 ], [ 19.0835539, 72.8595219, 0.0 ], [ 19.0835529, 72.8595213, 0.0 ], [ 19.0835519, 72.8595208, 0.0 ], [ 19.0835508, 72.8595203, 0.0 ], [ 19.0835498, 72.8595198, 0.0 ], [ 19.0835488, 72.8595193, 0.0 ], [ 19.0835478, 72.8595188, 0.0 ], [ 19.0835468, 72.8595183, 0.0 ], [ 19.0835458, 72.8595178, 0.0 ], [ 19.0835448, 72.8595173, 0.0 ], [ 19.0835438, 72.8595168, 0.0 ], [ 19.0835427, 72.8595163, 0.0 ], [ 19.0834517, 72.8594758, 0.0 ], [ 19.0834516, 72.8594757, 0.0 ], [ 19.0833883, 72.8594475, 0.0 ], [ 19.08335, 72.8594294, 0.0 ], [ 19.0833131, 72.8594127, 0.0 ], [ 19.0832995, 72.8594062, 0.0 ], [ 19.0832782, 72.8593962, 0.0 ], [ 19.0832612, 72.8593873, 0.0 ], [ 19.0832493, 72.8593812, 0.0 ], [ 19.0832331, 72.8593714, 0.0 ], [ 19.0832232, 72.8593654, 0.0 ], [ 19.0830557, 72.8592636, 0.0 ], [ 19.083013, 72.8592452, 0.0 ], [ 19.08297, 72.8592218, 0.0 ], [ 19.0829387, 72.8592027, 0.0 ], [ 19.0829374, 72.8592019, 0.0 ], [ 19.0829025, 72.8591775, 0.0 ], [ 19.0828399, 72.8591316, 0.0 ], [ 19.0827814, 72.8590882, 0.0 ], [ 19.0826954, 72.859033, 0.0 ], [ 19.0826289, 72.8589899, 0.0 ], [ 19.0825891, 72.8589678, 0.0 ], [ 19.0825572, 72.8589502, 0.0 ], [ 19.0825026, 72.8589207, 0.0 ], [ 19.0824557, 72.8588954, 0.0 ], [ 19.0824159, 72.8588766, 0.0 ], [ 19.0823723, 72.8588609, 0.0 ], [ 19.0823517, 72.858855, 0.0 ], [ 19.0823356, 72.8588504, 0.0 ], [ 19.082255, 72.8588346, 0.0 ], [ 19.0821698, 72.8588269, 0.0 ], [ 19.0821348, 72.8588238, 0.0 ], [ 19.0821297, 72.8588233, 0.0 ], [ 19.0821203, 72.8588225, 0.0 ], [ 19.0820826, 72.8588234, 0.0 ], [ 19.0820396, 72.8584631, 0.0 ], [ 19.0820875, 72.8584609, 0.0 ], [ 19.0821118, 72.8584598, 0.0 ], [ 19.0821739, 72.8584637, 0.0 ], [ 19.0821966, 72.8584652, 0.0 ], [ 19.0822214, 72.8584667, 0.0 ], [ 19.0823048, 72.8584977, 0.0 ], [ 19.0823521, 72.8585134, 0.0 ], [ 19.0824265, 72.858538, 0.0 ], [ 19.082471, 72.8585521, 0.0 ], [ 19.0824997, 72.8585612, 0.0 ], [ 19.0825459, 72.8585762, 0.0 ], [ 19.0825589, 72.8585804, 0.0 ], [ 19.0825792, 72.858587, 0.0 ], [ 19.0826934, 72.8586327, 0.0 ], [ 19.0827928, 72.8586876, 0.0 ], [ 19.0828682, 72.8587366, 0.0 ], [ 19.0828933, 72.8587527, 0.0 ], [ 19.082963, 72.8587974, 0.0 ], [ 19.0830298, 72.8588469, 0.0 ], [ 19.0830502, 72.8588627, 0.0 ], [ 19.0830888, 72.8588902, 0.0 ], [ 19.0831401, 72.8589262, 0.0 ], [ 19.0831814, 72.8589649, 0.0 ], [ 19.0832175, 72.8589881, 0.0 ], [ 19.0832483, 72.859008, 0.0 ], [ 19.0833216, 72.8590488, 0.0 ], [ 19.0833679, 72.8590623, 0.0 ], [ 19.083419, 72.8590815, 0.0 ], [ 19.0834463, 72.8590945, 0.0 ], [ 19.0834832, 72.8591111, 0.0 ], [ 19.083485, 72.859112, 0.0 ], [ 19.0835207, 72.8591289, 0.0 ], [ 19.0835806, 72.8591556, 0.0 ], [ 19.0836719, 72.8591963, 0.0 ], [ 19.0837742, 72.8592443, 0.0 ], [ 19.083791, 72.8592526, 0.0 ], [ 19.083854, 72.8592838, 0.0 ], [ 19.0839267, 72.8593069, 0.0 ], [ 19.0839316, 72.8593085, 0.0 ], [ 19.0839748, 72.8593169, 0.0 ], [ 19.0840022, 72.8593174, 0.0 ], [ 19.0840901, 72.8592928, 0.0 ], [ 19.0843342, 72.8592785, 0.0 ], [ 19.0845149, 72.8592985, 0.0 ], [ 19.0847654, 72.859379, 0.0 ], [ 19.0849201, 72.8594385, 0.0 ], [ 19.0849881, 72.8594712, 0.0 ], [ 19.0850905, 72.859481, 0.0 ], [ 19.0852922, 72.8594784, 0.0 ], [ 19.0855465, 72.859436, 0.0 ], [ 19.0857003, 72.8594229, 0.0 ], [ 19.0858703, 72.8594263, 0.0 ], [ 19.0860617, 72.8594517, 0.0 ], [ 19.0862483, 72.8595164, 0.0 ], [ 19.0864727, 72.8596363, 0.0 ], [ 19.0866275, 72.8597069, 0.0 ], [ 19.0867553, 72.8597388, 0.0 ], [ 19.0869148, 72.8597647, 0.0 ], [ 19.0870794, 72.8597626, 0.0 ], [ 19.0871378, 72.8597618, 0.0 ], [ 19.0873733, 72.8597541, 0.0 ], [ 19.0875174, 72.859665, 0.0 ], [ 19.0876696, 72.8593795, 0.0 ], [ 19.0877823, 72.859258, 0.0 ], [ 19.0879159, 72.8591581, 0.0 ], [ 19.0881337, 72.8591553, 0.0 ], [ 19.0882894, 72.8591751, 0.0 ], [ 19.0884347, 72.8591842, 0.0 ], [ 19.0883595, 72.8589561, 0.0 ], [ 19.0883587, 72.8588907, 0.0 ], [ 19.0884387, 72.8586388, 0.0 ], [ 19.0886396, 72.8580799, 0.0 ], [ 19.088743, 72.8576981, 0.0 ], [ 19.0898353, 72.8583722, 0.0 ], [ 19.0916908, 72.859517, 0.0 ], [ 19.0927365, 72.8601449, 0.0 ], [ 19.0930482, 72.8603393, 0.0 ], [ 19.0931205, 72.8602063, 0.0 ], [ 19.0932958, 72.8598743, 0.0 ], [ 19.0934901, 72.8596427, 0.0 ], [ 19.0936022, 72.8594777, 0.0 ], [ 19.0937459, 72.8593449, 0.0 ], [ 19.0938981, 72.8590594, 0.0 ], [ 19.0940502, 72.8587629, 0.0 ], [ 19.0941507, 72.8584889, 0.0 ], [ 19.0942304, 72.8582043, 0.0 ], [ 19.0943316, 72.8579957, 0.0 ], [ 19.0944252, 72.857874, 0.0 ], [ 19.0935619, 72.8570849, 0.0 ], [ 19.0932051, 72.8567104, 0.0 ], [ 19.0929544, 72.8564524, 0.0 ], [ 19.0928551, 72.8563372, 0.0 ], [ 19.0927203, 72.8561994, 0.0 ], [ 19.0926872, 72.8561568, 0.0 ], [ 19.0926565, 72.8561118, 0.0 ], [ 19.0926258, 72.8560643, 0.0 ], [ 19.0925952, 72.8559942, 0.0 ], [ 19.092567, 72.8559168, 0.0 ], [ 19.0925317, 72.8558168, 0.0 ], [ 19.0925083, 72.8557293, 0.0 ], [ 19.0924873, 72.8556244, 0.0 ], [ 19.0924663, 72.855492, 0.0 ], [ 19.0924477, 72.8553921, 0.0 ], [ 19.092429, 72.8552972, 0.0 ], [ 19.0924032, 72.8552072, 0.0 ], [ 19.0923609, 72.8550872, 0.0 ], [ 19.0922831, 72.8549222, 0.0 ], [ 19.0922005, 72.8547846, 0.0 ], [ 19.0921428, 72.8546939, 0.0 ], [ 19.0920342, 72.8545417, 0.0 ], [ 19.0919186, 72.8543858, 0.0 ], [ 19.0918732, 72.8542783, 0.0 ], [ 19.0918242, 72.8541819, 0.0 ], [ 19.0917823, 72.8540966, 0.0 ], [ 19.091786, 72.8540374, 0.0 ], [ 19.0917757, 72.8539559, 0.0 ], [ 19.0917303, 72.8538632, 0.0 ], [ 19.0917129, 72.8537817, 0.0 ], [ 19.0917167, 72.853704, 0.0 ], [ 19.0916644, 72.8535595, 0.0 ], [ 19.0916331, 72.8534631, 0.0 ], [ 19.0916158, 72.853352, 0.0 ], [ 19.0915599, 72.8532334, 0.0 ], [ 19.0915007, 72.8530518, 0.0 ], [ 19.091505, 72.8527927, 0.0 ], [ 19.0913928, 72.8526886, 0.0 ], [ 19.0913367, 72.8526366, 0.0 ], [ 19.0912736, 72.8525623, 0.0 ], [ 19.0912175, 72.8524881, 0.0 ], [ 19.0911965, 72.8524473, 0.0 ], [ 19.0912043, 72.8522031, 0.0 ], [ 19.0910394, 72.8519462, 0.0 ], [ 19.0909813, 72.85185, 0.0 ], [ 19.090905, 72.8517422, 0.0 ], [ 19.0907524, 72.8515266, 0.0 ], [ 19.0906034, 72.8513188, 0.0 ], [ 19.0905417, 72.8512379, 0.0 ], [ 19.0904617, 72.8511417, 0.0 ], [ 19.0903671, 72.85103, 0.0 ], [ 19.0902253, 72.8508797, 0.0 ], [ 19.0901343, 72.8507873, 0.0 ], [ 19.0900361, 72.8506756, 0.0 ], [ 19.0899708, 72.8505755, 0.0 ], [ 19.0898727, 72.8504216, 0.0 ], [ 19.0898328, 72.8503446, 0.0 ], [ 19.0897855, 72.8503099, 0.0 ], [ 19.0897199, 72.8502751, 0.0 ], [ 19.0896616, 72.8502365, 0.0 ], [ 19.0896326, 72.8501865, 0.0 ], [ 19.0896218, 72.8501327, 0.0 ], [ 19.0896147, 72.8500828, 0.0 ], [ 19.0895965, 72.8500482, 0.0 ], [ 19.0895638, 72.850025, 0.0 ], [ 19.0894981, 72.8500056, 0.0 ], [ 19.0894398, 72.8499862, 0.0 ], [ 19.0893925, 72.8499515, 0.0 ], [ 19.0888171, 72.8493881, 0.0 ], [ 19.089142, 72.849085, 0.0 ], [ 19.0892134, 72.8490184, 0.0 ], [ 19.0891713, 72.8489614, 0.0 ], [ 19.0891385, 72.8489142, 0.0 ], [ 19.0891081, 72.8488671, 0.0 ], [ 19.08908, 72.8488176, 0.0 ], [ 19.0890289, 72.8487239, 0.0 ], [ 19.0890245, 72.8486304, 0.0 ], [ 19.0890389, 72.8485271, 0.0 ], [ 19.0890812, 72.8484633, 0.0 ], [ 19.0891328, 72.8484142, 0.0 ], [ 19.0892031, 72.8483653, 0.0 ], [ 19.0892829, 72.8482967, 0.0 ], [ 19.0893347, 72.8481984, 0.0 ], [ 19.0893866, 72.8480608, 0.0 ], [ 19.0894246, 72.8478985, 0.0 ], [ 19.0894534, 72.8476722, 0.0 ], [ 19.089454, 72.8474902, 0.0 ], [ 19.0894498, 72.8473327, 0.0 ], [ 19.0894316, 72.8471702, 0.0 ], [ 19.0893948, 72.8469683, 0.0 ], [ 19.0892242, 72.8462048, 0.0 ], [ 19.0895518, 72.8461863, 0.0 ], [ 19.0896086, 72.84597, 0.0 ], [ 19.089707, 72.8459309, 0.0 ], [ 19.089754, 72.845877, 0.0 ], [ 19.089968, 72.8453145, 0.0 ], [ 19.0904715, 72.8442821, 0.0 ], [ 19.0904761, 72.8442705, 0.0 ], [ 19.0904772, 72.8442679, 0.0 ], [ 19.0906789, 72.8437645, 0.0 ], [ 19.090636, 72.8437191, 0.0 ], [ 19.0905896, 72.8436699, 0.0 ], [ 19.090589, 72.8436693, 0.0 ], [ 19.0904908, 72.8435653, 0.0 ], [ 19.0903838, 72.8434154, 0.0 ], [ 19.0903753, 72.8433731, 0.0 ], [ 19.0903694, 72.8433308, 0.0 ], [ 19.0903945, 72.843088, 0.0 ], [ 19.0904229, 72.8428127, 0.0 ], [ 19.0904297, 72.8427616, 0.0 ], [ 19.090497, 72.8427696, 0.0 ], [ 19.0914425, 72.8429278, 0.0 ], [ 19.0926261, 72.8430779, 0.0 ], [ 19.0938243, 72.8432478, 0.0 ], [ 19.0956525, 72.8435048, 0.0 ], [ 19.0973659, 72.8437233, 0.0 ], [ 19.0987735, 72.8438704, 0.0 ], [ 19.1008688, 72.8441441, 0.0 ], [ 19.1019393, 72.8443058, 0.0 ], [ 19.1027122, 72.8444532, 0.0 ], [ 19.1027263, 72.8444559, 0.0 ], [ 19.1027403, 72.8444576, 0.0 ], [ 19.1051173, 72.8447508, 0.0 ], [ 19.1062819, 72.8448961, 0.0 ], [ 19.1080861, 72.8451384, 0.0 ], [ 19.1104201, 72.8454441, 0.0 ], [ 19.1126163, 72.8457916, 0.0 ], [ 19.1145826, 72.8460319, 0.0 ], [ 19.1162918, 72.8462955, 0.0 ], [ 19.1171943, 72.8464493, 0.0 ], [ 19.1189272, 72.8467076, 0.0 ], [ 19.1214368, 72.8470869, 0.0 ], [ 19.1220923, 72.847178, 0.0 ], [ 19.1222563, 72.8471844, 0.0 ], [ 19.122575, 72.8471914, 0.0 ], [ 19.1228937, 72.8471911, 0.0 ], [ 19.1232123, 72.8471835, 0.0 ], [ 19.1247347, 72.8473693, 0.0 ], [ 19.1270116, 72.8476808, 0.0 ], [ 19.1285439, 72.8479016, 0.0 ], [ 19.1305628, 72.8481562, 0.0 ], [ 19.1315887, 72.8482953, 0.0 ], [ 19.1323527, 72.8483988, 0.0 ], [ 19.1350499, 72.8487951, 0.0 ], [ 19.1369818, 72.8490729, 0.0 ], [ 19.1375801, 72.8491589, 0.0 ], [ 19.137833, 72.8491952, 0.0 ], [ 19.1382718, 72.8492428, 0.0 ], [ 19.1408105, 72.8495177, 0.0 ], [ 19.142968, 72.8498107, 0.0 ], [ 19.1435618, 72.8498897, 0.0 ], [ 19.1435575, 72.8499765, 0.0 ], [ 19.1435278, 72.8502704, 0.0 ], [ 19.1435278, 72.8502709, 0.0 ], [ 19.1434169, 72.8513693, 0.0 ], [ 19.1433735, 72.8517996, 0.0 ], [ 19.1433634, 72.8519001, 0.0 ], [ 19.1433633, 72.8519004, 0.0 ], [ 19.1433627, 72.8519155, 0.0 ], [ 19.1433622, 72.8519271, 0.0 ], [ 19.1433561, 72.851971, 0.0 ], [ 19.1433496, 72.8520185, 0.0 ], [ 19.1433352, 72.8521231, 0.0 ], [ 19.14333, 72.8521901, 0.0 ], [ 19.1433245, 72.8522498, 0.0 ], [ 19.1432909, 72.8523981, 0.0 ], [ 19.1432825, 72.8524336, 0.0 ], [ 19.1432694, 72.8524952, 0.0 ], [ 19.1432657, 72.8525146, 0.0 ], [ 19.1431901, 72.8525395, 0.0 ], [ 19.1431537, 72.8525515, 0.0 ], [ 19.1431494, 72.8525529, 0.0 ], [ 19.1430481, 72.8525871, 0.0 ], [ 19.1429341, 72.8526241, 0.0 ], [ 19.1428256, 72.8526578, 0.0 ], [ 19.1427386, 72.8526872, 0.0 ], [ 19.1426751, 72.8526732, 0.0 ], [ 19.1425196, 72.8527246, 0.0 ], [ 19.1424802, 72.8527371, 0.0 ], [ 19.142486, 72.8528413, 0.0 ], [ 19.1424871, 72.8528711, 0.0 ], [ 19.1424906, 72.8529634, 0.0 ], [ 19.1424963, 72.8530926, 0.0 ], [ 19.1425009, 72.853216, 0.0 ], [ 19.1425073, 72.8533368, 0.0 ], [ 19.1425081, 72.8533564, 0.0 ], [ 19.1425096, 72.8533856, 0.0 ], [ 19.142518, 72.8535924, 0.0 ], [ 19.1425239, 72.8536861, 0.0 ], [ 19.1425321, 72.8538539, 0.0 ], [ 19.142522, 72.8539349, 0.0 ], [ 19.1425137, 72.8540657, 0.0 ], [ 19.1425084, 72.8541915, 0.0 ], [ 19.1425018, 72.8543125, 0.0 ], [ 19.1424657, 72.8543657, 0.0 ], [ 19.1424534, 72.8543847, 0.0 ], [ 19.1424239, 72.8544301, 0.0 ], [ 19.1423586, 72.8545294, 0.0 ], [ 19.1423485, 72.854543, 0.0 ], [ 19.1423427, 72.8545539, 0.0 ], [ 19.1423412, 72.8545568, 0.0 ], [ 19.1423368, 72.8545628, 0.0 ], [ 19.1423334, 72.8545674, 0.0 ], [ 19.1423162, 72.8545927, 0.0 ], [ 19.1423087, 72.8546043, 0.0 ], [ 19.1422495, 72.8546949, 0.0 ], [ 19.1422243, 72.8547343, 0.0 ], [ 19.1422243, 72.8547351, 0.0 ], [ 19.1422243, 72.8547351, 0.0 ], [ 19.1422232, 72.8547369, 0.0 ], [ 19.14213, 72.8549077, 0.0 ], [ 19.142127, 72.8549132, 0.0 ], [ 19.1420878, 72.8549851, 0.0 ], [ 19.1419434, 72.8552589, 0.0 ], [ 19.1419264, 72.8553249, 0.0 ], [ 19.1419, 72.8554281, 0.0 ], [ 19.1418379, 72.8556717, 0.0 ], [ 19.1418172, 72.8557527, 0.0 ], [ 19.1417504, 72.8561567, 0.0 ], [ 19.141662, 72.8567123, 0.0 ], [ 19.141605, 72.8570488, 0.0 ], [ 19.1416177, 72.857291, 0.0 ], [ 19.1416203, 72.8574203, 0.0 ], [ 19.1416221, 72.8575132, 0.0 ], [ 19.1416275, 72.8575977, 0.0 ], [ 19.1416382, 72.8577841, 0.0 ], [ 19.1416373, 72.8577972, 0.0 ], [ 19.1416423, 72.8578979, 0.0 ], [ 19.1416552, 72.8581654, 0.0 ], [ 19.1416626, 72.8583167, 0.0 ], [ 19.1416843, 72.8584059, 0.0 ], [ 19.1417421, 72.8586397, 0.0 ], [ 19.1417509, 72.8586741, 0.0 ], [ 19.1418049, 72.8588785, 0.0 ], [ 19.1418055, 72.8588938, 0.0 ], [ 19.1418069, 72.8589267, 0.0 ], [ 19.1418082, 72.8589581, 0.0 ], [ 19.1418095, 72.8589884, 0.0 ], [ 19.1418109, 72.8590211, 0.0 ], [ 19.1418198, 72.8592342, 0.0 ], [ 19.1418208, 72.8592538, 0.0 ], [ 19.1418234, 72.8592989, 0.0 ], [ 19.1418251, 72.8593279, 0.0 ], [ 19.1418264, 72.8593608, 0.0 ], [ 19.1418273, 72.8593901, 0.0 ], [ 19.1418331, 72.8595064, 0.0 ], [ 19.14184, 72.8595745, 0.0 ], [ 19.1418856, 72.8598169, 0.0 ], [ 19.1419179, 72.8600643, 0.0 ], [ 19.1419296, 72.8601343, 0.0 ], [ 19.1419394, 72.8602316, 0.0 ], [ 19.1419574, 72.8603586, 0.0 ], [ 19.1419766, 72.8604795, 0.0 ], [ 19.1419917, 72.8606051, 0.0 ], [ 19.1419923, 72.8606302, 0.0 ], [ 19.1419929, 72.8606401, 0.0 ], [ 19.1420057, 72.860891, 0.0 ], [ 19.1420211, 72.8611934, 0.0 ], [ 19.1420009, 72.8613145, 0.0 ], [ 19.1419837, 72.8612681, 0.0 ], [ 19.1419107, 72.8617062, 0.0 ], [ 19.1419113, 72.8617244, 0.0 ], [ 19.1419138, 72.8617947, 0.0 ], [ 19.1419266, 72.8620113, 0.0 ], [ 19.1419426, 72.8622823, 0.0 ], [ 19.141956, 72.8625082, 0.0 ], [ 19.1416442, 72.8632475, 0.0 ], [ 19.14159, 72.863376, 0.0 ], [ 19.1415354, 72.86347, 0.0 ], [ 19.1412988, 72.8638774, 0.0 ], [ 19.1413118, 72.8641491, 0.0 ], [ 19.1413086, 72.8645318, 0.0 ], [ 19.1413014, 72.8645828, 0.0 ], [ 19.1412628, 72.8648552, 0.0 ], [ 19.1412326, 72.8650668, 0.0 ], [ 19.1411668, 72.8653785, 0.0 ], [ 19.1411175, 72.8656021, 0.0 ], [ 19.1410566, 72.8658781, 0.0 ], [ 19.1409913, 72.8659315, 0.0 ], [ 19.1409738, 72.8659882, 0.0 ], [ 19.1408941, 72.8662532, 0.0 ], [ 19.1408619, 72.8664231, 0.0 ], [ 19.1408113, 72.866624, 0.0 ], [ 19.1406243, 72.8673222, 0.0 ], [ 19.1405713, 72.8675292, 0.0 ], [ 19.1404801, 72.8679764, 0.0 ], [ 19.1402579, 72.8685794, 0.0 ], [ 19.1402052, 72.8688155, 0.0 ], [ 19.1401616, 72.8690107, 0.0 ], [ 19.1401396, 72.8690992, 0.0 ], [ 19.1401372, 72.8691026, 0.0 ], [ 19.1400785, 72.8691848, 0.0 ], [ 19.1400179, 72.8692984, 0.0 ], [ 19.1399874, 72.8693952, 0.0 ], [ 19.1399636, 72.8694708, 0.0 ], [ 19.1399312, 72.8695438, 0.0 ], [ 19.1395506, 72.8708907, 0.0 ], [ 19.139548, 72.8708998, 0.0 ], [ 19.1394951, 72.8711031, 0.0 ], [ 19.1394482, 72.8712879, 0.0 ], [ 19.1394433, 72.8713108, 0.0 ], [ 19.1394084, 72.8714753, 0.0 ], [ 19.1393726, 72.8716303, 0.0 ], [ 19.139281, 72.8720833, 0.0 ], [ 19.1392623, 72.8721825, 0.0 ], [ 19.139234, 72.8723319, 0.0 ], [ 19.1392257, 72.8723762, 0.0 ], [ 19.1392076, 72.8724718, 0.0 ], [ 19.1391995, 72.8725149, 0.0 ], [ 19.1391862, 72.8725637, 0.0 ], [ 19.139173, 72.8726124, 0.0 ], [ 19.1391329, 72.8727601, 0.0 ], [ 19.1391328, 72.8727606, 0.0 ], [ 19.1391327, 72.8727609, 0.0 ], [ 19.1391327, 72.8727612, 0.0 ], [ 19.1389013, 72.8736141, 0.0 ], [ 19.1387411, 72.8741957, 0.0 ], [ 19.1385354, 72.875383, 0.0 ], [ 19.1385243, 72.8753282, 0.0 ], [ 19.138472, 72.8750693, 0.0 ], [ 19.1384692, 72.8748942, 0.0 ], [ 19.1384685, 72.8748449, 0.0 ], [ 19.1385002, 72.8747989, 0.0 ], [ 19.1385764, 72.8746886, 0.0 ], [ 19.138389, 72.8744535, 0.0 ], [ 19.1381677, 72.8743802, 0.0 ], [ 19.137583, 72.8747203, 0.0 ], [ 19.1376354, 72.8749092, 0.0 ], [ 19.1377423, 72.8752767, 0.0 ], [ 19.1378394, 72.8755665, 0.0 ], [ 19.1377705, 72.8756786, 0.0 ], [ 19.1377273, 72.8757625, 0.0 ], [ 19.1378103, 72.8759579, 0.0 ], [ 19.1379225, 72.876117, 0.0 ], [ 19.1381245, 72.8762701, 0.0 ], [ 19.1382676, 72.8762943, 0.0 ], [ 19.1384563, 72.876349, 0.0 ], [ 19.138631, 72.8764514, 0.0 ], [ 19.1387271, 72.8765596, 0.0 ], [ 19.1386736, 72.8769975, 0.0 ], [ 19.1386305, 72.8771911, 0.0 ], [ 19.1385633, 72.8773605, 0.0 ], [ 19.1387546, 72.8777375, 0.0 ], [ 19.1387892, 72.8778056, 0.0 ], [ 19.1389386, 72.8778597, 0.0 ], [ 19.1393154, 72.8779963, 0.0 ], [ 19.1394834, 72.8780572, 0.0 ], [ 19.1395409, 72.878078, 0.0 ], [ 19.1395807, 72.87811, 0.0 ], [ 19.1395776, 72.8781982, 0.0 ], [ 19.1395738, 72.8782694, 0.0 ], [ 19.1395704, 72.8783335, 0.0 ], [ 19.1395573, 72.8783474, 0.0 ], [ 19.1395565, 72.8783481, 0.0 ], [ 19.139542, 72.8783635, 0.0 ], [ 19.1395077, 72.87837, 0.0 ], [ 19.1394022, 72.8783758, 0.0 ], [ 19.1393806, 72.8783745, 0.0 ], [ 19.1387828, 72.8786757, 0.0 ], [ 19.1383009, 72.8787607, 0.0 ], [ 19.1379646, 72.8788301, 0.0 ], [ 19.1379149, 72.879076, 0.0 ], [ 19.1378992, 72.8791537, 0.0 ], [ 19.1377949, 72.8798534, 0.0 ], [ 19.1376073, 72.8811123, 0.0 ], [ 19.1376058, 72.8811258, 0.0 ], [ 19.1375977, 72.8812032, 0.0 ], [ 19.1375825, 72.8812889, 0.0 ], [ 19.1375776, 72.8813162, 0.0 ], [ 19.1374179, 72.8821726, 0.0 ], [ 19.1373884, 72.8823333, 0.0 ], [ 19.1372608, 72.8830275, 0.0 ], [ 19.1372077, 72.8832687, 0.0 ], [ 19.1372074, 72.8832701, 0.0 ], [ 19.1372002, 72.8833029, 0.0 ], [ 19.1371854, 72.8833942, 0.0 ], [ 19.1371452, 72.8836162, 0.0 ], [ 19.1371021, 72.8838542, 0.0 ], [ 19.136908, 72.8849299, 0.0 ], [ 19.1368544, 72.885246, 0.0 ], [ 19.1370408, 72.8853331, 0.0 ], [ 19.137094, 72.885358, 0.0 ], [ 19.1371524, 72.8853853, 0.0 ], [ 19.1375771, 72.8855838, 0.0 ], [ 19.1375287, 72.88571, 0.0 ], [ 19.1374132, 72.8860106, 0.0 ], [ 19.1372327, 72.886479, 0.0 ], [ 19.1372159, 72.8865239, 0.0 ], [ 19.1371721, 72.8866349, 0.0 ], [ 19.1371701, 72.8866401, 0.0 ], [ 19.137155, 72.8866795, 0.0 ], [ 19.137155, 72.8866795, 0.0 ], [ 19.1370847, 72.8868351, 0.0 ], [ 19.1370385, 72.8870348, 0.0 ], [ 19.1369297, 72.8873221, 0.0 ], [ 19.1369246, 72.8873355, 0.0 ], [ 19.1369028, 72.8873918, 0.0 ], [ 19.1368702, 72.887476, 0.0 ], [ 19.1368527, 72.8875229, 0.0 ], [ 19.136793, 72.8876765, 0.0 ], [ 19.1367376, 72.8878209, 0.0 ], [ 19.1367011, 72.8879134, 0.0 ], [ 19.1366534, 72.8880396, 0.0 ], [ 19.1366444, 72.8880633, 0.0 ], [ 19.1365719, 72.8882499, 0.0 ], [ 19.1364927, 72.8884544, 0.0 ], [ 19.1364157, 72.8886529, 0.0 ], [ 19.1364152, 72.8886542, 0.0 ], [ 19.1364145, 72.8886561, 0.0 ], [ 19.1363843, 72.8887332, 0.0 ], [ 19.1363401, 72.8888435, 0.0 ], [ 19.1363183, 72.8888996, 0.0 ], [ 19.1362995, 72.888948, 0.0 ], [ 19.1362587, 72.8890538, 0.0 ], [ 19.1361887, 72.8892333, 0.0 ], [ 19.1361379, 72.8893635, 0.0 ], [ 19.1360739, 72.8895278, 0.0 ], [ 19.1360537, 72.8895785, 0.0 ], [ 19.1360396, 72.8896138, 0.0 ], [ 19.1360354, 72.8896367, 0.0 ], [ 19.1360348, 72.8896405, 0.0 ], [ 19.1360225, 72.8896722, 0.0 ], [ 19.1359956, 72.8897375, 0.0 ], [ 19.1359347, 72.8898856, 0.0 ], [ 19.135837, 72.890128, 0.0 ], [ 19.1358041, 72.8902119, 0.0 ], [ 19.1357105, 72.8904503, 0.0 ], [ 19.1356368, 72.8906367, 0.0 ], [ 19.1356223, 72.8906734, 0.0 ], [ 19.1354482, 72.8906033, 0.0 ], [ 19.1353709, 72.8905723, 0.0 ], [ 19.1352635, 72.8905392, 0.0 ], [ 19.1352214, 72.8905171, 0.0 ], [ 19.1351977, 72.8904931, 0.0 ], [ 19.1351125, 72.8903869, 0.0 ], [ 19.1349035, 72.8901379, 0.0 ], [ 19.1348499, 72.8900732, 0.0 ], [ 19.1347943, 72.8900079, 0.0 ], [ 19.1347781, 72.8899894, 0.0 ], [ 19.1347621, 72.8899712, 0.0 ], [ 19.1347619, 72.889971, 0.0 ], [ 19.1347393, 72.8899451, 0.0 ], [ 19.1346998, 72.8899204, 0.0 ], [ 19.134595, 72.8898674, 0.0 ], [ 19.1345134, 72.8898192, 0.0 ], [ 19.1344824, 72.8898008, 0.0 ], [ 19.1344046, 72.889757, 0.0 ], [ 19.1343346, 72.8897173, 0.0 ], [ 19.1340767, 72.8895406, 0.0 ], [ 19.1340375, 72.8895256, 0.0 ], [ 19.1340304, 72.8895047, 0.0 ], [ 19.1337619, 72.8895145, 0.0 ], [ 19.1337232, 72.8894926, 0.0 ], [ 19.1336701, 72.8894627, 0.0 ], [ 19.133605, 72.8894259, 0.0 ], [ 19.1332736, 72.8893074, 0.0 ], [ 19.1331792, 72.8893104, 0.0 ], [ 19.1330444, 72.8892582, 0.0 ], [ 19.1329193, 72.8892147, 0.0 ], [ 19.1329097, 72.8892114, 0.0 ], [ 19.132801, 72.8891663, 0.0 ], [ 19.1323765, 72.8889012, 0.0 ], [ 19.1323751, 72.8887462, 0.0 ], [ 19.1322109, 72.8885852, 0.0 ], [ 19.1318402, 72.8885894, 0.0 ], [ 19.1314353, 72.8885941, 0.0 ], [ 19.1313726, 72.8885568, 0.0 ], [ 19.1313139, 72.888522, 0.0 ], [ 19.131205, 72.8887144, 0.0 ], [ 19.1310849, 72.8885853, 0.0 ], [ 19.1309944, 72.8884828, 0.0 ], [ 19.1309209, 72.8883174, 0.0 ], [ 19.1308811, 72.8882286, 0.0 ], [ 19.1308196, 72.8880809, 0.0 ], [ 19.1307553, 72.8879218, 0.0 ], [ 19.1306121, 72.8877941, 0.0 ], [ 19.1304998, 72.8876967, 0.0 ], [ 19.1303726, 72.8875773, 0.0 ], [ 19.1302947, 72.8873853, 0.0 ], [ 19.1302221, 72.8872025, 0.0 ], [ 19.1301971, 72.8871413, 0.0 ], [ 19.1300756, 72.8868858, 0.0 ], [ 19.1299623, 72.8868053, 0.0 ], [ 19.1296072, 72.8865359, 0.0 ], [ 19.1294285, 72.886395, 0.0 ], [ 19.1294294, 72.8862666, 0.0 ], [ 19.1294298, 72.886199, 0.0 ], [ 19.1294304, 72.8861974, 0.0 ], [ 19.1294469, 72.8861461, 0.0 ], [ 19.1294608, 72.8861057, 0.0 ], [ 19.1294619, 72.8861009, 0.0 ], [ 19.1294723, 72.8860583, 0.0 ], [ 19.1294837, 72.8860066, 0.0 ], [ 19.1294974, 72.8859397, 0.0 ], [ 19.1295072, 72.8858838, 0.0 ], [ 19.1295178, 72.8858228, 0.0 ], [ 19.129532, 72.8857288, 0.0 ], [ 19.1295415, 72.8856526, 0.0 ], [ 19.1295488, 72.8855816, 0.0 ], [ 19.1295572, 72.8854767, 0.0 ], [ 19.1295619, 72.8853989, 0.0 ], [ 19.1295642, 72.8853203, 0.0 ], [ 19.1295649, 72.8852391, 0.0 ], [ 19.1295658, 72.8851732, 0.0 ], [ 19.1295643, 72.8851115, 0.0 ], [ 19.1295611, 72.8850507, 0.0 ], [ 19.1295581, 72.8849958, 0.0 ], [ 19.1295552, 72.8849486, 0.0 ], [ 19.1295504, 72.884881, 0.0 ], [ 19.1295441, 72.8848236, 0.0 ], [ 19.1295379, 72.8847716, 0.0 ] ] ] } },
{ "type": "Feature", "id": 16, "properties": { "Name": "\n    L\n   ", "tessellate": 1, "extrude": 0, "visibility": -1, "NAME2": "L\n", "OBJECTID": 17, "Shape__Area": 15625411.0261, "Shape__Length": 25757.157209699999 }, "geometry": { "type": "Polygon", "coordinates": [ [ [ 19.1279133, 72.8881479, 0.0 ], [ 19.127067, 72.8892752, 0.0 ], [ 19.1265845, 72.8899263, 0.0 ], [ 19.1263185, 72.8903519, 0.0 ], [ 19.1262485, 72.8904694, 0.0 ], [ 19.1258194, 72.8912727, 0.0 ], [ 19.1254963, 72.8918674, 0.0 ], [ 19.1253929, 72.8920759, 0.0 ], [ 19.1253329, 72.892214, 0.0 ], [ 19.1252754, 72.8923546, 0.0 ], [ 19.1252251, 72.8924744, 0.0 ], [ 19.1250276, 72.8930778, 0.0 ], [ 19.1247069, 72.8949323, 0.0 ], [ 19.1246786, 72.8951139, 0.0 ], [ 19.1245488, 72.895731, 0.0 ], [ 19.12452, 72.8957323, 0.0 ], [ 19.1243708, 72.8957378, 0.0 ], [ 19.1236417, 72.8957645, 0.0 ], [ 19.1234986, 72.8957698, 0.0 ], [ 19.1229559, 72.8957947, 0.0 ], [ 19.1223453, 72.8958227, 0.0 ], [ 19.1223423, 72.8958227, 0.0 ], [ 19.1222452, 72.8958287, 0.0 ], [ 19.1216553, 72.895865, 0.0 ], [ 19.1214684, 72.8958759, 0.0 ], [ 19.121366, 72.8959324, 0.0 ], [ 19.121325, 72.8959551, 0.0 ], [ 19.1212314, 72.8960105, 0.0 ], [ 19.1211686, 72.8960241, 0.0 ], [ 19.1210065, 72.8960736, 0.0 ], [ 19.1209608, 72.8960874, 0.0 ], [ 19.1208759, 72.8963363, 0.0 ], [ 19.1207799, 72.8966173, 0.0 ], [ 19.1207078, 72.896959, 0.0 ], [ 19.1206299, 72.8971392, 0.0 ], [ 19.1205759, 72.8972642, 0.0 ], [ 19.1203922, 72.8976996, 0.0 ], [ 19.1203262, 72.8978559, 0.0 ], [ 19.1202402, 72.8980416, 0.0 ], [ 19.1201694, 72.8981945, 0.0 ], [ 19.1201015, 72.8983395, 0.0 ], [ 19.1199236, 72.8986624, 0.0 ], [ 19.1199041, 72.8987017, 0.0 ], [ 19.1198911, 72.8987277, 0.0 ], [ 19.1197785, 72.8989394, 0.0 ], [ 19.1197088, 72.899079, 0.0 ], [ 19.1196355, 72.8992141, 0.0 ], [ 19.1195334, 72.8994185, 0.0 ], [ 19.11946, 72.8995641, 0.0 ], [ 19.1194269, 72.8996311, 0.0 ], [ 19.1194131, 72.899659, 0.0 ], [ 19.1193686, 72.8997489, 0.0 ], [ 19.1193513, 72.8997872, 0.0 ], [ 19.1192939, 72.8999259, 0.0 ], [ 19.1192323, 72.9000646, 0.0 ], [ 19.1191734, 72.9002087, 0.0 ], [ 19.1189593, 72.9006779, 0.0 ], [ 19.1189433, 72.9007084, 0.0 ], [ 19.1188644, 72.9008595, 0.0 ], [ 19.1188138, 72.9009563, 0.0 ], [ 19.1185718, 72.9014384, 0.0 ], [ 19.118484, 72.9016066, 0.0 ], [ 19.1184029, 72.9017618, 0.0 ], [ 19.1182326, 72.902078, 0.0 ], [ 19.1181695, 72.9021854, 0.0 ], [ 19.1180572, 72.9023627, 0.0 ], [ 19.1178267, 72.9027217, 0.0 ], [ 19.1178058, 72.9027555, 0.0 ], [ 19.1177554, 72.9028372, 0.0 ], [ 19.1176942, 72.9029309, 0.0 ], [ 19.1175528, 72.9031669, 0.0 ], [ 19.1175021, 72.9032659, 0.0 ], [ 19.1174261, 72.9032723, 0.0 ], [ 19.1173566, 72.9032762, 0.0 ], [ 19.1172641, 72.9032806, 0.0 ], [ 19.1172577, 72.9032798, 0.0 ], [ 19.1172324, 72.9032786, 0.0 ], [ 19.1172023, 72.9032752, 0.0 ], [ 19.1171796, 72.9032728, 0.0 ], [ 19.1171782, 72.9032852, 0.0 ], [ 19.1169102, 72.9033176, 0.0 ], [ 19.1168613, 72.9033571, 0.0 ], [ 19.1168312, 72.9033777, 0.0 ], [ 19.11679, 72.9034061, 0.0 ], [ 19.1167285, 72.9034501, 0.0 ], [ 19.1166764, 72.9034897, 0.0 ], [ 19.1165858, 72.9035587, 0.0 ], [ 19.1161857, 72.9038603, 0.0 ], [ 19.1161362, 72.9038933, 0.0 ], [ 19.1158919, 72.9040686, 0.0 ], [ 19.1158587, 72.9040907, 0.0 ], [ 19.1158533, 72.9040963, 0.0 ], [ 19.115798, 72.9041359, 0.0 ], [ 19.115719, 72.9041897, 0.0 ], [ 19.1155427, 72.9043097, 0.0 ], [ 19.1152717, 72.9044868, 0.0 ], [ 19.1149125, 72.9044081, 0.0 ], [ 19.1143369, 72.9043365, 0.0 ], [ 19.1141002, 72.904316, 0.0 ], [ 19.1131614, 72.9044236, 0.0 ], [ 19.1127077, 72.9044739, 0.0 ], [ 19.1123176, 72.9045172, 0.0 ], [ 19.111985, 72.9045483, 0.0 ], [ 19.1118419, 72.9049343, 0.0 ], [ 19.111354, 72.9062835, 0.0 ], [ 19.1112216, 72.9064319, 0.0 ], [ 19.1109586, 72.9067138, 0.0 ], [ 19.1105408, 72.9069005, 0.0 ], [ 19.1103039, 72.9070084, 0.0 ], [ 19.1099066, 72.9072764, 0.0 ], [ 19.1093933, 72.9076283, 0.0 ], [ 19.1091142, 72.9077542, 0.0 ], [ 19.1081368, 72.90801, 0.0 ], [ 19.1076088, 72.9073275, 0.0 ], [ 19.1073215, 72.9069808, 0.0 ], [ 19.1071683, 72.9067946, 0.0 ], [ 19.1070711, 72.906722, 0.0 ], [ 19.1063996, 72.9063012, 0.0 ], [ 19.1061727, 72.9061371, 0.0 ], [ 19.1059822, 72.9059993, 0.0 ], [ 19.1056379, 72.9057524, 0.0 ], [ 19.1054179, 72.9055954, 0.0 ], [ 19.1048768, 72.9052086, 0.0 ], [ 19.1045958, 72.9050077, 0.0 ], [ 19.1032762, 72.9045984, 0.0 ], [ 19.1032709, 72.9045905, 0.0 ], [ 19.10287, 72.9039789, 0.0 ], [ 19.1027921, 72.9038889, 0.0 ], [ 19.1026529, 72.9038104, 0.0 ], [ 19.1025116, 72.9037307, 0.0 ], [ 19.1023771, 72.9036657, 0.0 ], [ 19.1023644, 72.9036596, 0.0 ], [ 19.102328, 72.903642, 0.0 ], [ 19.1023125, 72.9035969, 0.0 ], [ 19.1022732, 72.9034828, 0.0 ], [ 19.1022119, 72.9033045, 0.0 ], [ 19.102116, 72.903026, 0.0 ], [ 19.1016315, 72.9023973, 0.0 ], [ 19.1013962, 72.9019859, 0.0 ], [ 19.1011534, 72.9017564, 0.0 ], [ 19.1010934, 72.9017081, 0.0 ], [ 19.1010176, 72.9016469, 0.0 ], [ 19.1009429, 72.9015608, 0.0 ], [ 19.1007161, 72.9013374, 0.0 ], [ 19.1006087, 72.9011871, 0.0 ], [ 19.1005023, 72.9010921, 0.0 ], [ 19.1003854, 72.9009877, 0.0 ], [ 19.1002452, 72.9009474, 0.0 ], [ 19.1001943, 72.9009327, 0.0 ], [ 19.1001472, 72.9009191, 0.0 ], [ 19.0997872, 72.9007729, 0.0 ], [ 19.099575, 72.9007048, 0.0 ], [ 19.0995686, 72.9006987, 0.0 ], [ 19.0994487, 72.9005851, 0.0 ], [ 19.0994301, 72.9005534, 0.0 ], [ 19.0993311, 72.9003844, 0.0 ], [ 19.0993151, 72.9003265, 0.0 ], [ 19.099222, 72.8999906, 0.0 ], [ 19.099199, 72.89996, 0.0 ], [ 19.099125, 72.8998616, 0.0 ], [ 19.0990647, 72.8997816, 0.0 ], [ 19.0989937, 72.8996873, 0.0 ], [ 19.0988059, 72.8995867, 0.0 ], [ 19.0986509, 72.899535, 0.0 ], [ 19.0984658, 72.8995016, 0.0 ], [ 19.0977898, 72.8993829, 0.0 ], [ 19.0977601, 72.8993777, 0.0 ], [ 19.0975412, 72.8993068, 0.0 ], [ 19.0972987, 72.8992339, 0.0 ], [ 19.0971079, 72.8991712, 0.0 ], [ 19.0968896, 72.8991026, 0.0 ], [ 19.0966902, 72.8990395, 0.0 ], [ 19.0964482, 72.8989364, 0.0 ], [ 19.0963535, 72.8988956, 0.0 ], [ 19.0962818, 72.8988672, 0.0 ], [ 19.0962134, 72.8988411, 0.0 ], [ 19.0960975, 72.8987936, 0.0 ], [ 19.0960916, 72.8987912, 0.0 ], [ 19.0960177, 72.8987632, 0.0 ], [ 19.0959289, 72.8989662, 0.0 ], [ 19.09591, 72.8990095, 0.0 ], [ 19.0957653, 72.8993404, 0.0 ], [ 19.0955681, 72.8993797, 0.0 ], [ 19.0955345, 72.8993877, 0.0 ], [ 19.0954949, 72.8993951, 0.0 ], [ 19.0953267, 72.8994277, 0.0 ], [ 19.0951172, 72.8995163, 0.0 ], [ 19.094864, 72.8995381, 0.0 ], [ 19.0948075, 72.899554, 0.0 ], [ 19.0946694, 72.8995932, 0.0 ], [ 19.0946643, 72.899684, 0.0 ], [ 19.0945518, 72.8997015, 0.0 ], [ 19.0943912, 72.8996948, 0.0 ], [ 19.094342, 72.8996927, 0.0 ], [ 19.094209, 72.8996796, 0.0 ], [ 19.0941615, 72.8996696, 0.0 ], [ 19.0940554, 72.899646, 0.0 ], [ 19.0939517, 72.8996148, 0.0 ], [ 19.0938235, 72.8995759, 0.0 ], [ 19.0938231, 72.8994968, 0.0 ], [ 19.0937526, 72.8994408, 0.0 ], [ 19.0934909, 72.8992449, 0.0 ], [ 19.0933494, 72.8991687, 0.0 ], [ 19.0932552, 72.8990386, 0.0 ], [ 19.0932513, 72.8990331, 0.0 ], [ 19.0931805, 72.8989354, 0.0 ], [ 19.0930993, 72.8988232, 0.0 ], [ 19.0930369, 72.898737, 0.0 ], [ 19.0929939, 72.8986918, 0.0 ], [ 19.0929938, 72.8986917, 0.0 ], [ 19.0927493, 72.8984348, 0.0 ], [ 19.0925892, 72.8983874, 0.0 ], [ 19.0925168, 72.898023, 0.0 ], [ 19.0923726, 72.8978284, 0.0 ], [ 19.092305, 72.8977371, 0.0 ], [ 19.0920914, 72.8972834, 0.0 ], [ 19.0920284, 72.89721, 0.0 ], [ 19.0916259, 72.8967409, 0.0 ], [ 19.0915982, 72.8965015, 0.0 ], [ 19.0915892, 72.8962338, 0.0 ], [ 19.0915794, 72.8959438, 0.0 ], [ 19.0919778, 72.8958566, 0.0 ], [ 19.0921339, 72.8957036, 0.0 ], [ 19.0921713, 72.8954566, 0.0 ], [ 19.0921891, 72.8953389, 0.0 ], [ 19.0922847, 72.8949741, 0.0 ], [ 19.091943, 72.894826, 0.0 ], [ 19.0913369, 72.8948848, 0.0 ], [ 19.0912162, 72.8948928, 0.0 ], [ 19.0911977, 72.8947941, 0.0 ], [ 19.0911959, 72.8947869, 0.0 ], [ 19.0911707, 72.8946848, 0.0 ], [ 19.0911478, 72.8946148, 0.0 ], [ 19.0911309, 72.8945714, 0.0 ], [ 19.091125, 72.8945564, 0.0 ], [ 19.0910555, 72.8944082, 0.0 ], [ 19.0910307, 72.8943428, 0.0 ], [ 19.0909733, 72.8943491, 0.0 ], [ 19.0905759, 72.8943929, 0.0 ], [ 19.0904738, 72.8944047, 0.0 ], [ 19.0904325, 72.8944094, 0.0 ], [ 19.0902258, 72.894433, 0.0 ], [ 19.0901419, 72.8944425, 0.0 ], [ 19.0886106, 72.8946169, 0.0 ], [ 19.0885274, 72.8946223, 0.0 ], [ 19.0884768, 72.8946233, 0.0 ], [ 19.0884172, 72.8946223, 0.0 ], [ 19.0883665, 72.8946196, 0.0 ], [ 19.0883457, 72.8946179, 0.0 ], [ 19.0883278, 72.8946163, 0.0 ], [ 19.088272, 72.8946059, 0.0 ], [ 19.0882439, 72.8946006, 0.0 ], [ 19.0881213, 72.8945777, 0.0 ], [ 19.0877806, 72.8944877, 0.0 ], [ 19.0874209, 72.8943454, 0.0 ], [ 19.0870439, 72.8942322, 0.0 ], [ 19.0868862, 72.8942033, 0.0 ], [ 19.0867375, 72.8941824, 0.0 ], [ 19.0866968, 72.8941766, 0.0 ], [ 19.0866788, 72.8941745, 0.0 ], [ 19.0866672, 72.8941736, 0.0 ], [ 19.0866405, 72.8941721, 0.0 ], [ 19.086595, 72.8941809, 0.0 ], [ 19.0865675, 72.8941865, 0.0 ], [ 19.086529, 72.8941948, 0.0 ], [ 19.0864856, 72.8942048, 0.0 ], [ 19.0864303, 72.8942188, 0.0 ], [ 19.0863683, 72.8942351, 0.0 ], [ 19.0860611, 72.8943202, 0.0 ], [ 19.0859921, 72.8943393, 0.0 ], [ 19.0858755, 72.8943728, 0.0 ], [ 19.085833, 72.8943851, 0.0 ], [ 19.0857168, 72.8944185, 0.0 ], [ 19.0850838, 72.8926714, 0.0 ], [ 19.0849993, 72.8927256, 0.0 ], [ 19.0849692, 72.8927504, 0.0 ], [ 19.0849455, 72.8927699, 0.0 ], [ 19.0848812, 72.8928241, 0.0 ], [ 19.084708, 72.892973, 0.0 ], [ 19.0846096, 72.8930235, 0.0 ], [ 19.0844241, 72.8931076, 0.0 ], [ 19.0843633, 72.8931482, 0.0 ], [ 19.0841262, 72.8932894, 0.0 ], [ 19.0834847, 72.8934994, 0.0 ], [ 19.0833506, 72.893751, 0.0 ], [ 19.0825242, 72.8936948, 0.0 ], [ 19.0824031, 72.8936817, 0.0 ], [ 19.0822089, 72.8937143, 0.0 ], [ 19.0821221, 72.893729, 0.0 ], [ 19.081983, 72.8938187, 0.0 ], [ 19.0819798, 72.8938208, 0.0 ], [ 19.081922, 72.8938479, 0.0 ], [ 19.0817876, 72.8939355, 0.0 ], [ 19.0817804, 72.8939402, 0.0 ], [ 19.0817252, 72.8939212, 0.0 ], [ 19.081689, 72.8939092, 0.0 ], [ 19.0814724, 72.8938425, 0.0 ], [ 19.0814507, 72.893833, 0.0 ], [ 19.0812168, 72.8938484, 0.0 ], [ 19.0811744, 72.8938534, 0.0 ], [ 19.0811414, 72.8938571, 0.0 ], [ 19.0811137, 72.8938607, 0.0 ], [ 19.0810727, 72.8938646, 0.0 ], [ 19.0810487, 72.8938674, 0.0 ], [ 19.0810394, 72.8938686, 0.0 ], [ 19.0810267, 72.8938703, 0.0 ], [ 19.0810023, 72.8938723, 0.0 ], [ 19.0809934, 72.893873, 0.0 ], [ 19.0809847, 72.8938748, 0.0 ], [ 19.0809157, 72.893864, 0.0 ], [ 19.0808818, 72.8938559, 0.0 ], [ 19.0808547, 72.8938493, 0.0 ], [ 19.0808416, 72.8938451, 0.0 ], [ 19.0808356, 72.8938431, 0.0 ], [ 19.0808217, 72.8938386, 0.0 ], [ 19.0806253, 72.8937737, 0.0 ], [ 19.0806011, 72.8937657, 0.0 ], [ 19.0805738, 72.8937567, 0.0 ], [ 19.0805588, 72.8937514, 0.0 ], [ 19.0805482, 72.8937477, 0.0 ], [ 19.080541, 72.893745, 0.0 ], [ 19.0805167, 72.8937371, 0.0 ], [ 19.0805121, 72.8937351, 0.0 ], [ 19.0804925, 72.8937283, 0.0 ], [ 19.0804878, 72.8937266, 0.0 ], [ 19.0804598, 72.8937162, 0.0 ], [ 19.0804529, 72.8937125, 0.0 ], [ 19.080439, 72.8937073, 0.0 ], [ 19.080427, 72.8937027, 0.0 ], [ 19.0804045, 72.8936937, 0.0 ], [ 19.0803829, 72.8936854, 0.0 ], [ 19.0803596, 72.8936758, 0.0 ], [ 19.0803304, 72.8936647, 0.0 ], [ 19.0802812, 72.893645, 0.0 ], [ 19.0802492, 72.8936337, 0.0 ], [ 19.079476, 72.8933614, 0.0 ], [ 19.0794198, 72.8933413, 0.0 ], [ 19.0793935, 72.8933336, 0.0 ], [ 19.0792438, 72.8932906, 0.0 ], [ 19.0791807, 72.8932709, 0.0 ], [ 19.0791453, 72.8932605, 0.0 ], [ 19.0791212, 72.8932535, 0.0 ], [ 19.078854, 72.8931754, 0.0 ], [ 19.0785908, 72.8931008, 0.0 ], [ 19.0779795, 72.8930497, 0.0 ], [ 19.0773166, 72.8928562, 0.0 ], [ 19.0770053, 72.8927653, 0.0 ], [ 19.0768653, 72.8927245, 0.0 ], [ 19.0765568, 72.8926367, 0.0 ], [ 19.076327, 72.8925722, 0.0 ], [ 19.0757405, 72.8924115, 0.0 ], [ 19.0754499, 72.8923319, 0.0 ], [ 19.0753182, 72.8922925, 0.0 ], [ 19.0748105, 72.8921835, 0.0 ], [ 19.0742584, 72.8920649, 0.0 ], [ 19.0735147, 72.8918519, 0.0 ], [ 19.0731375, 72.8917438, 0.0 ], [ 19.0730786, 72.8917269, 0.0 ], [ 19.0730687, 72.8917241, 0.0 ], [ 19.0730095, 72.8917072, 0.0 ], [ 19.0727539, 72.8915395, 0.0 ], [ 19.0725728, 72.8914916, 0.0 ], [ 19.0724125, 72.8914494, 0.0 ], [ 19.072134, 72.891424, 0.0 ], [ 19.0717736, 72.891389, 0.0 ], [ 19.0713628, 72.8913459, 0.0 ], [ 19.0705874, 72.8912482, 0.0 ], [ 19.070565, 72.8912454, 0.0 ], [ 19.0704062, 72.8912194, 0.0 ], [ 19.0702609, 72.8912056, 0.0 ], [ 19.0697792, 72.8911712, 0.0 ], [ 19.0696683, 72.8911635, 0.0 ], [ 19.0694946, 72.8911515, 0.0 ], [ 19.0684299, 72.891062, 0.0 ], [ 19.0684278, 72.8910617, 0.0 ], [ 19.0682365, 72.8923339, 0.0 ], [ 19.0682253, 72.8923962, 0.0 ], [ 19.0682221, 72.8924138, 0.0 ], [ 19.0682114, 72.8924736, 0.0 ], [ 19.0682011, 72.8925304, 0.0 ], [ 19.0681987, 72.8925442, 0.0 ], [ 19.0681683, 72.892713, 0.0 ], [ 19.0662897, 72.8914729, 0.0 ], [ 19.0659137, 72.8912063, 0.0 ], [ 19.0658832, 72.8911847, 0.0 ], [ 19.0656475, 72.8910176, 0.0 ], [ 19.0653939, 72.8908378, 0.0 ], [ 19.0652764, 72.8907545, 0.0 ], [ 19.0652079, 72.8907059, 0.0 ], [ 19.0637655, 72.8896831, 0.0 ], [ 19.059707, 72.8867341, 0.0 ], [ 19.0588427, 72.8861158, 0.0 ], [ 19.05878, 72.8860709, 0.0 ], [ 19.0585151, 72.8858815, 0.0 ], [ 19.058478, 72.8858549, 0.0 ], [ 19.0575202, 72.8851698, 0.0 ], [ 19.0558985, 72.8840117, 0.0 ], [ 19.0545736, 72.8830048, 0.0 ], [ 19.0541016, 72.8826461, 0.0 ], [ 19.0538757, 72.8824744, 0.0 ], [ 19.053827, 72.8824374, 0.0 ], [ 19.0537364, 72.8823686, 0.0 ], [ 19.0534799, 72.8821737, 0.0 ], [ 19.0534564, 72.8821558, 0.0 ], [ 19.0534553, 72.882155, 0.0 ], [ 19.0532222, 72.8819956, 0.0 ], [ 19.0531511, 72.881947, 0.0 ], [ 19.0531158, 72.8819289, 0.0 ], [ 19.0531154, 72.8819287, 0.0 ], [ 19.0530587, 72.8818997, 0.0 ], [ 19.0530218, 72.8818758, 0.0 ], [ 19.0529161, 72.8818074, 0.0 ], [ 19.0528874, 72.8817888, 0.0 ], [ 19.0525557, 72.8815374, 0.0 ], [ 19.0524746, 72.881476, 0.0 ], [ 19.0521596, 72.8812539, 0.0 ], [ 19.0518101, 72.8810074, 0.0 ], [ 19.0510567, 72.8804721, 0.0 ], [ 19.0508591, 72.8803494, 0.0 ], [ 19.0507018, 72.8802273, 0.0 ], [ 19.0505747, 72.8801184, 0.0 ], [ 19.0502013, 72.8798607, 0.0 ], [ 19.0480536, 72.8783787, 0.0 ], [ 19.0479694, 72.8783544, 0.0 ], [ 19.047954, 72.8783394, 0.0 ], [ 19.0478237, 72.8782318, 0.0 ], [ 19.0478236, 72.8782318, 0.0 ], [ 19.0476633, 72.8781217, 0.0 ], [ 19.0475541, 72.8780268, 0.0 ], [ 19.0478026, 72.8777936, 0.0 ], [ 19.0481565, 72.8774378, 0.0 ], [ 19.0482574, 72.8773104, 0.0 ], [ 19.0485006, 72.8769518, 0.0 ], [ 19.0486579, 72.8769313, 0.0 ], [ 19.0487401, 72.8769206, 0.0 ], [ 19.0488018, 72.876875, 0.0 ], [ 19.0488795, 72.8768177, 0.0 ], [ 19.0489402, 72.8767727, 0.0 ], [ 19.0489969, 72.8767235, 0.0 ], [ 19.0489971, 72.8767233, 0.0 ], [ 19.0490152, 72.8766958, 0.0 ], [ 19.0490164, 72.8766932, 0.0 ], [ 19.049022, 72.8766796, 0.0 ], [ 19.0490259, 72.8766542, 0.0 ], [ 19.0490291, 72.8766342, 0.0 ], [ 19.0490303, 72.8766264, 0.0 ], [ 19.0490312, 72.8766209, 0.0 ], [ 19.0490312, 72.8766194, 0.0 ], [ 19.0490321, 72.8765936, 0.0 ], [ 19.0490324, 72.8765809, 0.0 ], [ 19.0490297, 72.8765514, 0.0 ], [ 19.0490198, 72.8765077, 0.0 ], [ 19.0490135, 72.8764893, 0.0 ], [ 19.0490113, 72.8764826, 0.0 ], [ 19.0490016, 72.8764549, 0.0 ], [ 19.0489926, 72.8764333, 0.0 ], [ 19.0489855, 72.8764165, 0.0 ], [ 19.0489628, 72.8763682, 0.0 ], [ 19.0489409, 72.8763222, 0.0 ], [ 19.0488995, 72.8762191, 0.0 ], [ 19.0488787, 72.8761449, 0.0 ], [ 19.048874, 72.8761286, 0.0 ], [ 19.0488664, 72.8761021, 0.0 ], [ 19.0488628, 72.876065, 0.0 ], [ 19.0488562, 72.8760019, 0.0 ], [ 19.0488543, 72.8759547, 0.0 ], [ 19.0488572, 72.8759404, 0.0 ], [ 19.0488725, 72.8758652, 0.0 ], [ 19.0489086, 72.8757564, 0.0 ], [ 19.048946, 72.8756879, 0.0 ], [ 19.0489461, 72.8756876, 0.0 ], [ 19.0489616, 72.8756593, 0.0 ], [ 19.0491042, 72.8754549, 0.0 ], [ 19.049168, 72.8753635, 0.0 ], [ 19.049425, 72.874976, 0.0 ], [ 19.0494251, 72.8749758, 0.0 ], [ 19.0496157, 72.8745539, 0.0 ], [ 19.0496629, 72.8744243, 0.0 ], [ 19.0497279, 72.8742462, 0.0 ], [ 19.0497446, 72.8741924, 0.0 ], [ 19.0497751, 72.8740945, 0.0 ], [ 19.0498972, 72.8737027, 0.0 ], [ 19.0499423, 72.8734813, 0.0 ], [ 19.049948, 72.8734533, 0.0 ], [ 19.0499598, 72.8733953, 0.0 ], [ 19.0499852, 72.873074, 0.0 ], [ 19.0499857, 72.8730679, 0.0 ], [ 19.050002, 72.8726843, 0.0 ], [ 19.0500076, 72.8725514, 0.0 ], [ 19.0500001, 72.872241, 0.0 ], [ 19.0499668, 72.8720475, 0.0 ], [ 19.0499469, 72.8719925, 0.0 ], [ 19.0500763, 72.8718964, 0.0 ], [ 19.0501479, 72.871843, 0.0 ], [ 19.0501564, 72.8718367, 0.0 ], [ 19.050262, 72.8717579, 0.0 ], [ 19.0503285, 72.8717124, 0.0 ], [ 19.0504479, 72.8716308, 0.0 ], [ 19.0507389, 72.8714301, 0.0 ], [ 19.0508766, 72.8713518, 0.0 ], [ 19.0509294, 72.8712716, 0.0 ], [ 19.0509965, 72.8712205, 0.0 ], [ 19.0510809, 72.8710901, 0.0 ], [ 19.0510884, 72.871081, 0.0 ], [ 19.0511112, 72.871053, 0.0 ], [ 19.0511273, 72.8710334, 0.0 ], [ 19.0511339, 72.8710215, 0.0 ], [ 19.0511488, 72.8709947, 0.0 ], [ 19.0511691, 72.8709581, 0.0 ], [ 19.0511782, 72.8708745, 0.0 ], [ 19.0512222, 72.8704443, 0.0 ], [ 19.0512412, 72.8702925, 0.0 ], [ 19.0512438, 72.8702562, 0.0 ], [ 19.0512794, 72.8699326, 0.0 ], [ 19.0512621, 72.8694423, 0.0 ], [ 19.0512606, 72.869382, 0.0 ], [ 19.0512747, 72.8693468, 0.0 ], [ 19.0513062, 72.8692682, 0.0 ], [ 19.0513273, 72.8692147, 0.0 ], [ 19.0513589, 72.8691447, 0.0 ], [ 19.0513165, 72.8689532, 0.0 ], [ 19.0512956, 72.8688588, 0.0 ], [ 19.0515815, 72.8685791, 0.0 ], [ 19.0517962, 72.8683681, 0.0 ], [ 19.0520285, 72.8682795, 0.0 ], [ 19.0521829, 72.8681688, 0.0 ], [ 19.05234, 72.8679885, 0.0 ], [ 19.0523804, 72.86786, 0.0 ], [ 19.0524213, 72.8677305, 0.0 ], [ 19.0524404, 72.8676615, 0.0 ], [ 19.0524492, 72.8676298, 0.0 ], [ 19.0524531, 72.8676161, 0.0 ], [ 19.0524686, 72.8675345, 0.0 ], [ 19.0524505, 72.8674308, 0.0 ], [ 19.0523739, 72.8673767, 0.0 ], [ 19.0523733, 72.8669887, 0.0 ], [ 19.0523726, 72.8666082, 0.0 ], [ 19.0523717, 72.8663674, 0.0 ], [ 19.0523711, 72.8662018, 0.0 ], [ 19.0523699, 72.865857, 0.0 ], [ 19.0523331, 72.8635585, 0.0 ], [ 19.0536665, 72.8651689, 0.0 ], [ 19.054128, 72.8657312, 0.0 ], [ 19.0543931, 72.8660562, 0.0 ], [ 19.0547666, 72.866514, 0.0 ], [ 19.0564799, 72.8685968, 0.0 ], [ 19.0566655, 72.8687812, 0.0 ], [ 19.0566776, 72.8687933, 0.0 ], [ 19.0569293, 72.8690435, 0.0 ], [ 19.0569538, 72.8690681, 0.0 ], [ 19.0570786, 72.8691935, 0.0 ], [ 19.057095, 72.8692099, 0.0 ], [ 19.0572502, 72.8693658, 0.0 ], [ 19.0574013, 72.8695177, 0.0 ], [ 19.0575018, 72.8695871, 0.0 ], [ 19.0576424, 72.8696842, 0.0 ], [ 19.0576759, 72.8697073, 0.0 ], [ 19.0579833, 72.8698733, 0.0 ], [ 19.0580492, 72.869909, 0.0 ], [ 19.0584707, 72.8701366, 0.0 ], [ 19.0584916, 72.8701479, 0.0 ], [ 19.0590549, 72.8704648, 0.0 ], [ 19.0593445, 72.870646, 0.0 ], [ 19.0595842, 72.8708004, 0.0 ], [ 19.0602243, 72.8711356, 0.0 ], [ 19.060258, 72.8711532, 0.0 ], [ 19.0605133, 72.8712813, 0.0 ], [ 19.0607561, 72.8712747, 0.0 ], [ 19.0609061, 72.8712809, 0.0 ], [ 19.060937, 72.8712822, 0.0 ], [ 19.0611679, 72.8713051, 0.0 ], [ 19.0613484, 72.8713219, 0.0 ], [ 19.0613526, 72.8713223, 0.0 ], [ 19.061419, 72.8713375, 0.0 ], [ 19.061428, 72.8713412, 0.0 ], [ 19.0614666, 72.8713572, 0.0 ], [ 19.0615466, 72.8713904, 0.0 ], [ 19.0617022, 72.8714819, 0.0 ], [ 19.0621963, 72.8717725, 0.0 ], [ 19.062284, 72.871824, 0.0 ], [ 19.0630427, 72.8723803, 0.0 ], [ 19.0631799, 72.8724809, 0.0 ], [ 19.0634887, 72.8727105, 0.0 ], [ 19.0636014, 72.8727942, 0.0 ], [ 19.0637777, 72.8729265, 0.0 ], [ 19.0638473, 72.8729428, 0.0 ], [ 19.0640163, 72.8730358, 0.0 ], [ 19.0643588, 72.8732023, 0.0 ], [ 19.0645712, 72.8732664, 0.0 ], [ 19.0649326, 72.8733953, 0.0 ], [ 19.0651131, 72.8734487, 0.0 ], [ 19.0652082, 72.8734363, 0.0 ], [ 19.0653397, 72.8734237, 0.0 ], [ 19.0653493, 72.8734227, 0.0 ], [ 19.0654254, 72.8734017, 0.0 ], [ 19.0655603, 72.8733644, 0.0 ], [ 19.0655802, 72.8733589, 0.0 ], [ 19.0658343, 72.8732886, 0.0 ], [ 19.0659175, 72.8732693, 0.0 ], [ 19.0660055, 72.8732488, 0.0 ], [ 19.0664768, 72.8731676, 0.0 ], [ 19.0677245, 72.8731065, 0.0 ], [ 19.0680464, 72.8731024, 0.0 ], [ 19.0686763, 72.8731282, 0.0 ], [ 19.0692706, 72.8731733, 0.0 ], [ 19.0695177, 72.8732002, 0.0 ], [ 19.0695283, 72.873203, 0.0 ], [ 19.0697617, 72.8732649, 0.0 ], [ 19.069909, 72.8733156, 0.0 ], [ 19.0701497, 72.8734104, 0.0 ], [ 19.0705523, 72.8735746, 0.0 ], [ 19.0706439, 72.8736124, 0.0 ], [ 19.0706493, 72.8736147, 0.0 ], [ 19.0707881, 72.8736648, 0.0 ], [ 19.0709011, 72.87368, 0.0 ], [ 19.0709387, 72.8736848, 0.0 ], [ 19.0710033, 72.8736931, 0.0 ], [ 19.0710537, 72.8736924, 0.0 ], [ 19.0711743, 72.8736909, 0.0 ], [ 19.0711771, 72.8736908, 0.0 ], [ 19.0713739, 72.8736389, 0.0 ], [ 19.0715, 72.873578, 0.0 ], [ 19.0716403, 72.8735219, 0.0 ], [ 19.0717569, 72.8734463, 0.0 ], [ 19.0719248, 72.8733354, 0.0 ], [ 19.0721017, 72.8731948, 0.0 ], [ 19.0722481, 72.8730535, 0.0 ], [ 19.0724008, 72.8729062, 0.0 ], [ 19.0724165, 72.8728799, 0.0 ], [ 19.0725016, 72.8727377, 0.0 ], [ 19.0726769, 72.8725599, 0.0 ], [ 19.0728303, 72.8724146, 0.0 ], [ 19.0729609, 72.8723289, 0.0 ], [ 19.0731426, 72.8721981, 0.0 ], [ 19.0732914, 72.872136, 0.0 ], [ 19.0735213, 72.8720401, 0.0 ], [ 19.0739334, 72.8719212, 0.0 ], [ 19.0743852, 72.8718681, 0.0 ], [ 19.0745413, 72.871861, 0.0 ], [ 19.0745631, 72.8718619, 0.0 ], [ 19.074864, 72.8718747, 0.0 ], [ 19.0748712, 72.871875, 0.0 ], [ 19.0749849, 72.8718738, 0.0 ], [ 19.0754187, 72.8719714, 0.0 ], [ 19.075478, 72.8719844, 0.0 ], [ 19.0755443, 72.8719988, 0.0 ], [ 19.0756533, 72.8720218, 0.0 ], [ 19.075772, 72.8720559, 0.0 ], [ 19.0761169, 72.8722244, 0.0 ], [ 19.0762876, 72.8723556, 0.0 ], [ 19.0764826, 72.8725607, 0.0 ], [ 19.07661, 72.8727295, 0.0 ], [ 19.0768899, 72.8736233, 0.0 ], [ 19.0769091, 72.8736878, 0.0 ], [ 19.0769332, 72.8737688, 0.0 ], [ 19.077042, 72.8739915, 0.0 ], [ 19.0770978, 72.8740929, 0.0 ], [ 19.0772171, 72.87434, 0.0 ], [ 19.0772696, 72.8744505, 0.0 ], [ 19.0773666, 72.874657, 0.0 ], [ 19.0774037, 72.8747332, 0.0 ], [ 19.0774978, 72.8749267, 0.0 ], [ 19.0777675, 72.8751804, 0.0 ], [ 19.077872, 72.8752786, 0.0 ], [ 19.0780792, 72.8753236, 0.0 ], [ 19.0782438, 72.8755113, 0.0 ], [ 19.0783072, 72.8755836, 0.0 ], [ 19.0787504, 72.8758408, 0.0 ], [ 19.078789, 72.8758606, 0.0 ], [ 19.0788734, 72.8759026, 0.0 ], [ 19.0790226, 72.8755349, 0.0 ], [ 19.0792784, 72.8749136, 0.0 ], [ 19.0794774, 72.8744302, 0.0 ], [ 19.0794992, 72.8743772, 0.0 ], [ 19.07958, 72.8741879, 0.0 ], [ 19.0796638, 72.8740078, 0.0 ], [ 19.0797183, 72.874059, 0.0 ], [ 19.0797184, 72.8740591, 0.0 ], [ 19.0797471, 72.8740925, 0.0 ], [ 19.0797803, 72.8741312, 0.0 ], [ 19.0798343, 72.8740158, 0.0 ], [ 19.0799424, 72.8737854, 0.0 ], [ 19.0805263, 72.8725409, 0.0 ], [ 19.0805796, 72.8724272, 0.0 ], [ 19.0806228, 72.8723351, 0.0 ], [ 19.0808157, 72.8719125, 0.0 ], [ 19.0812307, 72.8709854, 0.0 ], [ 19.081357, 72.8707017, 0.0 ], [ 19.0814348, 72.8705268, 0.0 ], [ 19.0814574, 72.870476, 0.0 ], [ 19.0814945, 72.8704485, 0.0 ], [ 19.081698, 72.8701102, 0.0 ], [ 19.0817039, 72.8701102, 0.0 ], [ 19.0817134, 72.87011, 0.0 ], [ 19.0817256, 72.8701234, 0.0 ], [ 19.0827499, 72.8719252, 0.0 ], [ 19.0829985, 72.8724825, 0.0 ], [ 19.0839762, 72.8746739, 0.0 ], [ 19.0843299, 72.8754177, 0.0 ], [ 19.0844485, 72.8755726, 0.0 ], [ 19.0846588, 72.8758547, 0.0 ], [ 19.0847454, 72.8760044, 0.0 ], [ 19.0847994, 72.8760763, 0.0 ], [ 19.0849323, 72.8761289, 0.0 ], [ 19.0849916, 72.8761355, 0.0 ], [ 19.085026, 72.8761393, 0.0 ], [ 19.0850658, 72.8761437, 0.0 ], [ 19.0851266, 72.87615, 0.0 ], [ 19.0858408, 72.8762246, 0.0 ], [ 19.0861682, 72.8762588, 0.0 ], [ 19.0861432, 72.8766204, 0.0 ], [ 19.0860915, 72.8774175, 0.0 ], [ 19.0860891, 72.8774538, 0.0 ], [ 19.0860849, 72.8775163, 0.0 ], [ 19.0860722, 72.877709, 0.0 ], [ 19.0860578, 72.8779262, 0.0 ], [ 19.0860421, 72.878163, 0.0 ], [ 19.086032, 72.8783165, 0.0 ], [ 19.0859792, 72.8791621, 0.0 ], [ 19.0862061, 72.8791522, 0.0 ], [ 19.0862515, 72.8791503, 0.0 ], [ 19.0862543, 72.8791501, 0.0 ], [ 19.0864071, 72.8791409, 0.0 ], [ 19.0866079, 72.8791296, 0.0 ], [ 19.08664, 72.8791294, 0.0 ], [ 19.0867236, 72.879129, 0.0 ], [ 19.0867387, 72.8791289, 0.0 ], [ 19.0867557, 72.8791296, 0.0 ], [ 19.0867783, 72.8791333, 0.0 ], [ 19.0875808, 72.8788836, 0.0 ], [ 19.0877638, 72.8788566, 0.0 ], [ 19.088445, 72.8787559, 0.0 ], [ 19.0893564, 72.8789246, 0.0 ], [ 19.0897971, 72.8792277, 0.0 ], [ 19.0899877, 72.8790369, 0.0 ], [ 19.0903447, 72.8792399, 0.0 ], [ 19.0907626, 72.8788252, 0.0 ], [ 19.0908792, 72.8787155, 0.0 ], [ 19.0910766, 72.8789002, 0.0 ], [ 19.0912984, 72.8786974, 0.0 ], [ 19.0919602, 72.8784509, 0.0 ], [ 19.0922071, 72.8784138, 0.0 ], [ 19.0923752, 72.8783886, 0.0 ], [ 19.0927597, 72.8783345, 0.0 ], [ 19.0927605, 72.8783344, 0.0 ], [ 19.0930699, 72.878291, 0.0 ], [ 19.0932937, 72.878294, 0.0 ], [ 19.0935828, 72.8783646, 0.0 ], [ 19.0939846, 72.8785142, 0.0 ], [ 19.0942574, 72.8786964, 0.0 ], [ 19.0944063, 72.8788616, 0.0 ], [ 19.094504, 72.879132, 0.0 ], [ 19.0944752, 72.8793415, 0.0 ], [ 19.0945448, 72.8794817, 0.0 ], [ 19.0947865, 72.8797389, 0.0 ], [ 19.0948773, 72.8797867, 0.0 ], [ 19.0950425, 72.8798701, 0.0 ], [ 19.0952205, 72.8799803, 0.0 ], [ 19.095317, 72.8800357, 0.0 ], [ 19.095427, 72.8800965, 0.0 ], [ 19.0955301, 72.8801534, 0.0 ], [ 19.0956627, 72.8802958, 0.0 ], [ 19.0959235, 72.8806009, 0.0 ], [ 19.0960794, 72.8807602, 0.0 ], [ 19.0962779, 72.8808692, 0.0 ], [ 19.0964522, 72.8809203, 0.0 ], [ 19.0965488, 72.880935, 0.0 ], [ 19.0966512, 72.8809506, 0.0 ], [ 19.0969271, 72.8808871, 0.0 ], [ 19.0971725, 72.8808281, 0.0 ], [ 19.0974286, 72.8807387, 0.0 ], [ 19.0976249, 72.8807214, 0.0 ], [ 19.0977679, 72.8807497, 0.0 ], [ 19.0979133, 72.8807319, 0.0 ], [ 19.0980392, 72.8806778, 0.0 ], [ 19.0981228, 72.8805599, 0.0 ], [ 19.0982328, 72.8803289, 0.0 ], [ 19.0984806, 72.8799628, 0.0 ], [ 19.0985132, 72.8798079, 0.0 ], [ 19.0984928, 72.879391, 0.0 ], [ 19.098493, 72.8792115, 0.0 ], [ 19.0985546, 72.879094, 0.0 ], [ 19.0987067, 72.8790131, 0.0 ], [ 19.0989332, 72.8789525, 0.0 ], [ 19.0992003, 72.8790599, 0.0 ], [ 19.0993112, 72.8790907, 0.0 ], [ 19.0997502, 72.8791321, 0.0 ], [ 19.099928, 72.8792038, 0.0 ], [ 19.1001304, 72.8792817, 0.0 ], [ 19.1005555, 72.8794538, 0.0 ], [ 19.1006113, 72.8794723, 0.0 ], [ 19.1007535, 72.8795318, 0.0 ], [ 19.1007683, 72.8795402, 0.0 ], [ 19.100909, 72.8796, 0.0 ], [ 19.1010505, 72.8796618, 0.0 ], [ 19.1013543, 72.8797945, 0.0 ], [ 19.1017252, 72.8800173, 0.0 ], [ 19.1017364, 72.8800217, 0.0 ], [ 19.1018251, 72.8800566, 0.0 ], [ 19.1018908, 72.8800832, 0.0 ], [ 19.1019525, 72.8801081, 0.0 ], [ 19.1020744, 72.8801642, 0.0 ], [ 19.1020967, 72.8801744, 0.0 ], [ 19.1021934, 72.8802278, 0.0 ], [ 19.1024131, 72.880361, 0.0 ], [ 19.1025169, 72.8806378, 0.0 ], [ 19.1026457, 72.8809805, 0.0 ], [ 19.1027212, 72.8811815, 0.0 ], [ 19.1027608, 72.8814723, 0.0 ], [ 19.1028895, 72.881934, 0.0 ], [ 19.1030278, 72.8820008, 0.0 ], [ 19.1031278, 72.8822193, 0.0 ], [ 19.1032924, 72.8825451, 0.0 ], [ 19.1033805, 72.8827098, 0.0 ], [ 19.1034105, 72.8827056, 0.0 ], [ 19.1036668, 72.8830488, 0.0 ], [ 19.1037197, 72.883129, 0.0 ], [ 19.1037538, 72.8831978, 0.0 ], [ 19.1037942, 72.8835392, 0.0 ], [ 19.103821, 72.8836387, 0.0 ], [ 19.1040514, 72.8838217, 0.0 ], [ 19.1042456, 72.8838859, 0.0 ], [ 19.1046447, 72.8841092, 0.0 ], [ 19.1049095, 72.8840496, 0.0 ], [ 19.1050223, 72.8840762, 0.0 ], [ 19.1051262, 72.8841032, 0.0 ], [ 19.1052994, 72.8841208, 0.0 ], [ 19.1054236, 72.8841258, 0.0 ], [ 19.1055413, 72.8841085, 0.0 ], [ 19.1059089, 72.8843984, 0.0 ], [ 19.105955, 72.884434, 0.0 ], [ 19.1060306, 72.8845342, 0.0 ], [ 19.1060867, 72.8846539, 0.0 ], [ 19.1060908, 72.8848307, 0.0 ], [ 19.106303, 72.8849045, 0.0 ], [ 19.1063715, 72.8850634, 0.0 ], [ 19.1063899, 72.885102, 0.0 ], [ 19.1066839, 72.8856968, 0.0 ], [ 19.1067056, 72.8858378, 0.0 ], [ 19.1067618, 72.8859461, 0.0 ], [ 19.106842, 72.8860136, 0.0 ], [ 19.1069777, 72.8861206, 0.0 ], [ 19.1071545, 72.8862649, 0.0 ], [ 19.1071908, 72.8862957, 0.0 ], [ 19.1072379, 72.8863433, 0.0 ], [ 19.107666, 72.8865074, 0.0 ], [ 19.1076839, 72.8865265, 0.0 ], [ 19.1077097, 72.8865352, 0.0 ], [ 19.1077136, 72.8865365, 0.0 ], [ 19.107745, 72.8865334, 0.0 ], [ 19.1080091, 72.8866252, 0.0 ], [ 19.1081585, 72.8866676, 0.0 ], [ 19.1084039, 72.8868064, 0.0 ], [ 19.1084553, 72.8868235, 0.0 ], [ 19.1084862, 72.8868246, 0.0 ], [ 19.1087242, 72.8868622, 0.0 ], [ 19.1088438, 72.8868776, 0.0 ], [ 19.1088899, 72.8868927, 0.0 ], [ 19.1089206, 72.8869093, 0.0 ], [ 19.1090881, 72.8870186, 0.0 ], [ 19.1092474, 72.8870566, 0.0 ], [ 19.1095598, 72.8870738, 0.0 ], [ 19.1096173, 72.8870552, 0.0 ], [ 19.1096245, 72.887053, 0.0 ], [ 19.1097161, 72.8870191, 0.0 ], [ 19.10981, 72.8869714, 0.0 ], [ 19.1098412, 72.8869561, 0.0 ], [ 19.1100136, 72.8867003, 0.0 ], [ 19.1102982, 72.8862632, 0.0 ], [ 19.1103746, 72.8861943, 0.0 ], [ 19.110557, 72.8860295, 0.0 ], [ 19.1105846, 72.885989, 0.0 ], [ 19.1107437, 72.8857782, 0.0 ], [ 19.1107791, 72.8856988, 0.0 ], [ 19.1108873, 72.8855704, 0.0 ], [ 19.1110157, 72.8853576, 0.0 ], [ 19.111631, 72.8852691, 0.0 ], [ 19.1120212, 72.8854606, 0.0 ], [ 19.1121842, 72.8855406, 0.0 ], [ 19.1123513, 72.8857821, 0.0 ], [ 19.1123653, 72.8858023, 0.0 ], [ 19.1124933, 72.8859874, 0.0 ], [ 19.1125273, 72.8858336, 0.0 ], [ 19.1126965, 72.8858747, 0.0 ], [ 19.1128734, 72.8862667, 0.0 ], [ 19.113047, 72.8866714, 0.0 ], [ 19.1132918, 72.8867034, 0.0 ], [ 19.1134023, 72.8868528, 0.0 ], [ 19.1135288, 72.8871391, 0.0 ], [ 19.1138086, 72.8872413, 0.0 ], [ 19.1138551, 72.8872603, 0.0 ], [ 19.1140572, 72.8873205, 0.0 ], [ 19.1144911, 72.8871445, 0.0 ], [ 19.1146932, 72.887049, 0.0 ], [ 19.1150303, 72.8868704, 0.0 ], [ 19.1153279, 72.8867047, 0.0 ], [ 19.1153561, 72.8866982, 0.0 ], [ 19.1153805, 72.8866975, 0.0 ], [ 19.1154897, 72.886585, 0.0 ], [ 19.1156873, 72.8864896, 0.0 ], [ 19.1157772, 72.886309, 0.0 ], [ 19.1160687, 72.8861595, 0.0 ], [ 19.1163101, 72.8861436, 0.0 ], [ 19.1164775, 72.8861359, 0.0 ], [ 19.1168005, 72.8861261, 0.0 ], [ 19.1169032, 72.8861229, 0.0 ], [ 19.1173434, 72.8860112, 0.0 ], [ 19.1177045, 72.8859477, 0.0 ], [ 19.1181061, 72.8858969, 0.0 ], [ 19.1183367, 72.8858286, 0.0 ], [ 19.1183921, 72.8858288, 0.0 ], [ 19.1185761, 72.8858452, 0.0 ], [ 19.1186207, 72.8858479, 0.0 ], [ 19.1186297, 72.8858485, 0.0 ], [ 19.1186868, 72.8858951, 0.0 ], [ 19.1190034, 72.8861371, 0.0 ], [ 19.1190647, 72.8861567, 0.0 ], [ 19.1193573, 72.8862505, 0.0 ], [ 19.1195707, 72.8862737, 0.0 ], [ 19.1199382, 72.8863169, 0.0 ], [ 19.1199576, 72.8863257, 0.0 ], [ 19.1202196, 72.88641, 0.0 ], [ 19.1202714, 72.8864267, 0.0 ], [ 19.1206682, 72.886633, 0.0 ], [ 19.1208018, 72.8868009, 0.0 ], [ 19.1208558, 72.8868877, 0.0 ], [ 19.1210939, 72.8872706, 0.0 ], [ 19.121099, 72.8872996, 0.0 ], [ 19.1212401, 72.8878635, 0.0 ], [ 19.1214366, 72.8883804, 0.0 ], [ 19.1214912, 72.8885244, 0.0 ], [ 19.1216267, 72.8885448, 0.0 ], [ 19.1216495, 72.8885482, 0.0 ], [ 19.1218165, 72.8885732, 0.0 ], [ 19.1219165, 72.8885882, 0.0 ], [ 19.1219218, 72.8885801, 0.0 ], [ 19.1220048, 72.8884514, 0.0 ], [ 19.1222567, 72.888061, 0.0 ], [ 19.1223159, 72.8880279, 0.0 ], [ 19.1224464, 72.8877825, 0.0 ], [ 19.1225579, 72.887694, 0.0 ], [ 19.1227932, 72.8875296, 0.0 ], [ 19.1230497, 72.8875026, 0.0 ], [ 19.1234426, 72.8874612, 0.0 ], [ 19.1234619, 72.8874591, 0.0 ], [ 19.1235093, 72.8874539, 0.0 ], [ 19.1235237, 72.8874506, 0.0 ], [ 19.1235693, 72.8874333, 0.0 ], [ 19.1236378, 72.8874035, 0.0 ], [ 19.1238845, 72.8872993, 0.0 ], [ 19.1241689, 72.8871761, 0.0 ], [ 19.1244504, 72.8870743, 0.0 ], [ 19.124463, 72.8870711, 0.0 ], [ 19.1245742, 72.8870553, 0.0 ], [ 19.1251095, 72.8868418, 0.0 ], [ 19.1255636, 72.8867432, 0.0 ], [ 19.1259145, 72.886661, 0.0 ], [ 19.1265476, 72.8866881, 0.0 ], [ 19.126599, 72.8866691, 0.0 ], [ 19.1270292, 72.8865109, 0.0 ], [ 19.1271237, 72.88648, 0.0 ], [ 19.127211, 72.886337, 0.0 ], [ 19.1274292, 72.8857517, 0.0 ], [ 19.1274606, 72.885619, 0.0 ], [ 19.127424, 72.8851395, 0.0 ], [ 19.1276832, 72.8846081, 0.0 ], [ 19.1280675, 72.8843619, 0.0 ], [ 19.1284388, 72.8842289, 0.0 ], [ 19.1284576, 72.8842284, 0.0 ], [ 19.1286801, 72.884894, 0.0 ], [ 19.1291784, 72.8864084, 0.0 ], [ 19.1284815, 72.8874248, 0.0 ], [ 19.1281667, 72.8878254, 0.0 ], [ 19.1279133, 72.8881479, 0.0 ] ] ] } },
{ "type": "Feature", "id": 17, "properties": { "Name": "\n    S\n   ", "tessellate": 1, "extrude": 0, "visibility": -1, "NAME2": "S\n", "OBJECTID": 18, "Shape__Area": 32554496.905699998, "Shape__Length": 33205.948 }, "geometry": { "type": "Polygon", "coordinates": [ [ [ 19.1653619, 72.9343792, 0.0 ], [ 19.1648687, 72.935308, 0.0 ], [ 19.1642984, 72.936322, 0.0 ], [ 19.1639412, 72.9369829, 0.0 ], [ 19.1639076, 72.9370619, 0.0 ], [ 19.1638795, 72.9371432, 0.0 ], [ 19.163857, 72.9372264, 0.0 ], [ 19.1638403, 72.9373112, 0.0 ], [ 19.1638295, 72.937397, 0.0 ], [ 19.1638245, 72.9374833, 0.0 ], [ 19.1638256, 72.9375699, 0.0 ], [ 19.1637813, 72.9383178, 0.0 ], [ 19.1637711, 72.9384806, 0.0 ], [ 19.1637543, 72.9386427, 0.0 ], [ 19.1637309, 72.9388038, 0.0 ], [ 19.1637009, 72.9389638, 0.0 ], [ 19.1636645, 72.9391223, 0.0 ], [ 19.1636216, 72.939279, 0.0 ], [ 19.1634625, 72.9397042, 0.0 ], [ 19.162893, 72.94123, 0.0 ], [ 19.1624173, 72.9424842, 0.0 ], [ 19.1618905, 72.9438291, 0.0 ], [ 19.1618542, 72.9439119, 0.0 ], [ 19.161807, 72.9440202, 0.0 ], [ 19.1617125, 72.944235, 0.0 ], [ 19.1613885, 72.9449014, 0.0 ], [ 19.1607259, 72.9462558, 0.0 ], [ 19.1606834, 72.946338, 0.0 ], [ 19.160636, 72.9464173, 0.0 ], [ 19.1605841, 72.9464932, 0.0 ], [ 19.1605278, 72.9465656, 0.0 ], [ 19.1604672, 72.9466342, 0.0 ], [ 19.1604027, 72.9466986, 0.0 ], [ 19.1603345, 72.9467587, 0.0 ], [ 19.1602629, 72.9468141, 0.0 ], [ 19.1601796, 72.9468572, 0.0 ], [ 19.1600937, 72.9468941, 0.0 ], [ 19.1600056, 72.9469246, 0.0 ], [ 19.1599157, 72.9469486, 0.0 ], [ 19.1598244, 72.9469659, 0.0 ], [ 19.1597322, 72.9469764, 0.0 ], [ 19.1596395, 72.9469802, 0.0 ], [ 19.1595468, 72.9469771, 0.0 ], [ 19.1594545, 72.9469673, 0.0 ], [ 19.1593631, 72.9469507, 0.0 ], [ 19.158192, 72.9466292, 0.0 ], [ 19.1580982, 72.9466184, 0.0 ], [ 19.1580039, 72.9466151, 0.0 ], [ 19.1579097, 72.9466192, 0.0 ], [ 19.157816, 72.9466308, 0.0 ], [ 19.1577234, 72.9466498, 0.0 ], [ 19.1576325, 72.9466761, 0.0 ], [ 19.1575437, 72.9467095, 0.0 ], [ 19.1574575, 72.9467499, 0.0 ], [ 19.1573745, 72.946797, 0.0 ], [ 19.1573096, 72.9468443, 0.0 ], [ 19.1572479, 72.9468962, 0.0 ], [ 19.1571897, 72.9469523, 0.0 ], [ 19.1571353, 72.9470125, 0.0 ], [ 19.1570808, 72.947082, 0.0 ], [ 19.1570314, 72.9471556, 0.0 ], [ 19.1569872, 72.9472328, 0.0 ], [ 19.1569485, 72.9473132, 0.0 ], [ 19.1569156, 72.9473964, 0.0 ], [ 19.1568384, 72.9476741, 0.0 ], [ 19.155795, 72.9521096, 0.0 ], [ 19.1552479, 72.9544445, 0.0 ], [ 19.1546802, 72.9569274, 0.0 ], [ 19.1527483, 72.9556317, 0.0 ], [ 19.1512984, 72.9546813, 0.0 ], [ 19.1508748, 72.9552804, 0.0 ], [ 19.1507762, 72.955412, 0.0 ], [ 19.1506488, 72.955534, 0.0 ], [ 19.1504936, 72.9557265, 0.0 ], [ 19.1503484, 72.955959, 0.0 ], [ 19.1502372, 72.9562413, 0.0 ], [ 19.1501728, 72.9564578, 0.0 ], [ 19.1501503, 72.9565784, 0.0 ], [ 19.150147, 72.9567089, 0.0 ], [ 19.150168, 72.9568842, 0.0 ], [ 19.1501989, 72.9570895, 0.0 ], [ 19.1502196, 72.9572297, 0.0 ], [ 19.1502494, 72.9577711, 0.0 ], [ 19.1501641, 72.9582782, 0.0 ], [ 19.1499907, 72.9588297, 0.0 ], [ 19.1499569, 72.9589474, 0.0 ], [ 19.1494681, 72.9599627, 0.0 ], [ 19.1493137, 72.9602204, 0.0 ], [ 19.1488761, 72.9611688, 0.0 ], [ 19.1487355, 72.9613862, 0.0 ], [ 19.1486599, 72.9614474, 0.0 ], [ 19.1486125, 72.961468, 0.0 ], [ 19.1485318, 72.9615041, 0.0 ], [ 19.1484081, 72.9615257, 0.0 ], [ 19.1483129, 72.9615369, 0.0 ], [ 19.1481369, 72.9615692, 0.0 ], [ 19.1479943, 72.961606, 0.0 ], [ 19.147624, 72.961746, 0.0 ], [ 19.147542, 72.961783, 0.0 ], [ 19.1474579, 72.9618142, 0.0 ], [ 19.147372, 72.9618395, 0.0 ], [ 19.1472847, 72.9618586, 0.0 ], [ 19.1471964, 72.9618716, 0.0 ], [ 19.1471011, 72.961856, 0.0 ], [ 19.1470071, 72.9618334, 0.0 ], [ 19.1469148, 72.9618039, 0.0 ], [ 19.1468247, 72.9617678, 0.0 ], [ 19.1467372, 72.9617251, 0.0 ], [ 19.1466527, 72.9616762, 0.0 ], [ 19.1465716, 72.9616211, 0.0 ], [ 19.1464945, 72.9615603, 0.0 ], [ 19.1464215, 72.961494, 0.0 ], [ 19.1463531, 72.9614224, 0.0 ], [ 19.1462896, 72.9613461, 0.0 ], [ 19.1460851, 72.9609623, 0.0 ], [ 19.1456469, 72.9599821, 0.0 ], [ 19.1448953, 72.9586911, 0.0 ], [ 19.1447013, 72.9583892, 0.0 ], [ 19.144568, 72.9582249, 0.0 ], [ 19.1443754, 72.9580405, 0.0 ], [ 19.1435194, 72.957311, 0.0 ], [ 19.1433205, 72.9571613, 0.0 ], [ 19.1430559, 72.9570124, 0.0 ], [ 19.1424753, 72.9568121, 0.0 ], [ 19.1420865, 72.9567269, 0.0 ], [ 19.1417572, 72.9566618, 0.0 ], [ 19.1410636, 72.9566541, 0.0 ], [ 19.140631, 72.9566801, 0.0 ], [ 19.1402985, 72.9567001, 0.0 ], [ 19.1401533, 72.9567211, 0.0 ], [ 19.1397655, 72.9566922, 0.0 ], [ 19.1392399, 72.9567282, 0.0 ], [ 19.1390855, 72.9567388, 0.0 ], [ 19.1388127, 72.9567886, 0.0 ], [ 19.1386623, 72.956816, 0.0 ], [ 19.1383192, 72.9569292, 0.0 ], [ 19.1366876, 72.9576302, 0.0 ], [ 19.1362543, 72.957889, 0.0 ], [ 19.1347159, 72.958858, 0.0 ], [ 19.133759, 72.9598095, 0.0 ], [ 19.1335655, 72.9600879, 0.0 ], [ 19.1334691, 72.9602265, 0.0 ], [ 19.1333132, 72.9604508, 0.0 ], [ 19.1333057, 72.960462, 0.0 ], [ 19.132917, 72.9610386, 0.0 ], [ 19.1327595, 72.961959, 0.0 ], [ 19.1327596, 72.9627273, 0.0 ], [ 19.1327918, 72.9633628, 0.0 ], [ 19.132888, 72.9637149, 0.0 ], [ 19.1327858, 72.9643441, 0.0 ], [ 19.1316611, 72.9719903, 0.0 ], [ 19.1315489, 72.9719406, 0.0 ], [ 19.1314406, 72.9718977, 0.0 ], [ 19.1314341, 72.9718952, 0.0 ], [ 19.1311863, 72.9717971, 0.0 ], [ 19.1311805, 72.9717948, 0.0 ], [ 19.1309804, 72.9717156, 0.0 ], [ 19.1309738, 72.9717131, 0.0 ], [ 19.1307673, 72.9716313, 0.0 ], [ 19.1307573, 72.9716274, 0.0 ], [ 19.1305674, 72.9715522, 0.0 ], [ 19.1305599, 72.9715493, 0.0 ], [ 19.1303428, 72.9714634, 0.0 ], [ 19.1303351, 72.9714604, 0.0 ], [ 19.1301211, 72.9713757, 0.0 ], [ 19.1301173, 72.9713742, 0.0 ], [ 19.1299191, 72.9712958, 0.0 ], [ 19.1299126, 72.9712932, 0.0 ], [ 19.1297324, 72.9712219, 0.0 ], [ 19.1297261, 72.9712194, 0.0 ], [ 19.129675, 72.9711992, 0.0 ], [ 19.1294102, 72.9710945, 0.0 ], [ 19.1293983, 72.9710898, 0.0 ], [ 19.1290789, 72.9709634, 0.0 ], [ 19.1290709, 72.9709602, 0.0 ], [ 19.1290185, 72.9709395, 0.0 ], [ 19.1288299, 72.9708752, 0.0 ], [ 19.1288191, 72.9708716, 0.0 ], [ 19.1285732, 72.9707878, 0.0 ], [ 19.128568, 72.970786, 0.0 ], [ 19.1282665, 72.9706833, 0.0 ], [ 19.1282607, 72.9706813, 0.0 ], [ 19.12801, 72.9705959, 0.0 ], [ 19.1280019, 72.9705931, 0.0 ], [ 19.127761, 72.970511, 0.0 ], [ 19.1277345, 72.970502, 0.0 ], [ 19.1273787, 72.9703808, 0.0 ], [ 19.1271492, 72.9703026, 0.0 ], [ 19.1269726, 72.9702183, 0.0 ], [ 19.126966, 72.9702152, 0.0 ], [ 19.1268281, 72.9701494, 0.0 ], [ 19.126821, 72.970146, 0.0 ], [ 19.1265669, 72.9700249, 0.0 ], [ 19.1265573, 72.9700203, 0.0 ], [ 19.1263683, 72.9699301, 0.0 ], [ 19.1263602, 72.9699263, 0.0 ], [ 19.1260424, 72.9697747, 0.0 ], [ 19.1260326, 72.96977, 0.0 ], [ 19.1258352, 72.9696759, 0.0 ], [ 19.1258279, 72.9696724, 0.0 ], [ 19.1256614, 72.969593, 0.0 ], [ 19.1255743, 72.9695639, 0.0 ], [ 19.1255632, 72.9695602, 0.0 ], [ 19.1252964, 72.969471, 0.0 ], [ 19.1250087, 72.9693749, 0.0 ], [ 19.1250022, 72.9693727, 0.0 ], [ 19.1248035, 72.9693063, 0.0 ], [ 19.1247973, 72.9693043, 0.0 ], [ 19.1245362, 72.969217, 0.0 ], [ 19.1245235, 72.9692128, 0.0 ], [ 19.1242969, 72.969137, 0.0 ], [ 19.1242904, 72.9691349, 0.0 ], [ 19.1239973, 72.9690369, 0.0 ], [ 19.1239912, 72.9690349, 0.0 ], [ 19.1237629, 72.9689586, 0.0 ], [ 19.1237526, 72.9689552, 0.0 ], [ 19.1235493, 72.9688872, 0.0 ], [ 19.1235392, 72.9688838, 0.0 ], [ 19.1233267, 72.9688129, 0.0 ], [ 19.1233162, 72.9688093, 0.0 ], [ 19.1230742, 72.9687285, 0.0 ], [ 19.1230643, 72.9687252, 0.0 ], [ 19.1228022, 72.9686376, 0.0 ], [ 19.1227955, 72.9686354, 0.0 ], [ 19.1227037, 72.9686047, 0.0 ], [ 19.1223948, 72.968495, 0.0 ], [ 19.1222604, 72.9684453, 0.0 ], [ 19.1221366, 72.9683991, 0.0 ], [ 19.1221165, 72.9683887, 0.0 ], [ 19.1219823, 72.9683427, 0.0 ], [ 19.1213908, 72.9681541, 0.0 ], [ 19.1211969, 72.9680977, 0.0 ], [ 19.1211559, 72.9680843, 0.0 ], [ 19.1208302, 72.9679783, 0.0 ], [ 19.1199347, 72.9676764, 0.0 ], [ 19.1197958, 72.9676375, 0.0 ], [ 19.1196373, 72.9675884, 0.0 ], [ 19.118935, 72.9673294, 0.0 ], [ 19.1189151, 72.9673204, 0.0 ], [ 19.1187469, 72.967245, 0.0 ], [ 19.118569, 72.9671652, 0.0 ], [ 19.1184594, 72.9671161, 0.0 ], [ 19.1183388, 72.967062, 0.0 ], [ 19.1183313, 72.9670587, 0.0 ], [ 19.1180803, 72.9669462, 0.0 ], [ 19.1180717, 72.9669423, 0.0 ], [ 19.1179026, 72.9668664, 0.0 ], [ 19.1179001, 72.9668653, 0.0 ], [ 19.1178905, 72.9668608, 0.0 ], [ 19.1176873, 72.9667654, 0.0 ], [ 19.1176797, 72.9667619, 0.0 ], [ 19.1174701, 72.9666635, 0.0 ], [ 19.1174651, 72.9666612, 0.0 ], [ 19.1172988, 72.9665832, 0.0 ], [ 19.1172958, 72.9665818, 0.0 ], [ 19.1171886, 72.9665314, 0.0 ], [ 19.1171858, 72.9665301, 0.0 ], [ 19.1170734, 72.9664774, 0.0 ], [ 19.1170692, 72.9664754, 0.0 ], [ 19.1169602, 72.9664243, 0.0 ], [ 19.1169564, 72.9664225, 0.0 ], [ 19.1168376, 72.9663668, 0.0 ], [ 19.1168341, 72.9663651, 0.0 ], [ 19.116685, 72.9662952, 0.0 ], [ 19.1166817, 72.9662936, 0.0 ], [ 19.1165891, 72.9662502, 0.0 ], [ 19.1165872, 72.9662493, 0.0 ], [ 19.1164641, 72.9661915, 0.0 ], [ 19.1164606, 72.9661899, 0.0 ], [ 19.1163458, 72.966136, 0.0 ], [ 19.1163424, 72.9661344, 0.0 ], [ 19.1162279, 72.9660807, 0.0 ], [ 19.1162242, 72.966079, 0.0 ], [ 19.116126, 72.9660329, 0.0 ], [ 19.1160501, 72.9659836, 0.0 ], [ 19.1160472, 72.9659817, 0.0 ], [ 19.1159203, 72.9658993, 0.0 ], [ 19.1159159, 72.9658965, 0.0 ], [ 19.1157909, 72.9658153, 0.0 ], [ 19.1157873, 72.965813, 0.0 ], [ 19.1156185, 72.9657034, 0.0 ], [ 19.1156152, 72.9657013, 0.0 ], [ 19.1154566, 72.9655983, 0.0 ], [ 19.1154529, 72.9655959, 0.0 ], [ 19.115297, 72.9654947, 0.0 ], [ 19.115164, 72.9654083, 0.0 ], [ 19.1151576, 72.9654042, 0.0 ], [ 19.1149871, 72.9652935, 0.0 ], [ 19.1149792, 72.9652883, 0.0 ], [ 19.1147638, 72.9651485, 0.0 ], [ 19.1147547, 72.9651426, 0.0 ], [ 19.1145296, 72.9649964, 0.0 ], [ 19.1145227, 72.964992, 0.0 ], [ 19.1143129, 72.9648557, 0.0 ], [ 19.1143043, 72.9648502, 0.0 ], [ 19.1140955, 72.9647146, 0.0 ], [ 19.1140861, 72.9647085, 0.0 ], [ 19.113962, 72.9646279, 0.0 ], [ 19.1138409, 72.9645686, 0.0 ], [ 19.1138352, 72.9645658, 0.0 ], [ 19.1136287, 72.9644646, 0.0 ], [ 19.1136196, 72.9644601, 0.0 ], [ 19.1133731, 72.9643394, 0.0 ], [ 19.1133662, 72.964336, 0.0 ], [ 19.1131309, 72.9642207, 0.0 ], [ 19.1131262, 72.9642184, 0.0 ], [ 19.1130166, 72.9641647, 0.0 ], [ 19.1129035, 72.9641294, 0.0 ], [ 19.1128974, 72.9641275, 0.0 ], [ 19.11268, 72.9640597, 0.0 ], [ 19.1126737, 72.9640577, 0.0 ], [ 19.1124322, 72.9639825, 0.0 ], [ 19.1124237, 72.9639798, 0.0 ], [ 19.1121735, 72.9639018, 0.0 ], [ 19.1121672, 72.9638998, 0.0 ], [ 19.1119728, 72.9638392, 0.0 ], [ 19.1119674, 72.9638375, 0.0 ], [ 19.1117535, 72.9637708, 0.0 ], [ 19.1117508, 72.96377, 0.0 ], [ 19.1115427, 72.9637051, 0.0 ], [ 19.1115371, 72.9637033, 0.0 ], [ 19.1113553, 72.9636467, 0.0 ], [ 19.1113481, 72.9636444, 0.0 ], [ 19.1111647, 72.9635873, 0.0 ], [ 19.1111587, 72.9635854, 0.0 ], [ 19.1110174, 72.9635413, 0.0 ], [ 19.1109872, 72.9635308, 0.0 ], [ 19.1109773, 72.9635274, 0.0 ], [ 19.1108103, 72.9634693, 0.0 ], [ 19.1108051, 72.9634675, 0.0 ], [ 19.1106119, 72.9634003, 0.0 ], [ 19.1106069, 72.9633986, 0.0 ], [ 19.1103869, 72.963322, 0.0 ], [ 19.1103832, 72.9633208, 0.0 ], [ 19.1101982, 72.9632564, 0.0 ], [ 19.1101935, 72.9632548, 0.0 ], [ 19.1101502, 72.9632397, 0.0 ], [ 19.1100438, 72.9632027, 0.0 ], [ 19.1098802, 72.9631458, 0.0 ], [ 19.1098767, 72.9631446, 0.0 ], [ 19.1096886, 72.9630792, 0.0 ], [ 19.1096837, 72.9630775, 0.0 ], [ 19.1095232, 72.9630217, 0.0 ], [ 19.1094612, 72.9630001, 0.0 ], [ 19.1092597, 72.9629275, 0.0 ], [ 19.1092396, 72.9629203, 0.0 ], [ 19.1089397, 72.9628122, 0.0 ], [ 19.108709, 72.9627291, 0.0 ], [ 19.1086987, 72.9627254, 0.0 ], [ 19.108471, 72.9626433, 0.0 ], [ 19.1084693, 72.9626427, 0.0 ], [ 19.1084618, 72.96264, 0.0 ], [ 19.1084523, 72.9626366, 0.0 ], [ 19.1082506, 72.9625639, 0.0 ], [ 19.10811, 72.9625133, 0.0 ], [ 19.1080565, 72.9624949, 0.0 ], [ 19.1080514, 72.9624931, 0.0 ], [ 19.1078961, 72.9624398, 0.0 ], [ 19.1078905, 72.9624379, 0.0 ], [ 19.1077675, 72.9623956, 0.0 ], [ 19.1098809, 72.9551039, 0.0 ], [ 19.1108316, 72.9518236, 0.0 ], [ 19.1109333, 72.9509503, 0.0 ], [ 19.1110026, 72.950415, 0.0 ], [ 19.1110387, 72.9501, 0.0 ], [ 19.1110791, 72.9498988, 0.0 ], [ 19.1111458, 72.949547, 0.0 ], [ 19.1111671, 72.9494371, 0.0 ], [ 19.1111807, 72.9494001, 0.0 ], [ 19.1111947, 72.9493709, 0.0 ], [ 19.1112197, 72.949325, 0.0 ], [ 19.1113484, 72.9490628, 0.0 ], [ 19.111513, 72.9488119, 0.0 ], [ 19.1117, 72.9485229, 0.0 ], [ 19.1119381, 72.9482693, 0.0 ], [ 19.1120571, 72.9481458, 0.0 ], [ 19.1120676, 72.9481499, 0.0 ], [ 19.1124263, 72.9477556, 0.0 ], [ 19.1129435, 72.9472169, 0.0 ], [ 19.1130805, 72.947078, 0.0 ], [ 19.1135966, 72.9464383, 0.0 ], [ 19.1136589, 72.946363, 0.0 ], [ 19.1137198, 72.9462744, 0.0 ], [ 19.1137632, 72.9461971, 0.0 ], [ 19.1138522, 72.9460925, 0.0 ], [ 19.1139398, 72.9459898, 0.0 ], [ 19.1139399, 72.9459897, 0.0 ], [ 19.1142615, 72.9456122, 0.0 ], [ 19.1142931, 72.9456146, 0.0 ], [ 19.1145915, 72.9453654, 0.0 ], [ 19.1148082, 72.9440762, 0.0 ], [ 19.1148167, 72.9440742, 0.0 ], [ 19.1148079, 72.9440092, 0.0 ], [ 19.1147404, 72.9435121, 0.0 ], [ 19.1146756, 72.9433843, 0.0 ], [ 19.1147585, 72.9429259, 0.0 ], [ 19.114499, 72.9422484, 0.0 ], [ 19.1143537, 72.9418928, 0.0 ], [ 19.1143174, 72.9418039, 0.0 ], [ 19.114109, 72.9412824, 0.0 ], [ 19.1140553, 72.941031, 0.0 ], [ 19.1139501, 72.9405327, 0.0 ], [ 19.1138939, 72.9400673, 0.0 ], [ 19.1138202, 72.9395627, 0.0 ], [ 19.1137908, 72.9393829, 0.0 ], [ 19.1137298, 72.9390874, 0.0 ], [ 19.1136575, 72.9386947, 0.0 ], [ 19.1136441, 72.9385932, 0.0 ], [ 19.1135558, 72.9381719, 0.0 ], [ 19.1135167, 72.9379092, 0.0 ], [ 19.1134391, 72.9375033, 0.0 ], [ 19.1134188, 72.9373919, 0.0 ], [ 19.1133689, 72.937185, 0.0 ], [ 19.1133356, 72.9370079, 0.0 ], [ 19.113177, 72.9365719, 0.0 ], [ 19.1131389, 72.9364564, 0.0 ], [ 19.1130826, 72.9363387, 0.0 ], [ 19.1128284, 72.9361508, 0.0 ], [ 19.1125321, 72.9359317, 0.0 ], [ 19.1124877, 72.9358989, 0.0 ], [ 19.11243, 72.9358562, 0.0 ], [ 19.112412, 72.9358429, 0.0 ], [ 19.1108665, 72.9346174, 0.0 ], [ 19.1107757, 72.93407, 0.0 ], [ 19.1106551, 72.934021, 0.0 ], [ 19.1088964, 72.9333213, 0.0 ], [ 19.1088696, 72.9332972, 0.0 ], [ 19.1088467, 72.933269, 0.0 ], [ 19.1088284, 72.9332373, 0.0 ], [ 19.1088158, 72.9332055, 0.0 ], [ 19.1088077, 72.9331721, 0.0 ], [ 19.1088044, 72.9331378, 0.0 ], [ 19.1088059, 72.9331034, 0.0 ], [ 19.1088469, 72.9329597, 0.0 ], [ 19.1094685, 72.9313121, 0.0 ], [ 19.1095364, 72.931133, 0.0 ], [ 19.1097743, 72.9305047, 0.0 ], [ 19.1100216, 72.9298389, 0.0 ], [ 19.1100481, 72.9297676, 0.0 ], [ 19.1104268, 72.9287485, 0.0 ], [ 19.1104279, 72.9287458, 0.0 ], [ 19.1104508, 72.9286912, 0.0 ], [ 19.1104575, 72.9286751, 0.0 ], [ 19.1104645, 72.9286585, 0.0 ], [ 19.110499, 72.9285699, 0.0 ], [ 19.110508, 72.9285468, 0.0 ], [ 19.1105086, 72.928545, 0.0 ], [ 19.1105095, 72.9285426, 0.0 ], [ 19.1105158, 72.9285251, 0.0 ], [ 19.1105368, 72.9284713, 0.0 ], [ 19.1105577, 72.928418, 0.0 ], [ 19.1106298, 72.9282336, 0.0 ], [ 19.1105575, 72.9282222, 0.0 ], [ 19.1105458, 72.9282204, 0.0 ], [ 19.1105725, 72.9280331, 0.0 ], [ 19.1106356, 72.9277251, 0.0 ], [ 19.1107491, 72.9272997, 0.0 ], [ 19.1107809, 72.9271846, 0.0 ], [ 19.1108076, 72.9271043, 0.0 ], [ 19.1107943, 72.9269589, 0.0 ], [ 19.1107988, 72.9269155, 0.0 ], [ 19.1108066, 72.926889, 0.0 ], [ 19.1108243, 72.9268603, 0.0 ], [ 19.1108421, 72.9268368, 0.0 ], [ 19.110881, 72.9268152, 0.0 ], [ 19.1109371, 72.9268005, 0.0 ], [ 19.1110671, 72.9267665, 0.0 ], [ 19.1110394, 72.9266525, 0.0 ], [ 19.1109077, 72.9261155, 0.0 ], [ 19.1107522, 72.9254978, 0.0 ], [ 19.1106599, 72.9254555, 0.0 ], [ 19.1103626, 72.9253172, 0.0 ], [ 19.1100059, 72.9251168, 0.0 ], [ 19.1091103, 72.9245922, 0.0 ], [ 19.1077721, 72.92378, 0.0 ], [ 19.1069361, 72.923217, 0.0 ], [ 19.105739, 72.9223947, 0.0 ], [ 19.1046336, 72.9215371, 0.0 ], [ 19.1042139, 72.9212412, 0.0 ], [ 19.1031463, 72.9205016, 0.0 ], [ 19.1024244, 72.9199467, 0.0 ], [ 19.1032696, 72.9187398, 0.0 ], [ 19.1040739, 72.9176017, 0.0 ], [ 19.1043891, 72.917168, 0.0 ], [ 19.1044864, 72.9170581, 0.0 ], [ 19.1047253, 72.9167451, 0.0 ], [ 19.1048612, 72.9165573, 0.0 ], [ 19.1049888, 72.9161482, 0.0 ], [ 19.1050208, 72.9160002, 0.0 ], [ 19.1050287, 72.915912, 0.0 ], [ 19.1063138, 72.9161014, 0.0 ], [ 19.1063283, 72.9160956, 0.0 ], [ 19.1063539, 72.9160687, 0.0 ], [ 19.1064204, 72.9160058, 0.0 ], [ 19.1064754, 72.9159517, 0.0 ], [ 19.1065522, 72.9158883, 0.0 ], [ 19.1066366, 72.9158267, 0.0 ], [ 19.1067209, 72.9157732, 0.0 ], [ 19.1067896, 72.9157308, 0.0 ], [ 19.1068644, 72.9156901, 0.0 ], [ 19.1069174, 72.9156636, 0.0 ], [ 19.1069614, 72.9156412, 0.0 ], [ 19.1072245, 72.915545, 0.0 ], [ 19.1072245, 72.9155449, 0.0 ], [ 19.1072718, 72.9155297, 0.0 ], [ 19.1073126, 72.9155187, 0.0 ], [ 19.107359, 72.9155093, 0.0 ], [ 19.1074003, 72.9155036, 0.0 ], [ 19.1074617, 72.9154998, 0.0 ], [ 19.1075084, 72.9155005, 0.0 ], [ 19.10756, 72.9155049, 0.0 ], [ 19.1076114, 72.9155132, 0.0 ], [ 19.1076572, 72.915524, 0.0 ], [ 19.1077038, 72.9155383, 0.0 ], [ 19.107743, 72.9155532, 0.0 ], [ 19.1077807, 72.9155701, 0.0 ], [ 19.1077846, 72.9155725, 0.0 ], [ 19.1078281, 72.9155998, 0.0 ], [ 19.1079575, 72.9156813, 0.0 ], [ 19.1083096, 72.9159028, 0.0 ], [ 19.1086407, 72.9161024, 0.0 ], [ 19.1089713, 72.9163019, 0.0 ], [ 19.1089658, 72.9163956, 0.0 ], [ 19.1089582, 72.916524, 0.0 ], [ 19.1089268, 72.9165916, 0.0 ], [ 19.1091103, 72.916699, 0.0 ], [ 19.1092422, 72.9167769, 0.0 ], [ 19.1094772, 72.91692, 0.0 ], [ 19.1098645, 72.9171565, 0.0 ], [ 19.1100736, 72.9172849, 0.0 ], [ 19.1102483, 72.917392, 0.0 ], [ 19.1104481, 72.9175144, 0.0 ], [ 19.1105779, 72.9176207, 0.0 ], [ 19.110661, 72.9179189, 0.0 ], [ 19.1107377, 72.9181943, 0.0 ], [ 19.110812, 72.9184593, 0.0 ], [ 19.1109948, 72.9184767, 0.0 ], [ 19.1110699, 72.9184755, 0.0 ], [ 19.111346, 72.9184675, 0.0 ], [ 19.111561, 72.9184601, 0.0 ], [ 19.1116414, 72.9184526, 0.0 ], [ 19.1118259, 72.9184308, 0.0 ], [ 19.1119014, 72.9184222, 0.0 ], [ 19.1120504, 72.9184053, 0.0 ], [ 19.1122483, 72.9183829, 0.0 ], [ 19.1122826, 72.9183734, 0.0 ], [ 19.1122834, 72.9183734, 0.0 ], [ 19.1123331, 72.9183716, 0.0 ], [ 19.1126355, 72.9183584, 0.0 ], [ 19.1127423, 72.9183578, 0.0 ], [ 19.1130184, 72.9183514, 0.0 ], [ 19.1132528, 72.9183489, 0.0 ], [ 19.1133247, 72.9183374, 0.0 ], [ 19.1133358, 72.918336, 0.0 ], [ 19.1135363, 72.9183121, 0.0 ], [ 19.1136038, 72.9183079, 0.0 ], [ 19.1137847, 72.9183005, 0.0 ], [ 19.114038, 72.9182909, 0.0 ], [ 19.1142108, 72.9182821, 0.0 ], [ 19.1145039, 72.9182704, 0.0 ], [ 19.1146601, 72.9182954, 0.0 ], [ 19.1147916, 72.9183165, 0.0 ], [ 19.1151474, 72.9183687, 0.0 ], [ 19.115351, 72.9183981, 0.0 ], [ 19.1153545, 72.9183977, 0.0 ], [ 19.1156041, 72.9183719, 0.0 ], [ 19.1158884, 72.9183398, 0.0 ], [ 19.1159458, 72.9183334, 0.0 ], [ 19.1161173, 72.9183143, 0.0 ], [ 19.1163774, 72.9183003, 0.0 ], [ 19.1166507, 72.9182826, 0.0 ], [ 19.1170473, 72.9183035, 0.0 ], [ 19.1169193, 72.9180989, 0.0 ], [ 19.1168732, 72.9180252, 0.0 ], [ 19.1166344, 72.9176433, 0.0 ], [ 19.116422, 72.9173742, 0.0 ], [ 19.116156, 72.9170961, 0.0 ], [ 19.1159598, 72.9168878, 0.0 ], [ 19.115811, 72.9167269, 0.0 ], [ 19.1156878, 72.9165974, 0.0 ], [ 19.1155005, 72.9163548, 0.0 ], [ 19.1154812, 72.9162918, 0.0 ], [ 19.1154461, 72.9161941, 0.0 ], [ 19.1154199, 72.916103, 0.0 ], [ 19.1153987, 72.9160294, 0.0 ], [ 19.1153507, 72.9158629, 0.0 ], [ 19.1152899, 72.9156721, 0.0 ], [ 19.1152595, 72.9155689, 0.0 ], [ 19.1152093, 72.9153827, 0.0 ], [ 19.1151554, 72.9152124, 0.0 ], [ 19.1149242, 72.9151455, 0.0 ], [ 19.1146741, 72.9150726, 0.0 ], [ 19.1136093, 72.914675, 0.0 ], [ 19.1132473, 72.9145427, 0.0 ], [ 19.1118121, 72.9140893, 0.0 ], [ 19.1113732, 72.9138785, 0.0 ], [ 19.11114, 72.9136892, 0.0 ], [ 19.1107898, 72.9134158, 0.0 ], [ 19.1106526, 72.9133025, 0.0 ], [ 19.1103834, 72.9128676, 0.0 ], [ 19.1099597, 72.9122133, 0.0 ], [ 19.109883, 72.9120977, 0.0 ], [ 19.109739, 72.9118844, 0.0 ], [ 19.1096121, 72.9116965, 0.0 ], [ 19.1096098, 72.9116919, 0.0 ], [ 19.1095472, 72.9115644, 0.0 ], [ 19.1094803, 72.9114342, 0.0 ], [ 19.1093974, 72.9112912, 0.0 ], [ 19.1093459, 72.9111862, 0.0 ], [ 19.109315, 72.9111234, 0.0 ], [ 19.1092292, 72.9109517, 0.0 ], [ 19.1091038, 72.9107209, 0.0 ], [ 19.1089359, 72.9103942, 0.0 ], [ 19.1087941, 72.9101199, 0.0 ], [ 19.1087194, 72.9099621, 0.0 ], [ 19.1086312, 72.9097807, 0.0 ], [ 19.1082984, 72.9090458, 0.0 ], [ 19.1084087, 72.9083549, 0.0 ], [ 19.1081368, 72.90801, 0.0 ], [ 19.1091142, 72.9077542, 0.0 ], [ 19.1093933, 72.9076283, 0.0 ], [ 19.1099066, 72.9072764, 0.0 ], [ 19.1103039, 72.9070084, 0.0 ], [ 19.1105408, 72.9069005, 0.0 ], [ 19.1109586, 72.9067138, 0.0 ], [ 19.1112216, 72.9064319, 0.0 ], [ 19.111354, 72.9062835, 0.0 ], [ 19.1118419, 72.9049343, 0.0 ], [ 19.111985, 72.9045483, 0.0 ], [ 19.1123176, 72.9045172, 0.0 ], [ 19.1127077, 72.9044739, 0.0 ], [ 19.1131614, 72.9044236, 0.0 ], [ 19.1141002, 72.904316, 0.0 ], [ 19.1143369, 72.9043365, 0.0 ], [ 19.1149125, 72.9044081, 0.0 ], [ 19.1152717, 72.9044868, 0.0 ], [ 19.1155427, 72.9043097, 0.0 ], [ 19.115719, 72.9041897, 0.0 ], [ 19.115798, 72.9041359, 0.0 ], [ 19.1158533, 72.9040963, 0.0 ], [ 19.1158587, 72.9040907, 0.0 ], [ 19.1158919, 72.9040686, 0.0 ], [ 19.1161362, 72.9038933, 0.0 ], [ 19.1161857, 72.9038603, 0.0 ], [ 19.1165858, 72.9035587, 0.0 ], [ 19.1166764, 72.9034897, 0.0 ], [ 19.1167285, 72.9034501, 0.0 ], [ 19.11679, 72.9034061, 0.0 ], [ 19.1168312, 72.9033777, 0.0 ], [ 19.1168613, 72.9033571, 0.0 ], [ 19.1169102, 72.9033176, 0.0 ], [ 19.1171782, 72.9032852, 0.0 ], [ 19.1171796, 72.9032728, 0.0 ], [ 19.1172023, 72.9032752, 0.0 ], [ 19.1172324, 72.9032786, 0.0 ], [ 19.1172577, 72.9032798, 0.0 ], [ 19.1172641, 72.9032806, 0.0 ], [ 19.1173566, 72.9032762, 0.0 ], [ 19.1174261, 72.9032723, 0.0 ], [ 19.1175021, 72.9032659, 0.0 ], [ 19.1175528, 72.9031669, 0.0 ], [ 19.1176942, 72.9029309, 0.0 ], [ 19.1177554, 72.9028372, 0.0 ], [ 19.1178058, 72.9027555, 0.0 ], [ 19.1178267, 72.9027217, 0.0 ], [ 19.1180572, 72.9023627, 0.0 ], [ 19.1181695, 72.9021854, 0.0 ], [ 19.1182326, 72.902078, 0.0 ], [ 19.1184029, 72.9017618, 0.0 ], [ 19.118484, 72.9016066, 0.0 ], [ 19.1185718, 72.9014384, 0.0 ], [ 19.1188138, 72.9009563, 0.0 ], [ 19.1188644, 72.9008595, 0.0 ], [ 19.1189433, 72.9007084, 0.0 ], [ 19.1189593, 72.9006779, 0.0 ], [ 19.1191734, 72.9002087, 0.0 ], [ 19.1192323, 72.9000646, 0.0 ], [ 19.1192939, 72.8999259, 0.0 ], [ 19.1193513, 72.8997872, 0.0 ], [ 19.1193686, 72.8997489, 0.0 ], [ 19.1194131, 72.899659, 0.0 ], [ 19.1194269, 72.8996311, 0.0 ], [ 19.11946, 72.8995641, 0.0 ], [ 19.1195334, 72.8994185, 0.0 ], [ 19.1196355, 72.8992141, 0.0 ], [ 19.1197088, 72.899079, 0.0 ], [ 19.1197785, 72.8989394, 0.0 ], [ 19.1198911, 72.8987277, 0.0 ], [ 19.1199041, 72.8987017, 0.0 ], [ 19.1199236, 72.8986624, 0.0 ], [ 19.1201015, 72.8983395, 0.0 ], [ 19.1201694, 72.8981945, 0.0 ], [ 19.1202402, 72.8980416, 0.0 ], [ 19.1203262, 72.8978559, 0.0 ], [ 19.1203922, 72.8976996, 0.0 ], [ 19.1205759, 72.8972642, 0.0 ], [ 19.1206299, 72.8971392, 0.0 ], [ 19.1207078, 72.896959, 0.0 ], [ 19.1207799, 72.8966173, 0.0 ], [ 19.1208759, 72.8963363, 0.0 ], [ 19.1209608, 72.8960874, 0.0 ], [ 19.1210065, 72.8960736, 0.0 ], [ 19.1211686, 72.8960241, 0.0 ], [ 19.1212314, 72.8960105, 0.0 ], [ 19.121325, 72.8959551, 0.0 ], [ 19.121366, 72.8959324, 0.0 ], [ 19.1214684, 72.8958759, 0.0 ], [ 19.1216553, 72.895865, 0.0 ], [ 19.1222452, 72.8958287, 0.0 ], [ 19.1223423, 72.8958227, 0.0 ], [ 19.1223453, 72.8958227, 0.0 ], [ 19.1229559, 72.8957947, 0.0 ], [ 19.1234986, 72.8957698, 0.0 ], [ 19.1236417, 72.8957645, 0.0 ], [ 19.1243708, 72.8957378, 0.0 ], [ 19.12452, 72.8957323, 0.0 ], [ 19.1245488, 72.895731, 0.0 ], [ 19.1246786, 72.8951139, 0.0 ], [ 19.1247069, 72.8949323, 0.0 ], [ 19.1250276, 72.8930778, 0.0 ], [ 19.1252251, 72.8924744, 0.0 ], [ 19.1252754, 72.8923546, 0.0 ], [ 19.1253329, 72.892214, 0.0 ], [ 19.1253929, 72.8920759, 0.0 ], [ 19.1254963, 72.8918674, 0.0 ], [ 19.1258194, 72.8912727, 0.0 ], [ 19.1262485, 72.8904694, 0.0 ], [ 19.1263185, 72.8903519, 0.0 ], [ 19.1265845, 72.8899263, 0.0 ], [ 19.127067, 72.8892752, 0.0 ], [ 19.1279133, 72.8881479, 0.0 ], [ 19.1281667, 72.8878254, 0.0 ], [ 19.1284815, 72.8874248, 0.0 ], [ 19.1291784, 72.8864084, 0.0 ], [ 19.1286801, 72.884894, 0.0 ], [ 19.1284576, 72.8842284, 0.0 ], [ 19.128919, 72.8842152, 0.0 ], [ 19.1293941, 72.8843751, 0.0 ], [ 19.1295379, 72.8847716, 0.0 ], [ 19.1295441, 72.8848236, 0.0 ], [ 19.1295504, 72.884881, 0.0 ], [ 19.1295552, 72.8849486, 0.0 ], [ 19.1295581, 72.8849958, 0.0 ], [ 19.1295611, 72.8850507, 0.0 ], [ 19.1295643, 72.8851115, 0.0 ], [ 19.1295658, 72.8851732, 0.0 ], [ 19.1295649, 72.8852391, 0.0 ], [ 19.1295642, 72.8853203, 0.0 ], [ 19.1295619, 72.8853989, 0.0 ], [ 19.1295572, 72.8854767, 0.0 ], [ 19.1295488, 72.8855816, 0.0 ], [ 19.1295415, 72.8856526, 0.0 ], [ 19.129532, 72.8857288, 0.0 ], [ 19.1295178, 72.8858228, 0.0 ], [ 19.1295072, 72.8858838, 0.0 ], [ 19.1294974, 72.8859397, 0.0 ], [ 19.1294837, 72.8860066, 0.0 ], [ 19.1294723, 72.8860583, 0.0 ], [ 19.1294619, 72.8861009, 0.0 ], [ 19.1294608, 72.8861057, 0.0 ], [ 19.1294469, 72.8861461, 0.0 ], [ 19.1294304, 72.8861974, 0.0 ], [ 19.1294298, 72.886199, 0.0 ], [ 19.1294294, 72.8862666, 0.0 ], [ 19.1294285, 72.886395, 0.0 ], [ 19.1296072, 72.8865359, 0.0 ], [ 19.1299623, 72.8868053, 0.0 ], [ 19.1300756, 72.8868858, 0.0 ], [ 19.1301971, 72.8871413, 0.0 ], [ 19.1302221, 72.8872025, 0.0 ], [ 19.1302947, 72.8873853, 0.0 ], [ 19.1303726, 72.8875773, 0.0 ], [ 19.1304998, 72.8876967, 0.0 ], [ 19.1306121, 72.8877941, 0.0 ], [ 19.1307553, 72.8879218, 0.0 ], [ 19.1308196, 72.8880809, 0.0 ], [ 19.1308811, 72.8882286, 0.0 ], [ 19.1309209, 72.8883174, 0.0 ], [ 19.1309944, 72.8884828, 0.0 ], [ 19.1310849, 72.8885853, 0.0 ], [ 19.131205, 72.8887144, 0.0 ], [ 19.1313139, 72.888522, 0.0 ], [ 19.1313726, 72.8885568, 0.0 ], [ 19.1314353, 72.8885941, 0.0 ], [ 19.1318402, 72.8885894, 0.0 ], [ 19.1322109, 72.8885852, 0.0 ], [ 19.1323751, 72.8887462, 0.0 ], [ 19.1323765, 72.8889012, 0.0 ], [ 19.132801, 72.8891663, 0.0 ], [ 19.1329097, 72.8892114, 0.0 ], [ 19.1329193, 72.8892147, 0.0 ], [ 19.1330444, 72.8892582, 0.0 ], [ 19.1331792, 72.8893104, 0.0 ], [ 19.1332736, 72.8893074, 0.0 ], [ 19.133605, 72.8894259, 0.0 ], [ 19.1336701, 72.8894627, 0.0 ], [ 19.1337232, 72.8894926, 0.0 ], [ 19.1337619, 72.8895145, 0.0 ], [ 19.1340304, 72.8895047, 0.0 ], [ 19.1340375, 72.8895256, 0.0 ], [ 19.1340767, 72.8895406, 0.0 ], [ 19.1343346, 72.8897173, 0.0 ], [ 19.1344046, 72.889757, 0.0 ], [ 19.1344824, 72.8898008, 0.0 ], [ 19.1345134, 72.8898192, 0.0 ], [ 19.134595, 72.8898674, 0.0 ], [ 19.1346998, 72.8899204, 0.0 ], [ 19.1347393, 72.8899451, 0.0 ], [ 19.1347619, 72.889971, 0.0 ], [ 19.1347621, 72.8899712, 0.0 ], [ 19.1347781, 72.8899894, 0.0 ], [ 19.1347943, 72.8900079, 0.0 ], [ 19.1348499, 72.8900732, 0.0 ], [ 19.1349035, 72.8901379, 0.0 ], [ 19.1351125, 72.8903869, 0.0 ], [ 19.1351977, 72.8904931, 0.0 ], [ 19.1352214, 72.8905171, 0.0 ], [ 19.1352635, 72.8905392, 0.0 ], [ 19.1353709, 72.8905723, 0.0 ], [ 19.1354482, 72.8906033, 0.0 ], [ 19.1356223, 72.8906734, 0.0 ], [ 19.1356132, 72.8906965, 0.0 ], [ 19.1356402, 72.8907156, 0.0 ], [ 19.1358208, 72.890843, 0.0 ], [ 19.1359854, 72.8909567, 0.0 ], [ 19.136147, 72.8909252, 0.0 ], [ 19.1361869, 72.8909926, 0.0 ], [ 19.1362621, 72.8911196, 0.0 ], [ 19.1361932, 72.891258, 0.0 ], [ 19.1362533, 72.8915925, 0.0 ], [ 19.1363455, 72.8918405, 0.0 ], [ 19.1363612, 72.8918814, 0.0 ], [ 19.1363708, 72.8919066, 0.0 ], [ 19.1364065, 72.8919678, 0.0 ], [ 19.1365388, 72.8921951, 0.0 ], [ 19.1366782, 72.8924538, 0.0 ], [ 19.1368533, 72.8927758, 0.0 ], [ 19.136864, 72.8927953, 0.0 ], [ 19.1370136, 72.8930664, 0.0 ], [ 19.1370923, 72.8931075, 0.0 ], [ 19.1373026, 72.8932228, 0.0 ], [ 19.1374984, 72.8933305, 0.0 ], [ 19.1376208, 72.8933984, 0.0 ], [ 19.1378119, 72.8935054, 0.0 ], [ 19.1378171, 72.8935082, 0.0 ], [ 19.1379872, 72.8936034, 0.0 ], [ 19.1381592, 72.8937773, 0.0 ], [ 19.1382145, 72.893834, 0.0 ], [ 19.1382735, 72.893894, 0.0 ], [ 19.1383385, 72.893959, 0.0 ], [ 19.1383645, 72.8939861, 0.0 ], [ 19.1383656, 72.8939873, 0.0 ], [ 19.13839, 72.8940005, 0.0 ], [ 19.1384399, 72.8940308, 0.0 ], [ 19.1384492, 72.8940365, 0.0 ], [ 19.1384747, 72.8940557, 0.0 ], [ 19.1385319, 72.8941132, 0.0 ], [ 19.1385545, 72.8941288, 0.0 ], [ 19.1386321, 72.8941824, 0.0 ], [ 19.1387847, 72.8942875, 0.0 ], [ 19.1387869, 72.8942891, 0.0 ], [ 19.1388455, 72.89433, 0.0 ], [ 19.139086, 72.8945015, 0.0 ], [ 19.1392673, 72.8946293, 0.0 ], [ 19.1392798, 72.8946339, 0.0 ], [ 19.1394413, 72.8946345, 0.0 ], [ 19.1395118, 72.894634, 0.0 ], [ 19.139554, 72.8946336, 0.0 ], [ 19.1397192, 72.8946351, 0.0 ], [ 19.1398113, 72.8946349, 0.0 ], [ 19.1399408, 72.8946318, 0.0 ], [ 19.1400853, 72.8945578, 0.0 ], [ 19.1401948, 72.8945032, 0.0 ], [ 19.1404077, 72.894393, 0.0 ], [ 19.1405352, 72.8943271, 0.0 ], [ 19.140663, 72.8942599, 0.0 ], [ 19.1407579, 72.8942148, 0.0 ], [ 19.1407884, 72.8942003, 0.0 ], [ 19.1409485, 72.8941223, 0.0 ], [ 19.1410431, 72.8940734, 0.0 ], [ 19.1410821, 72.8940496, 0.0 ], [ 19.1411367, 72.8940162, 0.0 ], [ 19.141242, 72.8939512, 0.0 ], [ 19.1415429, 72.8937617, 0.0 ], [ 19.1415709, 72.8937462, 0.0 ], [ 19.1419183, 72.8934821, 0.0 ], [ 19.1420056, 72.8934694, 0.0 ], [ 19.142008, 72.8934691, 0.0 ], [ 19.1420903, 72.8934584, 0.0 ], [ 19.1420044, 72.8941399, 0.0 ], [ 19.1420903, 72.8944231, 0.0 ], [ 19.1426105, 72.8944856, 0.0 ], [ 19.1426115, 72.8946304, 0.0 ], [ 19.1426223, 72.895194, 0.0 ], [ 19.1426337, 72.8954006, 0.0 ], [ 19.1425774, 72.8955011, 0.0 ], [ 19.1424607, 72.895638, 0.0 ], [ 19.1423934, 72.8957014, 0.0 ], [ 19.1422176, 72.8958797, 0.0 ], [ 19.1420934, 72.896007, 0.0 ], [ 19.1420252, 72.8960904, 0.0 ], [ 19.1419628, 72.8962223, 0.0 ], [ 19.1418878, 72.8963677, 0.0 ], [ 19.1417664, 72.8966415, 0.0 ], [ 19.1416947, 72.8967902, 0.0 ], [ 19.1416165, 72.8969828, 0.0 ], [ 19.1415231, 72.897239, 0.0 ], [ 19.1410446, 72.8986344, 0.0 ], [ 19.1410394, 72.8986497, 0.0 ], [ 19.1409468, 72.898926, 0.0 ], [ 19.140919, 72.8989706, 0.0 ], [ 19.1408946, 72.8990096, 0.0 ], [ 19.1408769, 72.8990341, 0.0 ], [ 19.1408523, 72.8990545, 0.0 ], [ 19.1408416, 72.899063, 0.0 ], [ 19.1407555, 72.8991184, 0.0 ], [ 19.1407382, 72.8991295, 0.0 ], [ 19.1407158, 72.8991417, 0.0 ], [ 19.1406918, 72.899156, 0.0 ], [ 19.1406126, 72.8992036, 0.0 ], [ 19.1405161, 72.8992596, 0.0 ], [ 19.1404656, 72.899289, 0.0 ], [ 19.1404041, 72.8993247, 0.0 ], [ 19.1401599, 72.8994736, 0.0 ], [ 19.1398946, 72.8995583, 0.0 ], [ 19.1393498, 72.8997847, 0.0 ], [ 19.1398109, 72.9001994, 0.0 ], [ 19.1397072, 72.900627, 0.0 ], [ 19.1400784, 72.9008552, 0.0 ], [ 19.1404203, 72.9010527, 0.0 ], [ 19.1406429, 72.9011782, 0.0 ], [ 19.1404136, 72.9015983, 0.0 ], [ 19.140473, 72.9017801, 0.0 ], [ 19.1405207, 72.9019354, 0.0 ], [ 19.1405275, 72.9019575, 0.0 ], [ 19.1409355, 72.9025778, 0.0 ], [ 19.1412491, 72.9030547, 0.0 ], [ 19.1415124, 72.903455, 0.0 ], [ 19.1415693, 72.9035415, 0.0 ], [ 19.1419471, 72.9041159, 0.0 ], [ 19.141931, 72.9042455, 0.0 ], [ 19.1419285, 72.9044072, 0.0 ], [ 19.1419404, 72.904558, 0.0 ], [ 19.1419439, 72.904601, 0.0 ], [ 19.1419362, 72.9047027, 0.0 ], [ 19.1417482, 72.9047698, 0.0 ], [ 19.1411208, 72.9048054, 0.0 ], [ 19.1409826, 72.9048112, 0.0 ], [ 19.1409705, 72.9048117, 0.0 ], [ 19.1409705, 72.9048117, 0.0 ], [ 19.1409699, 72.9048142, 0.0 ], [ 19.1409509, 72.9048125, 0.0 ], [ 19.1405711, 72.9047789, 0.0 ], [ 19.1403456, 72.9047809, 0.0 ], [ 19.1402486, 72.9049602, 0.0 ], [ 19.1401076, 72.9052616, 0.0 ], [ 19.1400671, 72.9053272, 0.0 ], [ 19.1399704, 72.9055368, 0.0 ], [ 19.1397648, 72.9059606, 0.0 ], [ 19.139676, 72.906162, 0.0 ], [ 19.139726, 72.9062005, 0.0 ], [ 19.1399501, 72.9064381, 0.0 ], [ 19.1400501, 72.9064488, 0.0 ], [ 19.1401848, 72.9065427, 0.0 ], [ 19.1403047, 72.9066283, 0.0 ], [ 19.1402608, 72.9069603, 0.0 ], [ 19.1400482, 72.9070825, 0.0 ], [ 19.1393252, 72.9073623, 0.0 ], [ 19.1388677, 72.9072234, 0.0 ], [ 19.1387443, 72.9078918, 0.0 ], [ 19.1396768, 72.9103104, 0.0 ], [ 19.1397577, 72.9102242, 0.0 ], [ 19.1400265, 72.9100302, 0.0 ], [ 19.1400413, 72.9100491, 0.0 ], [ 19.1401154, 72.9101437, 0.0 ], [ 19.1402577, 72.9103264, 0.0 ], [ 19.1405939, 72.9107316, 0.0 ], [ 19.1403958, 72.9113536, 0.0 ], [ 19.1402909, 72.9116866, 0.0 ], [ 19.1402444, 72.9118345, 0.0 ], [ 19.1403405, 72.9122238, 0.0 ], [ 19.1403741, 72.9123865, 0.0 ], [ 19.1404485, 72.9127223, 0.0 ], [ 19.1406388, 72.9127655, 0.0 ], [ 19.1408664, 72.9128131, 0.0 ], [ 19.1411686, 72.9128756, 0.0 ], [ 19.141202, 72.9130853, 0.0 ], [ 19.1412714, 72.9135352, 0.0 ], [ 19.1417947, 72.9139208, 0.0 ], [ 19.1417495, 72.9142765, 0.0 ], [ 19.1417367, 72.9143668, 0.0 ], [ 19.1417112, 72.9145429, 0.0 ], [ 19.141631, 72.9151463, 0.0 ], [ 19.1416032, 72.91525, 0.0 ], [ 19.1415919, 72.9152902, 0.0 ], [ 19.1415196, 72.9155468, 0.0 ], [ 19.1415064, 72.9155913, 0.0 ], [ 19.141498, 72.9156198, 0.0 ], [ 19.1414078, 72.9159247, 0.0 ], [ 19.1413092, 72.9162581, 0.0 ], [ 19.1413337, 72.9168074, 0.0 ], [ 19.1413403, 72.9171247, 0.0 ], [ 19.1414102, 72.9176846, 0.0 ], [ 19.1414098, 72.9177194, 0.0 ], [ 19.1414049, 72.9181294, 0.0 ], [ 19.1408699, 72.9184463, 0.0 ], [ 19.1415068, 72.9188743, 0.0 ], [ 19.1419544, 72.9191923, 0.0 ], [ 19.1425966, 72.9196391, 0.0 ], [ 19.1440631, 72.9206669, 0.0 ], [ 19.1440699, 72.9208603, 0.0 ], [ 19.144613, 72.9216426, 0.0 ], [ 19.1453082, 72.9221558, 0.0 ], [ 19.1455317, 72.9223786, 0.0 ], [ 19.1457522, 72.9226134, 0.0 ], [ 19.146027, 72.922755, 0.0 ], [ 19.1462978, 72.9229651, 0.0 ], [ 19.1467273, 72.9231098, 0.0 ], [ 19.1468784, 72.9231621, 0.0 ], [ 19.1470526, 72.9232454, 0.0 ], [ 19.1473364, 72.9233389, 0.0 ], [ 19.1475943, 72.9233975, 0.0 ], [ 19.1477258, 72.9234383, 0.0 ], [ 19.148147, 72.9235497, 0.0 ], [ 19.1483339, 72.9236099, 0.0 ], [ 19.1486755, 72.9236783, 0.0 ], [ 19.1486775, 72.9236791, 0.0 ], [ 19.1486776, 72.9236792, 0.0 ], [ 19.1487504, 72.9237111, 0.0 ], [ 19.1490514, 72.9238109, 0.0 ], [ 19.1491534, 72.9238273, 0.0 ], [ 19.1491534, 72.9238273, 0.0 ], [ 19.1493415, 72.9239335, 0.0 ], [ 19.1495315, 72.9240463, 0.0 ], [ 19.1499354, 72.9240327, 0.0 ], [ 19.1499937, 72.9240295, 0.0 ], [ 19.150494, 72.924028, 0.0 ], [ 19.150708, 72.924038, 0.0 ], [ 19.1508522, 72.9240548, 0.0 ], [ 19.1509349, 72.9240923, 0.0 ], [ 19.1509945, 72.9241278, 0.0 ], [ 19.1510649, 72.9241572, 0.0 ], [ 19.151245, 72.9242587, 0.0 ], [ 19.1516326, 72.9245227, 0.0 ], [ 19.1520382, 72.9247845, 0.0 ], [ 19.1520157, 72.9251074, 0.0 ], [ 19.1526818, 72.9254329, 0.0 ], [ 19.1527635, 72.92549, 0.0 ], [ 19.1529444, 72.925759, 0.0 ], [ 19.1529772, 72.9258159, 0.0 ], [ 19.1531099, 72.9260185, 0.0 ], [ 19.1531386, 72.9262225, 0.0 ], [ 19.1530698, 72.9265869, 0.0 ], [ 19.1530667, 72.9266751, 0.0 ], [ 19.153065, 72.9267234, 0.0 ], [ 19.1533353, 72.9269546, 0.0 ], [ 19.1536578, 72.9272358, 0.0 ], [ 19.1537758, 72.9273394, 0.0 ], [ 19.1539192, 72.9274413, 0.0 ], [ 19.1541402, 72.9274635, 0.0 ], [ 19.1544461, 72.9274301, 0.0 ], [ 19.1546145, 72.9273968, 0.0 ], [ 19.1548443, 72.9273614, 0.0 ], [ 19.1549131, 72.9273508, 0.0 ], [ 19.155032, 72.9273127, 0.0 ], [ 19.1551304, 72.9272818, 0.0 ], [ 19.1551578, 72.9272723, 0.0 ], [ 19.1552768, 72.9272278, 0.0 ], [ 19.1553944, 72.9271917, 0.0 ], [ 19.1554557, 72.9272046, 0.0 ], [ 19.1554587, 72.927207, 0.0 ], [ 19.1555039, 72.9272383, 0.0 ], [ 19.1555483, 72.927288, 0.0 ], [ 19.1556301, 72.9273723, 0.0 ], [ 19.1556925, 72.9274389, 0.0 ], [ 19.1557509, 72.9275033, 0.0 ], [ 19.155798, 72.9275551, 0.0 ], [ 19.1558815, 72.9276465, 0.0 ], [ 19.1560013, 72.9277792, 0.0 ], [ 19.1561388, 72.9279259, 0.0 ], [ 19.1562385, 72.9280341, 0.0 ], [ 19.1563053, 72.9280578, 0.0 ], [ 19.1563996, 72.9280917, 0.0 ], [ 19.1565107, 72.9281367, 0.0 ], [ 19.1566318, 72.9281829, 0.0 ], [ 19.1567038, 72.9281897, 0.0 ], [ 19.1567588, 72.9281949, 0.0 ], [ 19.1568241, 72.9282292, 0.0 ], [ 19.1569458, 72.9282997, 0.0 ], [ 19.1570404, 72.928355, 0.0 ], [ 19.1571192, 72.9284118, 0.0 ], [ 19.1571807, 72.9284573, 0.0 ], [ 19.1572109, 72.9284777, 0.0 ], [ 19.1573368, 72.9285629, 0.0 ], [ 19.1574284, 72.9286249, 0.0 ], [ 19.157701, 72.928664, 0.0 ], [ 19.1578654, 72.9286866, 0.0 ], [ 19.1580763, 72.9286383, 0.0 ], [ 19.1581551, 72.9286104, 0.0 ], [ 19.1581644, 72.9286088, 0.0 ], [ 19.1582788, 72.9285887, 0.0 ], [ 19.1585071, 72.928561, 0.0 ], [ 19.158542, 72.9285533, 0.0 ], [ 19.1586531, 72.9285294, 0.0 ], [ 19.1587775, 72.9285027, 0.0 ], [ 19.1588307, 72.9284941, 0.0 ], [ 19.1592643, 72.9284927, 0.0 ], [ 19.159396, 72.9285031, 0.0 ], [ 19.1594687, 72.9285099, 0.0 ], [ 19.1595133, 72.9285182, 0.0 ], [ 19.1595794, 72.9285267, 0.0 ], [ 19.1597415, 72.9285532, 0.0 ], [ 19.1599377, 72.9285853, 0.0 ], [ 19.1600652, 72.9286073, 0.0 ], [ 19.1602005, 72.9286306, 0.0 ], [ 19.160213, 72.9286314, 0.0 ], [ 19.1604818, 72.9286037, 0.0 ], [ 19.160695, 72.9286367, 0.0 ], [ 19.1608284, 72.9286596, 0.0 ], [ 19.1609449, 72.9286796, 0.0 ], [ 19.1610419, 72.9286963, 0.0 ], [ 19.1613489, 72.928749, 0.0 ], [ 19.1620705, 72.9288618, 0.0 ], [ 19.16221, 72.9288836, 0.0 ], [ 19.162834, 72.9289811, 0.0 ], [ 19.1631243, 72.928737, 0.0 ], [ 19.1631994, 72.9286698, 0.0 ], [ 19.1632117, 72.9286634, 0.0 ], [ 19.163224, 72.9286569, 0.0 ], [ 19.1632288, 72.9286569, 0.0 ], [ 19.1632455, 72.928657, 0.0 ], [ 19.1632646, 72.9286618, 0.0 ], [ 19.1635522, 72.9287344, 0.0 ], [ 19.1638092, 72.9288049, 0.0 ], [ 19.1638564, 72.9288191, 0.0 ], [ 19.1638897, 72.9288291, 0.0 ], [ 19.1639669, 72.9288408, 0.0 ], [ 19.164212, 72.9288781, 0.0 ], [ 19.1644251, 72.9288757, 0.0 ], [ 19.164731, 72.9288638, 0.0 ], [ 19.1648304, 72.9288595, 0.0 ], [ 19.165078, 72.9287568, 0.0 ], [ 19.1651789, 72.9287117, 0.0 ], [ 19.1652229, 72.928692, 0.0 ], [ 19.1653258, 72.9286498, 0.0 ], [ 19.1653138, 72.9287268, 0.0 ], [ 19.1652698, 72.9290182, 0.0 ], [ 19.1654734, 72.928884, 0.0 ], [ 19.1655583, 72.928828, 0.0 ], [ 19.1659884, 72.9287744, 0.0 ], [ 19.165999, 72.9287732, 0.0 ], [ 19.1659991, 72.9287732, 0.0 ], [ 19.1659995, 72.9287732, 0.0 ], [ 19.1659996, 72.9287731, 0.0 ], [ 19.1660754, 72.9287645, 0.0 ], [ 19.1661558, 72.9287553, 0.0 ], [ 19.16632, 72.9287344, 0.0 ], [ 19.1663204, 72.9287344, 0.0 ], [ 19.1663204, 72.9287344, 0.0 ], [ 19.1663489, 72.9287309, 0.0 ], [ 19.1663509, 72.9287305, 0.0 ], [ 19.1663555, 72.9287299, 0.0 ], [ 19.1663726, 72.9287264, 0.0 ], [ 19.1664104, 72.9287188, 0.0 ], [ 19.1664642, 72.928708, 0.0 ], [ 19.166515, 72.9286971, 0.0 ], [ 19.1665541, 72.9294949, 0.0 ], [ 19.1665565, 72.9295441, 0.0 ], [ 19.1665652, 72.9295734, 0.0 ], [ 19.1665776, 72.9296006, 0.0 ], [ 19.1666003, 72.9296326, 0.0 ], [ 19.1667373, 72.9298218, 0.0 ], [ 19.1668337, 72.9299605, 0.0 ], [ 19.1668821, 72.930048, 0.0 ], [ 19.166904, 72.9300937, 0.0 ], [ 19.1669872, 72.9303011, 0.0 ], [ 19.167114, 72.9306277, 0.0 ], [ 19.1672211, 72.9309814, 0.0 ], [ 19.1672112, 72.9311773, 0.0 ], [ 19.167206, 72.9312282, 0.0 ], [ 19.1671989, 72.9312872, 0.0 ], [ 19.1671898, 72.9313402, 0.0 ], [ 19.1671714, 72.9314197, 0.0 ], [ 19.1671491, 72.9314993, 0.0 ], [ 19.1671231, 72.9315871, 0.0 ], [ 19.1671004, 72.9316341, 0.0 ], [ 19.1668864, 72.9320048, 0.0 ], [ 19.1662541, 72.9329397, 0.0 ], [ 19.1658602, 72.9335213, 0.0 ], [ 19.1655579, 72.9340019, 0.0 ], [ 19.1653619, 72.9343792, 0.0 ] ] ] } },
{ "type": "Feature", "id": 18, "properties": { "Name": "\n    R/N\n   ", "tessellate": 1, "extrude": 0, "visibility": -1, "NAME2": "R/N\n", "OBJECTID": 19, "Shape__Area": 14176700.012599999, "Shape__Length": 17145.149499499999 }, "geometry": { "type": "Polygon", "coordinates": [ [ [ 19.23748, 72.8586339, 0.0 ], [ 19.2374713, 72.8586175, 0.0 ], [ 19.2374472, 72.8585604, 0.0 ], [ 19.2374281, 72.8585012, 0.0 ], [ 19.2374137, 72.8584576, 0.0 ], [ 19.2374103, 72.8584474, 0.0 ], [ 19.2373677, 72.8583181, 0.0 ], [ 19.237351, 72.8582642, 0.0 ], [ 19.2373173, 72.8581552, 0.0 ], [ 19.2373171, 72.8581546, 0.0 ], [ 19.2373348, 72.8581573, 0.0 ], [ 19.2373297, 72.8581366, 0.0 ], [ 19.2373183, 72.8580903, 0.0 ], [ 19.2372946, 72.8579632, 0.0 ], [ 19.2372925, 72.8579494, 0.0 ], [ 19.2372379, 72.8577598, 0.0 ], [ 19.2372378, 72.8577592, 0.0 ], [ 19.2372309, 72.8576749, 0.0 ], [ 19.2372298, 72.8576623, 0.0 ], [ 19.237229, 72.857649, 0.0 ], [ 19.2372266, 72.8574394, 0.0 ], [ 19.2372266, 72.8574377, 0.0 ], [ 19.2372312, 72.8574235, 0.0 ], [ 19.2373931, 72.8569206, 0.0 ], [ 19.2376159, 72.8561195, 0.0 ], [ 19.237728, 72.8555008, 0.0 ], [ 19.237774, 72.8551716, 0.0 ], [ 19.2377515, 72.8548197, 0.0 ], [ 19.2377893, 72.8543277, 0.0 ], [ 19.2379549, 72.8528438, 0.0 ], [ 19.2379686, 72.8527341, 0.0 ], [ 19.2379846, 72.8525774, 0.0 ], [ 19.2379956, 72.8524305, 0.0 ], [ 19.2380069, 72.8522798, 0.0 ], [ 19.2380094, 72.8522364, 0.0 ], [ 19.2380169, 72.8521037, 0.0 ], [ 19.238024, 72.8519787, 0.0 ], [ 19.2380274, 72.8518582, 0.0 ], [ 19.2380324, 72.8516801, 0.0 ], [ 19.2380343, 72.8515804, 0.0 ], [ 19.2380377, 72.8513956, 0.0 ], [ 19.2380409, 72.8513147, 0.0 ], [ 19.2380511, 72.8510609, 0.0 ], [ 19.2380583, 72.8509146, 0.0 ], [ 19.2380662, 72.850755, 0.0 ], [ 19.2380947, 72.8498443, 0.0 ], [ 19.2381218, 72.8496486, 0.0 ], [ 19.2381451, 72.8495124, 0.0 ], [ 19.2381689, 72.8494192, 0.0 ], [ 19.2382732, 72.8491783, 0.0 ], [ 19.2383516, 72.8490133, 0.0 ], [ 19.2383836, 72.8489488, 0.0 ], [ 19.2386276, 72.8485241, 0.0 ], [ 19.2386944, 72.8484224, 0.0 ], [ 19.2388296, 72.8482039, 0.0 ], [ 19.2393199, 72.8474397, 0.0 ], [ 19.2395106, 72.8471422, 0.0 ], [ 19.2395966, 72.8470117, 0.0 ], [ 19.2396376, 72.8469496, 0.0 ], [ 19.2397098, 72.8468395, 0.0 ], [ 19.2399275, 72.8464945, 0.0 ], [ 19.2401032, 72.8462279, 0.0 ], [ 19.2402698, 72.8459721, 0.0 ], [ 19.2403999, 72.8457952, 0.0 ], [ 19.2404247, 72.8457614, 0.0 ], [ 19.2405524, 72.8455875, 0.0 ], [ 19.2407068, 72.8453778, 0.0 ], [ 19.2415942, 72.8441692, 0.0 ], [ 19.2433873, 72.8419152, 0.0 ], [ 19.2461155, 72.8388339, 0.0 ], [ 19.2495204, 72.8349639, 0.0 ], [ 19.2496264, 72.8352186, 0.0 ], [ 19.2500224, 72.8359457, 0.0 ], [ 19.250506, 72.8366346, 0.0 ], [ 19.2505917, 72.8367547, 0.0 ], [ 19.2513117, 72.8377642, 0.0 ], [ 19.2517142, 72.8382966, 0.0 ], [ 19.2520386, 72.8385994, 0.0 ], [ 19.2521298, 72.8385234, 0.0 ], [ 19.2530126, 72.8378112, 0.0 ], [ 19.2542251, 72.8368313, 0.0 ], [ 19.2548639, 72.8363269, 0.0 ], [ 19.2550604, 72.8361717, 0.0 ], [ 19.2562878, 72.836042, 0.0 ], [ 19.2568761, 72.8359762, 0.0 ], [ 19.2586265, 72.8357802, 0.0 ], [ 19.2586595, 72.8357869, 0.0 ], [ 19.2618853, 72.8364387, 0.0 ], [ 19.2619035, 72.8364424, 0.0 ], [ 19.2619315, 72.8364497, 0.0 ], [ 19.2619611, 72.8364575, 0.0 ], [ 19.261973, 72.836461, 0.0 ], [ 19.2620972, 72.8364983, 0.0 ], [ 19.2624026, 72.8365818, 0.0 ], [ 19.2624807, 72.8366039, 0.0 ], [ 19.2626022, 72.8366384, 0.0 ], [ 19.2628494, 72.8367371, 0.0 ], [ 19.2631121, 72.8368415, 0.0 ], [ 19.2633961, 72.836956, 0.0 ], [ 19.2635179, 72.8370273, 0.0 ], [ 19.2638001, 72.8371952, 0.0 ], [ 19.2638828, 72.8372475, 0.0 ], [ 19.2641362, 72.8373927, 0.0 ], [ 19.2642189, 72.8374486, 0.0 ], [ 19.2643701, 72.8375498, 0.0 ], [ 19.2647147, 72.8378212, 0.0 ], [ 19.2651701, 72.8381324, 0.0 ], [ 19.265581, 72.8384325, 0.0 ], [ 19.2658669, 72.8386456, 0.0 ], [ 19.2659733, 72.8387302, 0.0 ], [ 19.2661337, 72.8389162, 0.0 ], [ 19.2662263, 72.8390295, 0.0 ], [ 19.2662415, 72.8390932, 0.0 ], [ 19.2665102, 72.8394364, 0.0 ], [ 19.2667393, 72.8398076, 0.0 ], [ 19.2668887, 72.8400803, 0.0 ], [ 19.2670737, 72.8403791, 0.0 ], [ 19.2671219, 72.8404661, 0.0 ], [ 19.2672064, 72.8407631, 0.0 ], [ 19.2672561, 72.84097, 0.0 ], [ 19.2673148, 72.8411839, 0.0 ], [ 19.2674166, 72.8415339, 0.0 ], [ 19.2674248, 72.841671, 0.0 ], [ 19.2674357, 72.8420474, 0.0 ], [ 19.26745, 72.8424861, 0.0 ], [ 19.2673733, 72.8428397, 0.0 ], [ 19.2672912, 72.8432537, 0.0 ], [ 19.2672007, 72.8439264, 0.0 ], [ 19.2671708, 72.8441499, 0.0 ], [ 19.2671485, 72.8442801, 0.0 ], [ 19.2671073, 72.8445038, 0.0 ], [ 19.2670814, 72.8446554, 0.0 ], [ 19.2670421, 72.8449039, 0.0 ], [ 19.2669861, 72.8452349, 0.0 ], [ 19.2669346, 72.8455619, 0.0 ], [ 19.2670138, 72.845853, 0.0 ], [ 19.2670861, 72.8461045, 0.0 ], [ 19.2671073, 72.8461981, 0.0 ], [ 19.2672339, 72.8466454, 0.0 ], [ 19.2672667, 72.8467693, 0.0 ], [ 19.2673419, 72.8470762, 0.0 ], [ 19.2675483, 72.8473031, 0.0 ], [ 19.2678557, 72.8476344, 0.0 ], [ 19.2680143, 72.8478553, 0.0 ], [ 19.2685627, 72.8486357, 0.0 ], [ 19.2688122, 72.849016, 0.0 ], [ 19.2689275, 72.8491901, 0.0 ], [ 19.2689602, 72.8492462, 0.0 ], [ 19.2690941, 72.8494457, 0.0 ], [ 19.2692761, 72.8497301, 0.0 ], [ 19.2693768, 72.8498821, 0.0 ], [ 19.2694771, 72.8500483, 0.0 ], [ 19.269592, 72.8502583, 0.0 ], [ 19.2696916, 72.8504403, 0.0 ], [ 19.2697259, 72.8505063, 0.0 ], [ 19.2698962, 72.8508079, 0.0 ], [ 19.2698968, 72.850809, 0.0 ], [ 19.2699122, 72.8508782, 0.0 ], [ 19.2699245, 72.8509914, 0.0 ], [ 19.2699289, 72.8512124, 0.0 ], [ 19.269934, 72.8513373, 0.0 ], [ 19.2699323, 72.8515026, 0.0 ], [ 19.2699408, 72.8517524, 0.0 ], [ 19.2699459, 72.8520311, 0.0 ], [ 19.2699377, 72.8522676, 0.0 ], [ 19.2699144, 72.8524583, 0.0 ], [ 19.2698994, 72.8525815, 0.0 ], [ 19.2699151, 72.8526774, 0.0 ], [ 19.2699577, 72.8528806, 0.0 ], [ 19.2699932, 72.8531108, 0.0 ], [ 19.2700137, 72.8533028, 0.0 ], [ 19.270074, 72.8534596, 0.0 ], [ 19.2701103, 72.8535975, 0.0 ], [ 19.2701278, 72.8536877, 0.0 ], [ 19.2701564, 72.8537892, 0.0 ], [ 19.2701757, 72.8538831, 0.0 ], [ 19.2701767, 72.8539638, 0.0 ], [ 19.2701636, 72.8540909, 0.0 ], [ 19.2701537, 72.8541871, 0.0 ], [ 19.2701425, 72.8543199, 0.0 ], [ 19.2701169, 72.8544663, 0.0 ], [ 19.270089, 72.8545782, 0.0 ], [ 19.2700559, 72.8547132, 0.0 ], [ 19.2700043, 72.8548273, 0.0 ], [ 19.269947, 72.8549299, 0.0 ], [ 19.269888, 72.8550345, 0.0 ], [ 19.2697628, 72.8552514, 0.0 ], [ 19.2696985, 72.8553714, 0.0 ], [ 19.269631, 72.8555318, 0.0 ], [ 19.269585, 72.8556593, 0.0 ], [ 19.269575, 72.8557344, 0.0 ], [ 19.2695692, 72.855869, 0.0 ], [ 19.2695778, 72.8559746, 0.0 ], [ 19.2696119, 72.8562337, 0.0 ], [ 19.269635, 72.8563353, 0.0 ], [ 19.2696882, 72.8565153, 0.0 ], [ 19.2697168, 72.8566245, 0.0 ], [ 19.2697237, 72.8566762, 0.0 ], [ 19.2697267, 72.8567256, 0.0 ], [ 19.2697224, 72.8567803, 0.0 ], [ 19.2697154, 72.8568105, 0.0 ], [ 19.2697037, 72.8568325, 0.0 ], [ 19.2696935, 72.8568426, 0.0 ], [ 19.2696729, 72.8568548, 0.0 ], [ 19.2696551, 72.8568592, 0.0 ], [ 19.2696285, 72.8568621, 0.0 ], [ 19.2686414, 72.8569014, 0.0 ], [ 19.2686414, 72.8569015, 0.0 ], [ 19.2686415, 72.8569025, 0.0 ], [ 19.2686712, 72.8574474, 0.0 ], [ 19.2686745, 72.8575071, 0.0 ], [ 19.2686749, 72.8575123, 0.0 ], [ 19.2686763, 72.8575323, 0.0 ], [ 19.2686835, 72.8576353, 0.0 ], [ 19.2686851, 72.8576578, 0.0 ], [ 19.2686416, 72.8577931, 0.0 ], [ 19.2686399, 72.8577984, 0.0 ], [ 19.2685427, 72.8581008, 0.0 ], [ 19.268489, 72.8582731, 0.0 ], [ 19.2684196, 72.8584962, 0.0 ], [ 19.2682789, 72.8587113, 0.0 ], [ 19.2682012, 72.8591895, 0.0 ], [ 19.2681326, 72.8593045, 0.0 ], [ 19.2679797, 72.8595607, 0.0 ], [ 19.2678585, 72.8597601, 0.0 ], [ 19.2677489, 72.8599404, 0.0 ], [ 19.2677187, 72.8599815, 0.0 ], [ 19.2676937, 72.8600155, 0.0 ], [ 19.2675393, 72.8601839, 0.0 ], [ 19.2673864, 72.8603508, 0.0 ], [ 19.2673063, 72.8604413, 0.0 ], [ 19.2672949, 72.8604541, 0.0 ], [ 19.2671462, 72.8606221, 0.0 ], [ 19.2668354, 72.8609694, 0.0 ], [ 19.2666856, 72.8611749, 0.0 ], [ 19.2666856, 72.8611755, 0.0 ], [ 19.2666857, 72.8611761, 0.0 ], [ 19.2666835, 72.861179, 0.0 ], [ 19.2666999, 72.8614192, 0.0 ], [ 19.266718, 72.8616618, 0.0 ], [ 19.2667248, 72.8617531, 0.0 ], [ 19.2667443, 72.8619886, 0.0 ], [ 19.2670416, 72.8624886, 0.0 ], [ 19.267048, 72.8624994, 0.0 ], [ 19.2674334, 72.8625714, 0.0 ], [ 19.2675309, 72.8625897, 0.0 ], [ 19.2677859, 72.8626377, 0.0 ], [ 19.2677003, 72.8630315, 0.0 ], [ 19.2676987, 72.8630317, 0.0 ], [ 19.2672591, 72.8630839, 0.0 ], [ 19.2671781, 72.8631905, 0.0 ], [ 19.2670613, 72.8633443, 0.0 ], [ 19.2667734, 72.8637219, 0.0 ], [ 19.2667583, 72.8637417, 0.0 ], [ 19.2667582, 72.8637421, 0.0 ], [ 19.2667576, 72.8637441, 0.0 ], [ 19.2667562, 72.8637459, 0.0 ], [ 19.2667082, 72.8639017, 0.0 ], [ 19.2665843, 72.8642853, 0.0 ], [ 19.266575, 72.8642914, 0.0 ], [ 19.2662216, 72.8645194, 0.0 ], [ 19.2660296, 72.8646454, 0.0 ], [ 19.2660302, 72.864647, 0.0 ], [ 19.2660304, 72.8646477, 0.0 ], [ 19.2660275, 72.8646496, 0.0 ], [ 19.2661021, 72.8648564, 0.0 ], [ 19.2665813, 72.8661856, 0.0 ], [ 19.2663142, 72.8663266, 0.0 ], [ 19.2656879, 72.8661958, 0.0 ], [ 19.2655968, 72.866172, 0.0 ], [ 19.2655837, 72.8661686, 0.0 ], [ 19.2655835, 72.8661686, 0.0 ], [ 19.2654203, 72.8661282, 0.0 ], [ 19.2652105, 72.8660793, 0.0 ], [ 19.2650217, 72.8660294, 0.0 ], [ 19.2648422, 72.8659868, 0.0 ], [ 19.2646636, 72.8659353, 0.0 ], [ 19.2646614, 72.8659347, 0.0 ], [ 19.2646601, 72.8659344, 0.0 ], [ 19.2644731, 72.8660678, 0.0 ], [ 19.264297, 72.8661899, 0.0 ], [ 19.2641144, 72.8663177, 0.0 ], [ 19.2639363, 72.8664404, 0.0 ], [ 19.2636911, 72.8666109, 0.0 ], [ 19.2635286, 72.8667251, 0.0 ], [ 19.263388, 72.8668219, 0.0 ], [ 19.2632427, 72.8669229, 0.0 ], [ 19.2630971, 72.8670258, 0.0 ], [ 19.2630106, 72.8670851, 0.0 ], [ 19.26301, 72.8670854, 0.0 ], [ 19.2629578, 72.867127, 0.0 ], [ 19.2626237, 72.8674863, 0.0 ], [ 19.2622274, 72.8678951, 0.0 ], [ 19.2620146, 72.8681192, 0.0 ], [ 19.2620142, 72.8681195, 0.0 ], [ 19.2620103, 72.8681228, 0.0 ], [ 19.2620099, 72.8681232, 0.0 ], [ 19.2617457, 72.868348, 0.0 ], [ 19.2617455, 72.8683482, 0.0 ], [ 19.2614159, 72.8686257, 0.0 ], [ 19.2611507, 72.8688448, 0.0 ], [ 19.2611451, 72.8688494, 0.0 ], [ 19.2611411, 72.8688528, 0.0 ], [ 19.261142, 72.8688531, 0.0 ], [ 19.2612354, 72.8688896, 0.0 ], [ 19.2612865, 72.8688823, 0.0 ], [ 19.2614198, 72.8688635, 0.0 ], [ 19.2614216, 72.8688634, 0.0 ], [ 19.2616241, 72.8688376, 0.0 ], [ 19.261657, 72.8688438, 0.0 ], [ 19.2617088, 72.8688538, 0.0 ], [ 19.2617107, 72.8688542, 0.0 ], [ 19.2619506, 72.8689068, 0.0 ], [ 19.2620027, 72.8689205, 0.0 ], [ 19.262105, 72.8690915, 0.0 ], [ 19.2621057, 72.8690927, 0.0 ], [ 19.2620929, 72.8693577, 0.0 ], [ 19.2620681, 72.8693886, 0.0 ], [ 19.2620544, 72.8694057, 0.0 ], [ 19.2619308, 72.8695874, 0.0 ], [ 19.2617727, 72.8698408, 0.0 ], [ 19.2617276, 72.8699152, 0.0 ], [ 19.2616935, 72.8699091, 0.0 ], [ 19.2616179, 72.8698951, 0.0 ], [ 19.2615164, 72.8698857, 0.0 ], [ 19.2614595, 72.8698612, 0.0 ], [ 19.261383, 72.8698499, 0.0 ], [ 19.2613723, 72.8698483, 0.0 ], [ 19.2613167, 72.8697829, 0.0 ], [ 19.2612362, 72.8697299, 0.0 ], [ 19.2612356, 72.8697296, 0.0 ], [ 19.2612303, 72.8697473, 0.0 ], [ 19.2612249, 72.869765, 0.0 ], [ 19.2611699, 72.8697693, 0.0 ], [ 19.2611347, 72.8697717, 0.0 ], [ 19.2610716, 72.8697256, 0.0 ], [ 19.2609338, 72.8698225, 0.0 ], [ 19.2608008, 72.8697525, 0.0 ], [ 19.2606818, 72.86969, 0.0 ], [ 19.2606111, 72.8698154, 0.0 ], [ 19.2606159, 72.8698514, 0.0 ], [ 19.2606659, 72.8699104, 0.0 ], [ 19.2608198, 72.8699464, 0.0 ], [ 19.2609127, 72.8699646, 0.0 ], [ 19.2609127, 72.8699651, 0.0 ], [ 19.2609153, 72.8699656, 0.0 ], [ 19.2609879, 72.8699802, 0.0 ], [ 19.2610773, 72.870105, 0.0 ], [ 19.2611725, 72.8706334, 0.0 ], [ 19.2612049, 72.8708005, 0.0 ], [ 19.2611653, 72.8710891, 0.0 ], [ 19.2611647, 72.8710933, 0.0 ], [ 19.2610995, 72.8710911, 0.0 ], [ 19.2610996, 72.8710915, 0.0 ], [ 19.2610987, 72.8710914, 0.0 ], [ 19.2611625, 72.8714607, 0.0 ], [ 19.2612082, 72.8716642, 0.0 ], [ 19.26123, 72.8717669, 0.0 ], [ 19.2612518, 72.8718697, 0.0 ], [ 19.2612444, 72.8718944, 0.0 ], [ 19.2612152, 72.8720557, 0.0 ], [ 19.2611941, 72.8721556, 0.0 ], [ 19.261195, 72.8721642, 0.0 ], [ 19.2611665, 72.8722669, 0.0 ], [ 19.2611687, 72.8722789, 0.0 ], [ 19.2611912, 72.8724061, 0.0 ], [ 19.2612029, 72.8724717, 0.0 ], [ 19.2612022, 72.8724734, 0.0 ], [ 19.261133, 72.8726417, 0.0 ], [ 19.2610671, 72.8726982, 0.0 ], [ 19.2610658, 72.8726993, 0.0 ], [ 19.2610656, 72.8726995, 0.0 ], [ 19.2608474, 72.8732117, 0.0 ], [ 19.2608472, 72.8732121, 0.0 ], [ 19.2608419, 72.8732265, 0.0 ], [ 19.2608042, 72.8733292, 0.0 ], [ 19.2607458, 72.8735723, 0.0 ], [ 19.2607017, 72.8737589, 0.0 ], [ 19.2606913, 72.8738031, 0.0 ], [ 19.2605825, 72.873848, 0.0 ], [ 19.2606074, 72.8740426, 0.0 ], [ 19.2606075, 72.8740431, 0.0 ], [ 19.2606105, 72.8742565, 0.0 ], [ 19.2606138, 72.8744902, 0.0 ], [ 19.2606791, 72.8748556, 0.0 ], [ 19.2607126, 72.8749988, 0.0 ], [ 19.2607127, 72.8749992, 0.0 ], [ 19.2607267, 72.8750591, 0.0 ], [ 19.260679, 72.8752063, 0.0 ], [ 19.2606235, 72.8753227, 0.0 ], [ 19.2606148, 72.875341, 0.0 ], [ 19.2606146, 72.8753414, 0.0 ], [ 19.2604815, 72.875657, 0.0 ], [ 19.2604458, 72.8757415, 0.0 ], [ 19.2605012, 72.8758277, 0.0 ], [ 19.2605394, 72.8758872, 0.0 ], [ 19.260496, 72.8759835, 0.0 ], [ 19.2604791, 72.8760211, 0.0 ], [ 19.2604404, 72.8761072, 0.0 ], [ 19.2604068, 72.8761402, 0.0 ], [ 19.2603465, 72.8761993, 0.0 ], [ 19.2603333, 72.8762123, 0.0 ], [ 19.2598763, 72.876661, 0.0 ], [ 19.2597215, 72.8768141, 0.0 ], [ 19.2597208, 72.8768148, 0.0 ], [ 19.2597196, 72.8768161, 0.0 ], [ 19.2596234, 72.8769156, 0.0 ], [ 19.2592412, 72.8773009, 0.0 ], [ 19.2587862, 72.8776541, 0.0 ], [ 19.2587781, 72.8776574, 0.0 ], [ 19.2587123, 72.8776834, 0.0 ], [ 19.2586886, 72.8776928, 0.0 ], [ 19.2583187, 72.8778392, 0.0 ], [ 19.2581959, 72.8778892, 0.0 ], [ 19.2581243, 72.8779183, 0.0 ], [ 19.2580991, 72.8779285, 0.0 ], [ 19.2578354, 72.87809, 0.0 ], [ 19.257666, 72.8781937, 0.0 ], [ 19.2575988, 72.8782317, 0.0 ], [ 19.2575972, 72.8782324, 0.0 ], [ 19.2575969, 72.8782326, 0.0 ], [ 19.2575246, 72.8782625, 0.0 ], [ 19.2573731, 72.8783254, 0.0 ], [ 19.2570704, 72.8785012, 0.0 ], [ 19.2568068, 72.8786543, 0.0 ], [ 19.2567287, 72.8787731, 0.0 ], [ 19.2565531, 72.8790507, 0.0 ], [ 19.2564101, 72.879277, 0.0 ], [ 19.2562616, 72.8795151, 0.0 ], [ 19.2561559, 72.8797016, 0.0 ], [ 19.2560928, 72.8798116, 0.0 ], [ 19.2560878, 72.8798203, 0.0 ], [ 19.2560874, 72.8798207, 0.0 ], [ 19.2560629, 72.8798516, 0.0 ], [ 19.2559166, 72.8800359, 0.0 ], [ 19.255823, 72.8801554, 0.0 ], [ 19.2557367, 72.8802656, 0.0 ], [ 19.255225, 72.8807755, 0.0 ], [ 19.2548722, 72.8811214, 0.0 ], [ 19.2547586, 72.8812225, 0.0 ], [ 19.2547361, 72.8812425, 0.0 ], [ 19.2546908, 72.8812846, 0.0 ], [ 19.2545677, 72.8813989, 0.0 ], [ 19.2543722, 72.8816262, 0.0 ], [ 19.2543716, 72.8816268, 0.0 ], [ 19.2542278, 72.8817954, 0.0 ], [ 19.2541381, 72.8821772, 0.0 ], [ 19.2540549, 72.8825316, 0.0 ], [ 19.2540283, 72.8826149, 0.0 ], [ 19.2539223, 72.8829891, 0.0 ], [ 19.2538663, 72.8831756, 0.0 ], [ 19.2538244, 72.8833259, 0.0 ], [ 19.2537973, 72.8834231, 0.0 ], [ 19.2537597, 72.8835772, 0.0 ], [ 19.2537391, 72.8836617, 0.0 ], [ 19.2537255, 72.8837144, 0.0 ], [ 19.253679, 72.8838943, 0.0 ], [ 19.2536462, 72.8839745, 0.0 ], [ 19.2535118, 72.8842946, 0.0 ], [ 19.2533559, 72.8846663, 0.0 ], [ 19.2533272, 72.8847336, 0.0 ], [ 19.2532787, 72.8848471, 0.0 ], [ 19.2531572, 72.8849843, 0.0 ], [ 19.2530904, 72.8850598, 0.0 ], [ 19.2529323, 72.8852383, 0.0 ], [ 19.252711, 72.8854856, 0.0 ], [ 19.2527082, 72.8854888, 0.0 ], [ 19.2524767, 72.8857559, 0.0 ], [ 19.2520177, 72.8862754, 0.0 ], [ 19.2517734, 72.8865443, 0.0 ], [ 19.2514312, 72.8869225, 0.0 ], [ 19.2510969, 72.8872929, 0.0 ], [ 19.2508377, 72.8875849, 0.0 ], [ 19.2505414, 72.8879134, 0.0 ], [ 19.2501729, 72.8883291, 0.0 ], [ 19.250133, 72.8883731, 0.0 ], [ 19.2498684, 72.888669, 0.0 ], [ 19.2498683, 72.8886691, 0.0 ], [ 19.2498649, 72.8886729, 0.0 ], [ 19.2498631, 72.8886749, 0.0 ], [ 19.249863, 72.8886769, 0.0 ], [ 19.2498534, 72.8887941, 0.0 ], [ 19.2498429, 72.8889237, 0.0 ], [ 19.2498044, 72.8894528, 0.0 ], [ 19.2497921, 72.8896162, 0.0 ], [ 19.249777, 72.8898168, 0.0 ], [ 19.2497409, 72.8903203, 0.0 ], [ 19.2497384, 72.8903554, 0.0 ], [ 19.2497362, 72.8903811, 0.0 ], [ 19.2497207, 72.8905634, 0.0 ], [ 19.2497195, 72.8905984, 0.0 ], [ 19.2497177, 72.8906512, 0.0 ], [ 19.2497148, 72.8908206, 0.0 ], [ 19.2497135, 72.8908989, 0.0 ], [ 19.2497076, 72.891274, 0.0 ], [ 19.2497045, 72.8914696, 0.0 ], [ 19.249704, 72.8915121, 0.0 ], [ 19.249701, 72.8917381, 0.0 ], [ 19.2496787, 72.8918976, 0.0 ], [ 19.2496583, 72.892048, 0.0 ], [ 19.2496496, 72.8921099, 0.0 ], [ 19.2496191, 72.8923258, 0.0 ], [ 19.2496105, 72.8923893, 0.0 ], [ 19.2495952, 72.8925035, 0.0 ], [ 19.2495894, 72.8925493, 0.0 ], [ 19.2495712, 72.8926948, 0.0 ], [ 19.2495356, 72.8929248, 0.0 ], [ 19.2495129, 72.8930864, 0.0 ], [ 19.2494864, 72.8932746, 0.0 ], [ 19.2494452, 72.8935785, 0.0 ], [ 19.2494447, 72.8935826, 0.0 ], [ 19.2493368, 72.8934279, 0.0 ], [ 19.2493368, 72.8934279, 0.0 ], [ 19.2492741, 72.8933379, 0.0 ], [ 19.2489874, 72.8929189, 0.0 ], [ 19.2485615, 72.8922923, 0.0 ], [ 19.2484277, 72.8920984, 0.0 ], [ 19.2484213, 72.8920889, 0.0 ], [ 19.2482554, 72.8918444, 0.0 ], [ 19.2482551, 72.891844, 0.0 ], [ 19.2482497, 72.891836, 0.0 ], [ 19.2482374, 72.891819, 0.0 ], [ 19.2482369, 72.8918182, 0.0 ], [ 19.248109, 72.8916405, 0.0 ], [ 19.2480012, 72.8914881, 0.0 ], [ 19.248001, 72.8914879, 0.0 ], [ 19.2477045, 72.8910695, 0.0 ], [ 19.2475534, 72.8908572, 0.0 ], [ 19.247553, 72.8908567, 0.0 ], [ 19.247283, 72.8904774, 0.0 ], [ 19.2472583, 72.8904394, 0.0 ], [ 19.2470782, 72.8901623, 0.0 ], [ 19.2468361, 72.8897946, 0.0 ], [ 19.2465833, 72.8894065, 0.0 ], [ 19.2463439, 72.8890406, 0.0 ], [ 19.2461199, 72.8887008, 0.0 ], [ 19.2458134, 72.8882481, 0.0 ], [ 19.245576, 72.8878913, 0.0 ], [ 19.2455756, 72.8878907, 0.0 ], [ 19.2443869, 72.8860698, 0.0 ], [ 19.243821, 72.8851984, 0.0 ], [ 19.2437402, 72.885074, 0.0 ], [ 19.2437357, 72.8850671, 0.0 ], [ 19.2437206, 72.8850437, 0.0 ], [ 19.2436878, 72.8849936, 0.0 ], [ 19.2435863, 72.8848384, 0.0 ], [ 19.2435862, 72.8848383, 0.0 ], [ 19.2435445, 72.8847738, 0.0 ], [ 19.2435395, 72.8847662, 0.0 ], [ 19.2432751, 72.8843577, 0.0 ], [ 19.2430273, 72.8839686, 0.0 ], [ 19.2430262, 72.8839668, 0.0 ], [ 19.243026, 72.8839665, 0.0 ], [ 19.2429359, 72.8838247, 0.0 ], [ 19.2429359, 72.8838246, 0.0 ], [ 19.2429356, 72.8838241, 0.0 ], [ 19.2429354, 72.8838238, 0.0 ], [ 19.2429348, 72.8838229, 0.0 ], [ 19.242806, 72.8836164, 0.0 ], [ 19.2425948, 72.8832663, 0.0 ], [ 19.2425928, 72.8832629, 0.0 ], [ 19.2425607, 72.8832098, 0.0 ], [ 19.2425606, 72.8832097, 0.0 ], [ 19.2423363, 72.8828386, 0.0 ], [ 19.2421167, 72.8824846, 0.0 ], [ 19.2421166, 72.8824845, 0.0 ], [ 19.2421161, 72.8824837, 0.0 ], [ 19.242116, 72.8824835, 0.0 ], [ 19.2419195, 72.8821672, 0.0 ], [ 19.2418111, 72.8819948, 0.0 ], [ 19.2418109, 72.8819945, 0.0 ], [ 19.2414587, 72.8814359, 0.0 ], [ 19.2412859, 72.8811638, 0.0 ], [ 19.2411007, 72.8808742, 0.0 ], [ 19.2409604, 72.8806511, 0.0 ], [ 19.2409604, 72.880651, 0.0 ], [ 19.2409603, 72.8806509, 0.0 ], [ 19.2409568, 72.8806453, 0.0 ], [ 19.2409562, 72.8806444, 0.0 ], [ 19.2409556, 72.8806434, 0.0 ], [ 19.2407525, 72.8803209, 0.0 ], [ 19.2403483, 72.8796821, 0.0 ], [ 19.2403483, 72.8796821, 0.0 ], [ 19.2403266, 72.879648, 0.0 ], [ 19.2399357, 72.8791038, 0.0 ], [ 19.239463, 72.8784457, 0.0 ], [ 19.2394189, 72.8783756, 0.0 ], [ 19.2394185, 72.8783749, 0.0 ], [ 19.2394185, 72.8783748, 0.0 ], [ 19.239216, 72.8780536, 0.0 ], [ 19.2389761, 72.8776631, 0.0 ], [ 19.2389762, 72.877663, 0.0 ], [ 19.2383775, 72.8729749, 0.0 ], [ 19.2383703, 72.8728655, 0.0 ], [ 19.2383267, 72.8724489, 0.0 ], [ 19.2380176, 72.870633, 0.0 ], [ 19.2379625, 72.870278, 0.0 ], [ 19.2379915, 72.8700929, 0.0 ], [ 19.238014, 72.8698783, 0.0 ], [ 19.2379888, 72.8695633, 0.0 ], [ 19.2379864, 72.869101, 0.0 ], [ 19.2380079, 72.8688256, 0.0 ], [ 19.2380357, 72.8686394, 0.0 ], [ 19.2381216, 72.8681942, 0.0 ], [ 19.2381653, 72.8679916, 0.0 ], [ 19.2381768, 72.8679521, 0.0 ], [ 19.2382776, 72.8676695, 0.0 ], [ 19.238404, 72.8673323, 0.0 ], [ 19.2384463, 72.8671595, 0.0 ], [ 19.2384626, 72.8670556, 0.0 ], [ 19.2384917, 72.8648707, 0.0 ], [ 19.238496, 72.8643527, 0.0 ], [ 19.2382249, 72.8643107, 0.0 ], [ 19.2380581, 72.8642848, 0.0 ], [ 19.2374247, 72.8641867, 0.0 ], [ 19.2372439, 72.8641599, 0.0 ], [ 19.2374059, 72.8629387, 0.0 ], [ 19.2374502, 72.8629184, 0.0 ], [ 19.2374889, 72.8628351, 0.0 ], [ 19.2375226, 72.8627955, 0.0 ], [ 19.2375799, 72.8627288, 0.0 ], [ 19.2375806, 72.862728, 0.0 ], [ 19.2375845, 72.8627235, 0.0 ], [ 19.237628, 72.862643, 0.0 ], [ 19.2377734, 72.8623745, 0.0 ], [ 19.2377977, 72.8623297, 0.0 ], [ 19.2378104, 72.862324, 0.0 ], [ 19.2378103, 72.862324, 0.0 ], [ 19.2378027, 72.862322, 0.0 ], [ 19.2378602, 72.8622332, 0.0 ], [ 19.2380667, 72.8619146, 0.0 ], [ 19.2380856, 72.8618854, 0.0 ], [ 19.2381623, 72.8617272, 0.0 ], [ 19.2382066, 72.8616687, 0.0 ], [ 19.2382648, 72.8616047, 0.0 ], [ 19.2385371, 72.8613048, 0.0 ], [ 19.2387795, 72.8610377, 0.0 ], [ 19.238892, 72.8610134, 0.0 ], [ 19.2389602, 72.8608677, 0.0 ], [ 19.2391435, 72.8604762, 0.0 ], [ 19.239148, 72.8604598, 0.0 ], [ 19.2392422, 72.8602031, 0.0 ], [ 19.2393064, 72.8600436, 0.0 ], [ 19.2394062, 72.8597934, 0.0 ], [ 19.2393386, 72.859577, 0.0 ], [ 19.2393774, 72.8594161, 0.0 ], [ 19.2393565, 72.8593652, 0.0 ], [ 19.239276, 72.8592139, 0.0 ], [ 19.2387636, 72.8589376, 0.0 ], [ 19.2386259, 72.8589061, 0.0 ], [ 19.2384179, 72.8588727, 0.0 ], [ 19.238062, 72.8587943, 0.0 ], [ 19.2379033, 72.8587568, 0.0 ], [ 19.237898, 72.8587555, 0.0 ], [ 19.2376713, 72.8586896, 0.0 ], [ 19.23748, 72.8586339, 0.0 ] ] ] } },
{ "type": "Feature", "id": 19, "properties": { "Name": "\n    K/W\n   ", "tessellate": 1, "extrude": 0, "visibility": -1, "NAME2": "K/W\n", "OBJECTID": 20, "Shape__Area": 24353979.243900001, "Shape__Length": 29682.099077399998 }, "geometry": { "type": "Polygon", "coordinates": [ [ [ 19.1510069, 72.8228456, 0.0 ], [ 19.1515165, 72.8237456, 0.0 ], [ 19.1533706, 72.8269734, 0.0 ], [ 19.1534602, 72.8271294, 0.0 ], [ 19.1539567, 72.8279937, 0.0 ], [ 19.1539264, 72.8282418, 0.0 ], [ 19.153926, 72.8282445, 0.0 ], [ 19.1539202, 72.8283495, 0.0 ], [ 19.1539058, 72.8284128, 0.0 ], [ 19.1538961, 72.8284322, 0.0 ], [ 19.1537346, 72.8287565, 0.0 ], [ 19.1535364, 72.8291283, 0.0 ], [ 19.1533107, 72.8295513, 0.0 ], [ 19.1531027, 72.8299413, 0.0 ], [ 19.1530523, 72.8300392, 0.0 ], [ 19.1530332, 72.8300727, 0.0 ], [ 19.1530143, 72.8301036, 0.0 ], [ 19.1530079, 72.8301133, 0.0 ], [ 19.1528766, 72.8303131, 0.0 ], [ 19.1523571, 72.8311034, 0.0 ], [ 19.1522857, 72.8311909, 0.0 ], [ 19.1522466, 72.8312445, 0.0 ], [ 19.1520806, 72.8314721, 0.0 ], [ 19.152003, 72.8315845, 0.0 ], [ 19.1519206, 72.831704, 0.0 ], [ 19.1517821, 72.8318778, 0.0 ], [ 19.1516375, 72.8321137, 0.0 ], [ 19.1515053, 72.832313, 0.0 ], [ 19.1513798, 72.8325966, 0.0 ], [ 19.1512909, 72.8329049, 0.0 ], [ 19.1512705, 72.8330014, 0.0 ], [ 19.1512369, 72.8331604, 0.0 ], [ 19.1511899, 72.8336541, 0.0 ], [ 19.1511614, 72.8340732, 0.0 ], [ 19.1511312, 72.8350648, 0.0 ], [ 19.1511301, 72.8355343, 0.0 ], [ 19.1511315, 72.8356278, 0.0 ], [ 19.1511315, 72.8356285, 0.0 ], [ 19.151132, 72.8356654, 0.0 ], [ 19.1511327, 72.8357155, 0.0 ], [ 19.1511353, 72.8358988, 0.0 ], [ 19.1511253, 72.8361899, 0.0 ], [ 19.1511249, 72.8362025, 0.0 ], [ 19.1510992, 72.8368026, 0.0 ], [ 19.1510056, 72.8380491, 0.0 ], [ 19.1509622, 72.8385114, 0.0 ], [ 19.1509477, 72.8386104, 0.0 ], [ 19.1509028, 72.8390316, 0.0 ], [ 19.1508778, 72.8392658, 0.0 ], [ 19.1508747, 72.8394543, 0.0 ], [ 19.1508556, 72.839517, 0.0 ], [ 19.1508309, 72.8395526, 0.0 ], [ 19.1507989, 72.839581, 0.0 ], [ 19.1507295, 72.8396208, 0.0 ], [ 19.1505949, 72.8396803, 0.0 ], [ 19.150271, 72.8398246, 0.0 ], [ 19.1501861, 72.8399421, 0.0 ], [ 19.1501811, 72.839949, 0.0 ], [ 19.1500711, 72.8400855, 0.0 ], [ 19.1498551, 72.8403555, 0.0 ], [ 19.1498591, 72.8403835, 0.0 ], [ 19.1498926, 72.8406225, 0.0 ], [ 19.1499471, 72.8410214, 0.0 ], [ 19.1499805, 72.8412472, 0.0 ], [ 19.1500079, 72.8414426, 0.0 ], [ 19.1500297, 72.8415986, 0.0 ], [ 19.1500363, 72.8416456, 0.0 ], [ 19.1500418, 72.8416848, 0.0 ], [ 19.1500916, 72.8420372, 0.0 ], [ 19.1500985, 72.8420859, 0.0 ], [ 19.1501118, 72.8421618, 0.0 ], [ 19.1501174, 72.8421933, 0.0 ], [ 19.150147, 72.8423612, 0.0 ], [ 19.1501524, 72.8424025, 0.0 ], [ 19.1501604, 72.8424635, 0.0 ], [ 19.1501657, 72.8425039, 0.0 ], [ 19.1501684, 72.8425227, 0.0 ], [ 19.1501742, 72.8425643, 0.0 ], [ 19.150185, 72.8426437, 0.0 ], [ 19.1501971, 72.8427335, 0.0 ], [ 19.1502114, 72.842839, 0.0 ], [ 19.1502232, 72.8429263, 0.0 ], [ 19.1502346, 72.8430105, 0.0 ], [ 19.1502392, 72.8430437, 0.0 ], [ 19.1502486, 72.8431129, 0.0 ], [ 19.1502493, 72.8431183, 0.0 ], [ 19.1502486, 72.8432233, 0.0 ], [ 19.1502484, 72.8432472, 0.0 ], [ 19.1502299, 72.8433172, 0.0 ], [ 19.1502173, 72.8433515, 0.0 ], [ 19.1502007, 72.8433968, 0.0 ], [ 19.1501695, 72.8434407, 0.0 ], [ 19.1500642, 72.8435888, 0.0 ], [ 19.1500053, 72.8436755, 0.0 ], [ 19.1499733, 72.8438349, 0.0 ], [ 19.1499516, 72.8438835, 0.0 ], [ 19.1497452, 72.8441522, 0.0 ], [ 19.1495071, 72.8444117, 0.0 ], [ 19.1494545, 72.8444506, 0.0 ], [ 19.1493612, 72.8445317, 0.0 ], [ 19.149177, 72.8446819, 0.0 ], [ 19.1490125, 72.8448153, 0.0 ], [ 19.1489843, 72.8448394, 0.0 ], [ 19.1489356, 72.844881, 0.0 ], [ 19.1489346, 72.8448819, 0.0 ], [ 19.1489338, 72.8448826, 0.0 ], [ 19.1489058, 72.8449065, 0.0 ], [ 19.1488673, 72.8449452, 0.0 ], [ 19.1488219, 72.844991, 0.0 ], [ 19.1487238, 72.8450716, 0.0 ], [ 19.1486991, 72.845088, 0.0 ], [ 19.1485395, 72.8451938, 0.0 ], [ 19.1484888, 72.845229, 0.0 ], [ 19.148461, 72.8452484, 0.0 ], [ 19.1483596, 72.8452862, 0.0 ], [ 19.1482514, 72.8453265, 0.0 ], [ 19.1481388, 72.8453693, 0.0 ], [ 19.1480551, 72.8453963, 0.0 ], [ 19.1480308, 72.8454016, 0.0 ], [ 19.147817, 72.8454489, 0.0 ], [ 19.1476873, 72.8454776, 0.0 ], [ 19.1476535, 72.8454859, 0.0 ], [ 19.1476326, 72.845491, 0.0 ], [ 19.1475427, 72.8454996, 0.0 ], [ 19.1475375, 72.8455031, 0.0 ], [ 19.1474544, 72.8455579, 0.0 ], [ 19.1474157, 72.8456166, 0.0 ], [ 19.1473382, 72.8457346, 0.0 ], [ 19.1472229, 72.8459116, 0.0 ], [ 19.1472184, 72.8459163, 0.0 ], [ 19.1471863, 72.8459649, 0.0 ], [ 19.1471761, 72.8459602, 0.0 ], [ 19.1470397, 72.8458979, 0.0 ], [ 19.147006, 72.8458822, 0.0 ], [ 19.1469973, 72.8458781, 0.0 ], [ 19.1469471, 72.8458546, 0.0 ], [ 19.1468812, 72.8458549, 0.0 ], [ 19.1467209, 72.8458554, 0.0 ], [ 19.1466816, 72.8458555, 0.0 ], [ 19.1465793, 72.8458559, 0.0 ], [ 19.1465215, 72.8459565, 0.0 ], [ 19.1464864, 72.8460175, 0.0 ], [ 19.1464506, 72.84608, 0.0 ], [ 19.1463368, 72.846278, 0.0 ], [ 19.1462641, 72.8463279, 0.0 ], [ 19.1462142, 72.8463621, 0.0 ], [ 19.1461747, 72.8463828, 0.0 ], [ 19.146139, 72.8464014, 0.0 ], [ 19.1461011, 72.8464213, 0.0 ], [ 19.1460955, 72.8464242, 0.0 ], [ 19.1461172, 72.8465034, 0.0 ], [ 19.1461188, 72.8465032, 0.0 ], [ 19.1461223, 72.8465163, 0.0 ], [ 19.146126, 72.8465308, 0.0 ], [ 19.1461208, 72.8465353, 0.0 ], [ 19.1461265, 72.8466734, 0.0 ], [ 19.146155, 72.8467661, 0.0 ], [ 19.1461791, 72.8468191, 0.0 ], [ 19.1462255, 72.8469215, 0.0 ], [ 19.1462514, 72.8469786, 0.0 ], [ 19.1462586, 72.8469933, 0.0 ], [ 19.1462691, 72.8470148, 0.0 ], [ 19.1462867, 72.8470511, 0.0 ], [ 19.1462896, 72.847057, 0.0 ], [ 19.1462984, 72.8471589, 0.0 ], [ 19.1462992, 72.8471677, 0.0 ], [ 19.146264, 72.8473769, 0.0 ], [ 19.1462398, 72.8474578, 0.0 ], [ 19.1462379, 72.8474643, 0.0 ], [ 19.146237, 72.8474673, 0.0 ], [ 19.1462354, 72.8474727, 0.0 ], [ 19.1461896, 72.8475581, 0.0 ], [ 19.1460915, 72.8477411, 0.0 ], [ 19.1458251, 72.8479635, 0.0 ], [ 19.1457764, 72.8480118, 0.0 ], [ 19.1455685, 72.8481718, 0.0 ], [ 19.1455377, 72.8481935, 0.0 ], [ 19.1454293, 72.8482697, 0.0 ], [ 19.1453869, 72.8482991, 0.0 ], [ 19.1453815, 72.8483013, 0.0 ], [ 19.1452734, 72.8483179, 0.0 ], [ 19.1452733, 72.8483179, 0.0 ], [ 19.1452032, 72.8483401, 0.0 ], [ 19.145073, 72.848368, 0.0 ], [ 19.1449753, 72.8483889, 0.0 ], [ 19.1448014, 72.8484361, 0.0 ], [ 19.144699, 72.8484595, 0.0 ], [ 19.1446414, 72.8484738, 0.0 ], [ 19.1444793, 72.8483935, 0.0 ], [ 19.1442465, 72.8483801, 0.0 ], [ 19.1441619, 72.8483752, 0.0 ], [ 19.1438419, 72.8483575, 0.0 ], [ 19.14375, 72.8487537, 0.0 ], [ 19.1437387, 72.8488056, 0.0 ], [ 19.1437321, 72.8488359, 0.0 ], [ 19.1436762, 72.8490534, 0.0 ], [ 19.1436761, 72.8490536, 0.0 ], [ 19.1436761, 72.8490538, 0.0 ], [ 19.143676, 72.8490539, 0.0 ], [ 19.143676, 72.8490542, 0.0 ], [ 19.1436268, 72.8492039, 0.0 ], [ 19.1436185, 72.8492469, 0.0 ], [ 19.1435852, 72.8494172, 0.0 ], [ 19.1435618, 72.8498897, 0.0 ], [ 19.142968, 72.8498107, 0.0 ], [ 19.1408105, 72.8495177, 0.0 ], [ 19.1382718, 72.8492428, 0.0 ], [ 19.137833, 72.8491952, 0.0 ], [ 19.1375801, 72.8491589, 0.0 ], [ 19.1369818, 72.8490729, 0.0 ], [ 19.1350499, 72.8487951, 0.0 ], [ 19.1323527, 72.8483988, 0.0 ], [ 19.1315887, 72.8482953, 0.0 ], [ 19.1305628, 72.8481562, 0.0 ], [ 19.1285439, 72.8479016, 0.0 ], [ 19.1270116, 72.8476808, 0.0 ], [ 19.1247347, 72.8473693, 0.0 ], [ 19.1232123, 72.8471835, 0.0 ], [ 19.1228937, 72.8471911, 0.0 ], [ 19.122575, 72.8471914, 0.0 ], [ 19.1222563, 72.8471844, 0.0 ], [ 19.1220923, 72.847178, 0.0 ], [ 19.1214368, 72.8470869, 0.0 ], [ 19.1189272, 72.8467076, 0.0 ], [ 19.1171943, 72.8464493, 0.0 ], [ 19.1162918, 72.8462955, 0.0 ], [ 19.1145826, 72.8460319, 0.0 ], [ 19.1126163, 72.8457916, 0.0 ], [ 19.1104201, 72.8454441, 0.0 ], [ 19.1080861, 72.8451384, 0.0 ], [ 19.1062819, 72.8448961, 0.0 ], [ 19.1051173, 72.8447508, 0.0 ], [ 19.1027403, 72.8444576, 0.0 ], [ 19.1027263, 72.8444559, 0.0 ], [ 19.1027122, 72.8444532, 0.0 ], [ 19.1019393, 72.8443058, 0.0 ], [ 19.1008688, 72.8441441, 0.0 ], [ 19.0987735, 72.8438704, 0.0 ], [ 19.0973659, 72.8437233, 0.0 ], [ 19.0956525, 72.8435048, 0.0 ], [ 19.0938243, 72.8432478, 0.0 ], [ 19.0926261, 72.8430779, 0.0 ], [ 19.0914425, 72.8429278, 0.0 ], [ 19.090497, 72.8427696, 0.0 ], [ 19.0904297, 72.8427616, 0.0 ], [ 19.0904379, 72.8426997, 0.0 ], [ 19.0905629, 72.8417528, 0.0 ], [ 19.0905666, 72.8416276, 0.0 ], [ 19.0905683, 72.8415514, 0.0 ], [ 19.0905573, 72.8414944, 0.0 ], [ 19.0905301, 72.8413777, 0.0 ], [ 19.0899169, 72.8395771, 0.0 ], [ 19.0899066, 72.8395424, 0.0 ], [ 19.0898808, 72.8394409, 0.0 ], [ 19.0898669, 72.8393809, 0.0 ], [ 19.0898534, 72.8393202, 0.0 ], [ 19.0898405, 72.8392594, 0.0 ], [ 19.0898281, 72.8391985, 0.0 ], [ 19.0898163, 72.8391374, 0.0 ], [ 19.089805, 72.8390763, 0.0 ], [ 19.0897942, 72.839015, 0.0 ], [ 19.0897841, 72.8389536, 0.0 ], [ 19.0897744, 72.8388921, 0.0 ], [ 19.0897653, 72.8388305, 0.0 ], [ 19.0897568, 72.8387689, 0.0 ], [ 19.0897488, 72.8387071, 0.0 ], [ 19.0897414, 72.8386453, 0.0 ], [ 19.0897346, 72.8385834, 0.0 ], [ 19.0897283, 72.8385214, 0.0 ], [ 19.0897225, 72.838459, 0.0 ], [ 19.08972, 72.8383931, 0.0 ], [ 19.0897187, 72.8383403, 0.0 ], [ 19.0897198, 72.8382745, 0.0 ], [ 19.089665, 72.838271, 0.0 ], [ 19.0896405, 72.8382695, 0.0 ], [ 19.0896285, 72.8382687, 0.0 ], [ 19.0895994, 72.8382669, 0.0 ], [ 19.0894759, 72.8382591, 0.0 ], [ 19.0893489, 72.838251, 0.0 ], [ 19.089192, 72.8382411, 0.0 ], [ 19.0890884, 72.8382346, 0.0 ], [ 19.0889589, 72.8382264, 0.0 ], [ 19.0887728, 72.8382146, 0.0 ], [ 19.0887066, 72.8382104, 0.0 ], [ 19.0885385, 72.8381998, 0.0 ], [ 19.0884305, 72.8381929, 0.0 ], [ 19.0883797, 72.8381897, 0.0 ], [ 19.0882609, 72.8381849, 0.0 ], [ 19.0882097, 72.8381828, 0.0 ], [ 19.0881489, 72.8381803, 0.0 ], [ 19.0880963, 72.8381782, 0.0 ], [ 19.0879118, 72.8381707, 0.0 ], [ 19.0877016, 72.8381621, 0.0 ], [ 19.087472, 72.8381528, 0.0 ], [ 19.0874448, 72.8381518, 0.0 ], [ 19.0872269, 72.8381441, 0.0 ], [ 19.0866802, 72.8381247, 0.0 ], [ 19.0866772, 72.8378739, 0.0 ], [ 19.0866022, 72.8366676, 0.0 ], [ 19.0865306, 72.8355623, 0.0 ], [ 19.0864826, 72.8348632, 0.0 ], [ 19.0864904, 72.8345177, 0.0 ], [ 19.0864901, 72.8345177, 0.0 ], [ 19.0864777, 72.8343599, 0.0 ], [ 19.0864907, 72.8343141, 0.0 ], [ 19.0864925, 72.8343079, 0.0 ], [ 19.0865202, 72.834234, 0.0 ], [ 19.0865871, 72.8340363, 0.0 ], [ 19.0865784, 72.8340297, 0.0 ], [ 19.0865609, 72.8340166, 0.0 ], [ 19.0865015, 72.8339631, 0.0 ], [ 19.0864853, 72.8337833, 0.0 ], [ 19.0864445, 72.8333301, 0.0 ], [ 19.0864428, 72.833312, 0.0 ], [ 19.0864231, 72.8329731, 0.0 ], [ 19.086405, 72.8328047, 0.0 ], [ 19.0863846, 72.8327033, 0.0 ], [ 19.0863825, 72.8326927, 0.0 ], [ 19.0863814, 72.8326871, 0.0 ], [ 19.0863772, 72.8326661, 0.0 ], [ 19.0863697, 72.8325217, 0.0 ], [ 19.08615, 72.8324762, 0.0 ], [ 19.0848643, 72.8322104, 0.0 ], [ 19.0848334, 72.832196, 0.0 ], [ 19.085355, 72.830407, 0.0 ], [ 19.0852748, 72.8303752, 0.0 ], [ 19.0852678, 72.8303726, 0.0 ], [ 19.0851955, 72.8303467, 0.0 ], [ 19.0851035, 72.8303145, 0.0 ], [ 19.0849465, 72.8302601, 0.0 ], [ 19.0847907, 72.8302055, 0.0 ], [ 19.0844881, 72.830098, 0.0 ], [ 19.0842729, 72.8300149, 0.0 ], [ 19.0842367, 72.8300008, 0.0 ], [ 19.0841958, 72.8299749, 0.0 ], [ 19.0840772, 72.8299309, 0.0 ], [ 19.0839289, 72.8298752, 0.0 ], [ 19.0839056, 72.829865, 0.0 ], [ 19.0838555, 72.8298431, 0.0 ], [ 19.0837103, 72.8297939, 0.0 ], [ 19.0826813, 72.8286004, 0.0 ], [ 19.0824715, 72.828524, 0.0 ], [ 19.0823575, 72.8283522, 0.0 ], [ 19.082348, 72.8283522, 0.0 ], [ 19.0821879, 72.8282575, 0.0 ], [ 19.0821253, 72.8282182, 0.0 ], [ 19.081822, 72.8280967, 0.0 ], [ 19.0817991, 72.8280876, 0.0 ], [ 19.0814084, 72.8279321, 0.0 ], [ 19.0813356, 72.8279039, 0.0 ], [ 19.0810799, 72.8278048, 0.0 ], [ 19.0809636, 72.8276792, 0.0 ], [ 19.0809385, 72.8276546, 0.0 ], [ 19.0808835, 72.8276004, 0.0 ], [ 19.0808601, 72.8275771, 0.0 ], [ 19.0807939, 72.8275112, 0.0 ], [ 19.0807882, 72.8275057, 0.0 ], [ 19.0807812, 72.8274989, 0.0 ], [ 19.0807538, 72.8273439, 0.0 ], [ 19.080695, 72.8272775, 0.0 ], [ 19.0805801, 72.8271479, 0.0 ], [ 19.0805413, 72.8270878, 0.0 ], [ 19.080402, 72.826872, 0.0 ], [ 19.0803705, 72.8267897, 0.0 ], [ 19.0803704, 72.8267893, 0.0 ], [ 19.0802674, 72.8265194, 0.0 ], [ 19.0799026, 72.8258844, 0.0 ], [ 19.0801984, 72.8253912, 0.0 ], [ 19.0804778, 72.8249255, 0.0 ], [ 19.0810366, 72.823994, 0.0 ], [ 19.0819706, 72.8234758, 0.0 ], [ 19.0822809, 72.8232175, 0.0 ], [ 19.082428, 72.8231006, 0.0 ], [ 19.082437, 72.8230934, 0.0 ], [ 19.0826651, 72.8232405, 0.0 ], [ 19.0829123, 72.8233999, 0.0 ], [ 19.0830951, 72.8231113, 0.0 ], [ 19.0832306, 72.8232581, 0.0 ], [ 19.0833232, 72.8233298, 0.0 ], [ 19.083373, 72.8233526, 0.0 ], [ 19.0834997, 72.8233822, 0.0 ], [ 19.083688, 72.8233902, 0.0 ], [ 19.0836877, 72.8238997, 0.0 ], [ 19.0839136, 72.8240454, 0.0 ], [ 19.0840396, 72.8241369, 0.0 ], [ 19.0842694, 72.8242481, 0.0 ], [ 19.0843599, 72.8242921, 0.0 ], [ 19.0843602, 72.8242922, 0.0 ], [ 19.084362, 72.8242931, 0.0 ], [ 19.0843621, 72.8242931, 0.0 ], [ 19.0843621, 72.8242932, 0.0 ], [ 19.0843628, 72.8242935, 0.0 ], [ 19.0843636, 72.8242939, 0.0 ], [ 19.0843639, 72.824294, 0.0 ], [ 19.084364, 72.8242941, 0.0 ], [ 19.0843645, 72.8242943, 0.0 ], [ 19.0844917, 72.8243562, 0.0 ], [ 19.0847714, 72.8244897, 0.0 ], [ 19.0849822, 72.8245907, 0.0 ], [ 19.0852177, 72.8247059, 0.0 ], [ 19.0854346, 72.8248135, 0.0 ], [ 19.0857001, 72.8249421, 0.0 ], [ 19.08595, 72.825064, 0.0 ], [ 19.0860691, 72.825122, 0.0 ], [ 19.0861721, 72.8251721, 0.0 ], [ 19.0863962, 72.8252798, 0.0 ], [ 19.0866428, 72.825396, 0.0 ], [ 19.0869602, 72.8255448, 0.0 ], [ 19.0871439, 72.8256299, 0.0 ], [ 19.0876235, 72.8258183, 0.0 ], [ 19.0876401, 72.8258263, 0.0 ], [ 19.0877281, 72.8258652, 0.0 ], [ 19.0880842, 72.8260227, 0.0 ], [ 19.0883811, 72.8261526, 0.0 ], [ 19.0884859, 72.8261758, 0.0 ], [ 19.0887971, 72.826241, 0.0 ], [ 19.0891541, 72.8263136, 0.0 ], [ 19.0895401, 72.826393, 0.0 ], [ 19.0898599, 72.826457, 0.0 ], [ 19.0902199, 72.8265314, 0.0 ], [ 19.0902683, 72.826542, 0.0 ], [ 19.090628, 72.8265352, 0.0 ], [ 19.0908311, 72.826531, 0.0 ], [ 19.0910394, 72.8265267, 0.0 ], [ 19.0912649, 72.8265229, 0.0 ], [ 19.0914458, 72.8265197, 0.0 ], [ 19.0915391, 72.826518, 0.0 ], [ 19.0918489, 72.8265121, 0.0 ], [ 19.0920801, 72.8265083, 0.0 ], [ 19.0923567, 72.8265012, 0.0 ], [ 19.0926503, 72.8264955, 0.0 ], [ 19.0927737, 72.8264933, 0.0 ], [ 19.0929583, 72.8264746, 0.0 ], [ 19.0933251, 72.8264368, 0.0 ], [ 19.0935188, 72.8264268, 0.0 ], [ 19.0937366, 72.8264165, 0.0 ], [ 19.0939716, 72.8264063, 0.0 ], [ 19.0942767, 72.8263934, 0.0 ], [ 19.094691, 72.8263693, 0.0 ], [ 19.0950209, 72.826349, 0.0 ], [ 19.0952819, 72.8263368, 0.0 ], [ 19.0956818, 72.8263106, 0.0 ], [ 19.0960327, 72.8262885, 0.0 ], [ 19.0962929, 72.826271, 0.0 ], [ 19.0963451, 72.82627, 0.0 ], [ 19.0963901, 72.8262688, 0.0 ], [ 19.096428, 72.8262593, 0.0 ], [ 19.0965595, 72.8262099, 0.0 ], [ 19.0966942, 72.8261705, 0.0 ], [ 19.0969679, 72.8260556, 0.0 ], [ 19.0971055, 72.8260119, 0.0 ], [ 19.0976028, 72.8258534, 0.0 ], [ 19.0976319, 72.8258441, 0.0 ], [ 19.0977402, 72.82581, 0.0 ], [ 19.0978717, 72.8257685, 0.0 ], [ 19.0981887, 72.8256723, 0.0 ], [ 19.0989278, 72.8253988, 0.0 ], [ 19.0990755, 72.825354, 0.0 ], [ 19.1013384, 72.8245934, 0.0 ], [ 19.102897, 72.8241548, 0.0 ], [ 19.1038231, 72.8240172, 0.0 ], [ 19.1050538, 72.8238617, 0.0 ], [ 19.1061121, 72.8236944, 0.0 ], [ 19.1077776, 72.8233241, 0.0 ], [ 19.1089807, 72.8230713, 0.0 ], [ 19.109866, 72.8228506, 0.0 ], [ 19.1118081, 72.8223372, 0.0 ], [ 19.1130759, 72.8219581, 0.0 ], [ 19.1148186, 72.8213915, 0.0 ], [ 19.1167177, 72.8205998, 0.0 ], [ 19.1199205, 72.8191077, 0.0 ], [ 19.121863, 72.8180067, 0.0 ], [ 19.1235924, 72.8167395, 0.0 ], [ 19.1269964, 72.8147197, 0.0 ], [ 19.1291872, 72.8135395, 0.0 ], [ 19.1293034, 72.813456, 0.0 ], [ 19.1298627, 72.813055, 0.0 ], [ 19.1299348, 72.8129919, 0.0 ], [ 19.1301048, 72.8128332, 0.0 ], [ 19.1301994, 72.8127494, 0.0 ], [ 19.1303011, 72.8126577, 0.0 ], [ 19.130434, 72.8125369, 0.0 ], [ 19.1308684, 72.8121382, 0.0 ], [ 19.1312955, 72.8117527, 0.0 ], [ 19.1316901, 72.8113912, 0.0 ], [ 19.1321721, 72.8110557, 0.0 ], [ 19.1325124, 72.8108209, 0.0 ], [ 19.1327093, 72.810681, 0.0 ], [ 19.1328526, 72.8105309, 0.0 ], [ 19.13306, 72.8104247, 0.0 ], [ 19.133285, 72.810304, 0.0 ], [ 19.1334586, 72.8102205, 0.0 ], [ 19.133623, 72.8101358, 0.0 ], [ 19.1337147, 72.8100448, 0.0 ], [ 19.1339477, 72.8098273, 0.0 ], [ 19.1340606, 72.8097168, 0.0 ], [ 19.134467, 72.8093398, 0.0 ], [ 19.134509, 72.8093004, 0.0 ], [ 19.1345708, 72.8092489, 0.0 ], [ 19.1346182, 72.809199, 0.0 ], [ 19.1347485, 72.80908, 0.0 ], [ 19.1349694, 72.8088728, 0.0 ], [ 19.1351561, 72.8086999, 0.0 ], [ 19.1354027, 72.8084648, 0.0 ], [ 19.1357116, 72.8081588, 0.0 ], [ 19.1358282, 72.8080482, 0.0 ], [ 19.1363138, 72.8075593, 0.0 ], [ 19.1366637, 72.807225, 0.0 ], [ 19.1369786, 72.8069319, 0.0 ], [ 19.1373281, 72.8065945, 0.0 ], [ 19.1375019, 72.8064352, 0.0 ], [ 19.1376118, 72.8063174, 0.0 ], [ 19.1381053, 72.8058782, 0.0 ], [ 19.1386675, 72.8053712, 0.0 ], [ 19.1388295, 72.8051956, 0.0 ], [ 19.1338624, 72.7965277, 0.0 ], [ 19.1337926, 72.7963494, 0.0 ], [ 19.1333866, 72.7956477, 0.0 ], [ 19.1331106, 72.7951847, 0.0 ], [ 19.1329184, 72.7948511, 0.0 ], [ 19.1328251, 72.794872, 0.0 ], [ 19.1328457, 72.7948806, 0.0 ], [ 19.1328613, 72.7948927, 0.0 ], [ 19.1328704, 72.794905, 0.0 ], [ 19.1328776, 72.7949208, 0.0 ], [ 19.1328813, 72.7949362, 0.0 ], [ 19.1328816, 72.7949555, 0.0 ], [ 19.1328758, 72.7949767, 0.0 ], [ 19.1328651, 72.7949949, 0.0 ], [ 19.1328515, 72.7950076, 0.0 ], [ 19.1328335, 72.7950173, 0.0 ], [ 19.1328139, 72.7950211, 0.0 ], [ 19.1327908, 72.7950183, 0.0 ], [ 19.1327737, 72.7950118, 0.0 ], [ 19.1327558, 72.7949959, 0.0 ], [ 19.1327454, 72.7949815, 0.0 ], [ 19.1327393, 72.7949646, 0.0 ], [ 19.1327372, 72.7949485, 0.0 ], [ 19.1327395, 72.7949366, 0.0 ], [ 19.1326635, 72.7949481, 0.0 ], [ 19.1324436, 72.7949824, 0.0 ], [ 19.132254, 72.7950132, 0.0 ], [ 19.1322761, 72.7950244, 0.0 ], [ 19.1322888, 72.7950358, 0.0 ], [ 19.1322995, 72.7950518, 0.0 ], [ 19.1323064, 72.7950702, 0.0 ], [ 19.1323074, 72.7950932, 0.0 ], [ 19.1323033, 72.79511, 0.0 ], [ 19.1322892, 72.7951361, 0.0 ], [ 19.1322695, 72.795152, 0.0 ], [ 19.132246, 72.7951602, 0.0 ], [ 19.1322145, 72.7951563, 0.0 ], [ 19.132193, 72.7951447, 0.0 ], [ 19.1321806, 72.7951314, 0.0 ], [ 19.1321702, 72.7951128, 0.0 ], [ 19.1321654, 72.7950947, 0.0 ], [ 19.132165, 72.7950777, 0.0 ], [ 19.1321699, 72.7950599, 0.0 ], [ 19.1321208, 72.7950413, 0.0 ], [ 19.1316167, 72.7951642, 0.0 ], [ 19.1314304, 72.7947025, 0.0 ], [ 19.1312898, 72.7943555, 0.0 ], [ 19.1310925, 72.7940413, 0.0 ], [ 19.1310111, 72.7938296, 0.0 ], [ 19.1309254, 72.7935964, 0.0 ], [ 19.1307022, 72.7929886, 0.0 ], [ 19.130819, 72.7927732, 0.0 ], [ 19.1309042, 72.7926163, 0.0 ], [ 19.1311177, 72.792233, 0.0 ], [ 19.1312227, 72.7920478, 0.0 ], [ 19.1312149, 72.7920373, 0.0 ], [ 19.1313374, 72.7918137, 0.0 ], [ 19.1313084, 72.7915298, 0.0 ], [ 19.1312007, 72.7904067, 0.0 ], [ 19.1311313, 72.7896217, 0.0 ], [ 19.1307647, 72.789228, 0.0 ], [ 19.1305208, 72.7889675, 0.0 ], [ 19.1304599, 72.7888908, 0.0 ], [ 19.1304477, 72.788875, 0.0 ], [ 19.1304248, 72.7888454, 0.0 ], [ 19.1303893, 72.7887994, 0.0 ], [ 19.130367, 72.7887705, 0.0 ], [ 19.1303331, 72.7887266, 0.0 ], [ 19.1298759, 72.7881416, 0.0 ], [ 19.1299209, 72.7879744, 0.0 ], [ 19.1299658, 72.7877907, 0.0 ], [ 19.1300118, 72.7875101, 0.0 ], [ 19.1300633, 72.7872027, 0.0 ], [ 19.1302744, 72.7871899, 0.0 ], [ 19.1303046, 72.7873825, 0.0 ], [ 19.1304265, 72.7880306, 0.0 ], [ 19.130777, 72.7880217, 0.0 ], [ 19.1310537, 72.7879514, 0.0 ], [ 19.1310589, 72.7879504, 0.0 ], [ 19.1316827, 72.7877915, 0.0 ], [ 19.1322998, 72.7877032, 0.0 ], [ 19.1326641, 72.787656, 0.0 ], [ 19.1329397, 72.7876827, 0.0 ], [ 19.1335639, 72.7877554, 0.0 ], [ 19.1338215, 72.7879356, 0.0 ], [ 19.1339929, 72.7880115, 0.0 ], [ 19.1342801, 72.7880737, 0.0 ], [ 19.1345158, 72.7881827, 0.0 ], [ 19.1345565, 72.7881879, 0.0 ], [ 19.1345601, 72.7881885, 0.0 ], [ 19.134565, 72.7881895, 0.0 ], [ 19.1346515, 72.7882106, 0.0 ], [ 19.1346518, 72.7882107, 0.0 ], [ 19.134657, 72.7882121, 0.0 ], [ 19.134661, 72.7882135, 0.0 ], [ 19.1347215, 72.7882365, 0.0 ], [ 19.1347227, 72.788237, 0.0 ], [ 19.1347277, 72.7882392, 0.0 ], [ 19.1347312, 72.788241, 0.0 ], [ 19.1347944, 72.7882752, 0.0 ], [ 19.1347955, 72.7882758, 0.0 ], [ 19.1347965, 72.7882764, 0.0 ], [ 19.1348413, 72.7883015, 0.0 ], [ 19.1352226, 72.7882703, 0.0 ], [ 19.1356591, 72.7883014, 0.0 ], [ 19.1365523, 72.7883732, 0.0 ], [ 19.1371576, 72.7885135, 0.0 ], [ 19.1374137, 72.7885186, 0.0 ], [ 19.1384547, 72.7885397, 0.0 ], [ 19.1386257, 72.7885419, 0.0 ], [ 19.138797, 72.788544, 0.0 ], [ 19.1392785, 72.7885522, 0.0 ], [ 19.1394017, 72.7884942, 0.0 ], [ 19.1394507, 72.7884749, 0.0 ], [ 19.139474, 72.7884658, 0.0 ], [ 19.1402639, 72.7881306, 0.0 ], [ 19.140435, 72.788179, 0.0 ], [ 19.1405962, 72.7881779, 0.0 ], [ 19.1416177, 72.7881988, 0.0 ], [ 19.1421209, 72.7876762, 0.0 ], [ 19.1431057, 72.787975, 0.0 ], [ 19.1434258, 72.7881713, 0.0 ], [ 19.1437011, 72.7881751, 0.0 ], [ 19.1439275, 72.7882166, 0.0 ], [ 19.1442544, 72.788398, 0.0 ], [ 19.1443975, 72.7885521, 0.0 ], [ 19.1446598, 72.7886451, 0.0 ], [ 19.144689, 72.7893094, 0.0 ], [ 19.14469, 72.7893117, 0.0 ], [ 19.1447085, 72.7893538, 0.0 ], [ 19.1447249, 72.7893909, 0.0 ], [ 19.1447515, 72.7894675, 0.0 ], [ 19.1447638, 72.7895084, 0.0 ], [ 19.1448033, 72.7896399, 0.0 ], [ 19.1448363, 72.7897399, 0.0 ], [ 19.1448404, 72.7897525, 0.0 ], [ 19.1448808, 72.7898752, 0.0 ], [ 19.1449178, 72.7899794, 0.0 ], [ 19.1449417, 72.790047, 0.0 ], [ 19.144967, 72.7901193, 0.0 ], [ 19.1449824, 72.7901631, 0.0 ], [ 19.144984, 72.7901856, 0.0 ], [ 19.1449841, 72.7901869, 0.0 ], [ 19.1449841, 72.790187, 0.0 ], [ 19.1449908, 72.7902983, 0.0 ], [ 19.1449732, 72.7904774, 0.0 ], [ 19.1449578, 72.7906191, 0.0 ], [ 19.1449465, 72.7907237, 0.0 ], [ 19.1449429, 72.7907623, 0.0 ], [ 19.1449385, 72.7908098, 0.0 ], [ 19.1449356, 72.7908416, 0.0 ], [ 19.144935, 72.7908484, 0.0 ], [ 19.1449283, 72.7909206, 0.0 ], [ 19.1449228, 72.7909803, 0.0 ], [ 19.1449183, 72.7910395, 0.0 ], [ 19.1449014, 72.7912611, 0.0 ], [ 19.1449009, 72.7912646, 0.0 ], [ 19.1448989, 72.7912804, 0.0 ], [ 19.1448919, 72.7913368, 0.0 ], [ 19.1448836, 72.7914451, 0.0 ], [ 19.1448832, 72.791446, 0.0 ], [ 19.1448622, 72.791498, 0.0 ], [ 19.14484, 72.7915422, 0.0 ], [ 19.144828, 72.7915661, 0.0 ], [ 19.1447839, 72.791654, 0.0 ], [ 19.1447797, 72.7916651, 0.0 ], [ 19.1447356, 72.7917669, 0.0 ], [ 19.1447313, 72.7917744, 0.0 ], [ 19.1447123, 72.7918141, 0.0 ], [ 19.1446661, 72.7919326, 0.0 ], [ 19.1446326, 72.7920187, 0.0 ], [ 19.1445664, 72.7921887, 0.0 ], [ 19.1445643, 72.7921953, 0.0 ], [ 19.1445359, 72.7922585, 0.0 ], [ 19.144223, 72.7929531, 0.0 ], [ 19.1442209, 72.7929583, 0.0 ], [ 19.1441551, 72.7930863, 0.0 ], [ 19.1438645, 72.7935282, 0.0 ], [ 19.1437827, 72.7936466, 0.0 ], [ 19.1437327, 72.7936862, 0.0 ], [ 19.1436842, 72.7937246, 0.0 ], [ 19.1436803, 72.7937279, 0.0 ], [ 19.1436688, 72.7937379, 0.0 ], [ 19.1435415, 72.7938477, 0.0 ], [ 19.143506, 72.7938782, 0.0 ], [ 19.1434928, 72.7938884, 0.0 ], [ 19.1434596, 72.7939138, 0.0 ], [ 19.1434178, 72.7939319, 0.0 ], [ 19.143405, 72.7939375, 0.0 ], [ 19.143397, 72.793941, 0.0 ], [ 19.1433753, 72.7939504, 0.0 ], [ 19.1433586, 72.7939718, 0.0 ], [ 19.1432946, 72.7940534, 0.0 ], [ 19.1432867, 72.7940653, 0.0 ], [ 19.1431294, 72.7943004, 0.0 ], [ 19.1429809, 72.7945262, 0.0 ], [ 19.1429764, 72.7945283, 0.0 ], [ 19.1429602, 72.7945355, 0.0 ], [ 19.1429408, 72.7945441, 0.0 ], [ 19.142796, 72.7946087, 0.0 ], [ 19.1427958, 72.7946153, 0.0 ], [ 19.1427917, 72.7947418, 0.0 ], [ 19.1427898, 72.7947994, 0.0 ], [ 19.1427896, 72.7948052, 0.0 ], [ 19.1427859, 72.7948414, 0.0 ], [ 19.1427741, 72.7949496, 0.0 ], [ 19.1427689, 72.7949974, 0.0 ], [ 19.1427676, 72.7950099, 0.0 ], [ 19.1427668, 72.7950173, 0.0 ], [ 19.1427664, 72.7950218, 0.0 ], [ 19.1427463, 72.7950349, 0.0 ], [ 19.1426268, 72.7951184, 0.0 ], [ 19.1426201, 72.795116, 0.0 ], [ 19.1425621, 72.7950949, 0.0 ], [ 19.1424431, 72.7950515, 0.0 ], [ 19.1423971, 72.79516, 0.0 ], [ 19.142373, 72.7953066, 0.0 ], [ 19.142371, 72.7953191, 0.0 ], [ 19.1422476, 72.795444, 0.0 ], [ 19.1421345, 72.7955565, 0.0 ], [ 19.142062, 72.7958485, 0.0 ], [ 19.1420528, 72.7958855, 0.0 ], [ 19.1420219, 72.7960094, 0.0 ], [ 19.1420214, 72.7960114, 0.0 ], [ 19.1420137, 72.7960423, 0.0 ], [ 19.1420079, 72.7960655, 0.0 ], [ 19.1420069, 72.7960695, 0.0 ], [ 19.1420073, 72.7960761, 0.0 ], [ 19.1420098, 72.7961184, 0.0 ], [ 19.1420138, 72.7961865, 0.0 ], [ 19.1420286, 72.7962685, 0.0 ], [ 19.1420422, 72.7963441, 0.0 ], [ 19.142048, 72.796376, 0.0 ], [ 19.1420939, 72.7966309, 0.0 ], [ 19.1421458, 72.796772, 0.0 ], [ 19.1421704, 72.7968109, 0.0 ], [ 19.1422448, 72.7969291, 0.0 ], [ 19.1423953, 72.7971677, 0.0 ], [ 19.1423979, 72.7971711, 0.0 ], [ 19.1424953, 72.7972957, 0.0 ], [ 19.1425259, 72.7973349, 0.0 ], [ 19.1426315, 72.7975302, 0.0 ], [ 19.1427068, 72.7977789, 0.0 ], [ 19.1427494, 72.7978813, 0.0 ], [ 19.1427838, 72.797964, 0.0 ], [ 19.1427988, 72.798006, 0.0 ], [ 19.1428203, 72.798066, 0.0 ], [ 19.1428272, 72.7980852, 0.0 ], [ 19.1428474, 72.7981417, 0.0 ], [ 19.1427903, 72.7981362, 0.0 ], [ 19.1427072, 72.7981314, 0.0 ], [ 19.142671, 72.7980756, 0.0 ], [ 19.1426677, 72.7980654, 0.0 ], [ 19.1426611, 72.7980456, 0.0 ], [ 19.1426408, 72.7980504, 0.0 ], [ 19.1426091, 72.7980579, 0.0 ], [ 19.1425423, 72.7980736, 0.0 ], [ 19.1425285, 72.7980768, 0.0 ], [ 19.1425136, 72.7980734, 0.0 ], [ 19.1424847, 72.7980667, 0.0 ], [ 19.1424082, 72.798078, 0.0 ], [ 19.1423896, 72.7980958, 0.0 ], [ 19.1414405, 72.7981334, 0.0 ], [ 19.140927, 72.7981626, 0.0 ], [ 19.140534, 72.7981766, 0.0 ], [ 19.1397755, 72.7982036, 0.0 ], [ 19.1397331, 72.7982091, 0.0 ], [ 19.1386274, 72.801277, 0.0 ], [ 19.1435565, 72.8035501, 0.0 ], [ 19.1445655, 72.8040205, 0.0 ], [ 19.1449753, 72.8041363, 0.0 ], [ 19.1449877, 72.8041398, 0.0 ], [ 19.1452147, 72.8042039, 0.0 ], [ 19.1470734, 72.8047293, 0.0 ], [ 19.1482529, 72.8052187, 0.0 ], [ 19.1499456, 72.8060217, 0.0 ], [ 19.1508503, 72.8067854, 0.0 ], [ 19.1518444, 72.8077687, 0.0 ], [ 19.1519739, 72.8078714, 0.0 ], [ 19.1523737, 72.8081672, 0.0 ], [ 19.152913, 72.8086141, 0.0 ], [ 19.1534747, 72.8091046, 0.0 ], [ 19.1540324, 72.8094625, 0.0 ], [ 19.1544283, 72.8097483, 0.0 ], [ 19.1544272, 72.8097491, 0.0 ], [ 19.1531131, 72.8110181, 0.0 ], [ 19.1519234, 72.812167, 0.0 ], [ 19.1526875, 72.8129712, 0.0 ], [ 19.152753, 72.8130424, 0.0 ], [ 19.1528212, 72.8131165, 0.0 ], [ 19.153264, 72.8137486, 0.0 ], [ 19.1535698, 72.8141851, 0.0 ], [ 19.1546999, 72.8158464, 0.0 ], [ 19.1562087, 72.8178729, 0.0 ], [ 19.1565348, 72.8182253, 0.0 ], [ 19.1563207, 72.8188764, 0.0 ], [ 19.1561924, 72.8192757, 0.0 ], [ 19.1560661, 72.8196604, 0.0 ], [ 19.1560376, 72.8197459, 0.0 ], [ 19.156003, 72.8198473, 0.0 ], [ 19.1559062, 72.8200267, 0.0 ], [ 19.1557028, 72.8203546, 0.0 ], [ 19.1555073, 72.820445, 0.0 ], [ 19.1552727, 72.8205542, 0.0 ], [ 19.1550054, 72.8206764, 0.0 ], [ 19.1543838, 72.8209655, 0.0 ], [ 19.1530407, 72.8213265, 0.0 ], [ 19.1528841, 72.8213686, 0.0 ], [ 19.1509964, 72.821876, 0.0 ], [ 19.1505362, 72.8219997, 0.0 ], [ 19.1505289, 72.8220016, 0.0 ], [ 19.1510069, 72.8228456, 0.0 ] ] ] } },
{ "type": "Feature", "id": 20, "properties": { "Name": "\n    A\n   ", "tessellate": 1, "extrude": 0, "visibility": -1, "NAME2": "A\n", "OBJECTID": 21, "Shape__Area": 11209490.9888, "Shape__Length": 23087.2903658 }, "geometry": { "type": "Polygon", "coordinates": [ [ [ 18.9129625, 72.8294731, 0.0 ], [ 18.9129538, 72.8294658, 0.0 ], [ 18.9129537, 72.8294658, 0.0 ], [ 18.9129537, 72.8294657, 0.0 ], [ 18.9129537, 72.8294657, 0.0 ], [ 18.912943, 72.8294568, 0.0 ], [ 18.9129324, 72.8294479, 0.0 ], [ 18.9129275, 72.8294433, 0.0 ], [ 18.9129192, 72.8294357, 0.0 ], [ 18.9129176, 72.8294339, 0.0 ], [ 18.9129176, 72.8294339, 0.0 ], [ 18.9129006, 72.8294161, 0.0 ], [ 18.9128859, 72.8293974, 0.0 ], [ 18.9128859, 72.8293974, 0.0 ], [ 18.9128255, 72.8293117, 0.0 ], [ 18.9128179, 72.8293008, 0.0 ], [ 18.9128163, 72.8292986, 0.0 ], [ 18.9128025, 72.829279, 0.0 ], [ 18.9127847, 72.8292537, 0.0 ], [ 18.9127393, 72.8291893, 0.0 ], [ 18.9127389, 72.8291888, 0.0 ], [ 18.9126448, 72.8290551, 0.0 ], [ 18.9126361, 72.8290419, 0.0 ], [ 18.912636, 72.8290418, 0.0 ], [ 18.9125979, 72.8289837, 0.0 ], [ 18.9125978, 72.8289835, 0.0 ], [ 18.9125845, 72.8289645, 0.0 ], [ 18.912583, 72.8289624, 0.0 ], [ 18.91258, 72.8289581, 0.0 ], [ 18.9125558, 72.8289236, 0.0 ], [ 18.9125541, 72.8289211, 0.0 ], [ 18.912554, 72.828921, 0.0 ], [ 18.9125372, 72.8288969, 0.0 ], [ 18.9124894, 72.8288244, 0.0 ], [ 18.9124747, 72.828802, 0.0 ], [ 18.9123896, 72.8286751, 0.0 ], [ 18.9123269, 72.8285826, 0.0 ], [ 18.9122981, 72.8285401, 0.0 ], [ 18.9122018, 72.8284043, 0.0 ], [ 18.9122018, 72.8284043, 0.0 ], [ 18.9122017, 72.8284042, 0.0 ], [ 18.9122013, 72.8284036, 0.0 ], [ 18.9121995, 72.828401, 0.0 ], [ 18.9121041, 72.8282614, 0.0 ], [ 18.9120807, 72.8282263, 0.0 ], [ 18.9120807, 72.8282262, 0.0 ], [ 18.9120805, 72.8282259, 0.0 ], [ 18.9120804, 72.8282258, 0.0 ], [ 18.9120804, 72.8282258, 0.0 ], [ 18.9119993, 72.8281038, 0.0 ], [ 18.9119993, 72.8281038, 0.0 ], [ 18.9119373, 72.8280084, 0.0 ], [ 18.9118868, 72.8279369, 0.0 ], [ 18.9118849, 72.8279342, 0.0 ], [ 18.9118704, 72.8279123, 0.0 ], [ 18.9118703, 72.8279122, 0.0 ], [ 18.9118702, 72.8279121, 0.0 ], [ 18.9118065, 72.8278163, 0.0 ], [ 18.9117722, 72.8277683, 0.0 ], [ 18.911696, 72.8276648, 0.0 ], [ 18.911642, 72.8275876, 0.0 ], [ 18.911642, 72.8275876, 0.0 ], [ 18.9115893, 72.8275114, 0.0 ], [ 18.9115873, 72.8275091, 0.0 ], [ 18.9115859, 72.8275076, 0.0 ], [ 18.9115015, 72.8273801, 0.0 ], [ 18.9114648, 72.8273248, 0.0 ], [ 18.9114299, 72.8272722, 0.0 ], [ 18.9113387, 72.8271342, 0.0 ], [ 18.9113384, 72.8271337, 0.0 ], [ 18.9112339, 72.8269755, 0.0 ], [ 18.9112338, 72.8269753, 0.0 ], [ 18.9112224, 72.8269581, 0.0 ], [ 18.9112199, 72.8269544, 0.0 ], [ 18.9112166, 72.8269493, 0.0 ], [ 18.9112154, 72.8269464, 0.0 ], [ 18.9112135, 72.8269416, 0.0 ], [ 18.9112121, 72.8269383, 0.0 ], [ 18.9111999, 72.8269263, 0.0 ], [ 18.9109581, 72.8268415, 0.0 ], [ 18.9109425, 72.8268372, 0.0 ], [ 18.9108673, 72.8268167, 0.0 ], [ 18.910715, 72.8267821, 0.0 ], [ 18.9104453, 72.8267082, 0.0 ], [ 18.9103823, 72.8268299, 0.0 ], [ 18.910382, 72.8268297, 0.0 ], [ 18.9101723, 72.8267146, 0.0 ], [ 18.9099225, 72.8265774, 0.0 ], [ 18.9088567, 72.8259371, 0.0 ], [ 18.9088071, 72.8259037, 0.0 ], [ 18.9087862, 72.8258897, 0.0 ], [ 18.9087635, 72.8258563, 0.0 ], [ 18.9082936, 72.8256484, 0.0 ], [ 18.9073382, 72.8250286, 0.0 ], [ 18.9073906, 72.8249291, 0.0 ], [ 18.9087006, 72.8237405, 0.0 ], [ 18.9087232, 72.8237195, 0.0 ], [ 18.9087232, 72.8237195, 0.0 ], [ 18.9087233, 72.8237194, 0.0 ], [ 18.9087233, 72.8237194, 0.0 ], [ 18.9088581, 72.8235939, 0.0 ], [ 18.9088582, 72.8235938, 0.0 ], [ 18.9095484, 72.8229514, 0.0 ], [ 18.9101719, 72.8223719, 0.0 ], [ 18.9102376, 72.8223109, 0.0 ], [ 18.9102523, 72.8222963, 0.0 ], [ 18.9101865, 72.8222315, 0.0 ], [ 18.9101719, 72.8222172, 0.0 ], [ 18.9095187, 72.8215792, 0.0 ], [ 18.9093807, 72.8214482, 0.0 ], [ 18.9086198, 72.8207328, 0.0 ], [ 18.9085787, 72.8206931, 0.0 ], [ 18.9084011, 72.820521, 0.0 ], [ 18.9084009, 72.8205209, 0.0 ], [ 18.9084008, 72.820521, 0.0 ], [ 18.9083572, 72.8205684, 0.0 ], [ 18.9083572, 72.8205685, 0.0 ], [ 18.9083572, 72.8205685, 0.0 ], [ 18.9083571, 72.8205685, 0.0 ], [ 18.9083571, 72.8205686, 0.0 ], [ 18.9082844, 72.8206477, 0.0 ], [ 18.9082517, 72.8206883, 0.0 ], [ 18.9071593, 72.8196478, 0.0 ], [ 18.9073048, 72.8194503, 0.0 ], [ 18.9071424, 72.8192977, 0.0 ], [ 18.9070565, 72.819217, 0.0 ], [ 18.9069446, 72.8191014, 0.0 ], [ 18.9064965, 72.8186491, 0.0 ], [ 18.906446, 72.8186029, 0.0 ], [ 18.9065411, 72.8184911, 0.0 ], [ 18.9065865, 72.8184377, 0.0 ], [ 18.9067881, 72.8181984, 0.0 ], [ 18.9070615, 72.8178738, 0.0 ], [ 18.9065357, 72.8174891, 0.0 ], [ 18.9063511, 72.8174635, 0.0 ], [ 18.9060463, 72.817671, 0.0 ], [ 18.9059153, 72.8177053, 0.0 ], [ 18.9058696, 72.8176884, 0.0 ], [ 18.9058334, 72.8176512, 0.0 ], [ 18.905792, 72.8175864, 0.0 ], [ 18.9057417, 72.8175795, 0.0 ], [ 18.905675, 72.817598, 0.0 ], [ 18.9054798, 72.8174574, 0.0 ], [ 18.9053762, 72.8173909, 0.0 ], [ 18.9052517, 72.8173725, 0.0 ], [ 18.9051231, 72.8174068, 0.0 ], [ 18.9049161, 72.8174873, 0.0 ], [ 18.9046586, 72.8175358, 0.0 ], [ 18.9045399, 72.8176077, 0.0 ], [ 18.9044148, 72.8177424, 0.0 ], [ 18.9043511, 72.817811, 0.0 ], [ 18.9043181, 72.8178441, 0.0 ], [ 18.9032317, 72.8175217, 0.0 ], [ 18.9029993, 72.8174504, 0.0 ], [ 18.9029918, 72.8178563, 0.0 ], [ 18.902997, 72.817936, 0.0 ], [ 18.9029321, 72.8179386, 0.0 ], [ 18.9029321, 72.8179389, 0.0 ], [ 18.9029005, 72.8179422, 0.0 ], [ 18.9028964, 72.8179424, 0.0 ], [ 18.9028334, 72.8179458, 0.0 ], [ 18.9027826, 72.8179486, 0.0 ], [ 18.9027806, 72.8179487, 0.0 ], [ 18.9027424, 72.8179538, 0.0 ], [ 18.9027442, 72.8179348, 0.0 ], [ 18.9027394, 72.8177315, 0.0 ], [ 18.9025196, 72.8177368, 0.0 ], [ 18.9025016, 72.8174232, 0.0 ], [ 18.9023198, 72.8174256, 0.0 ], [ 18.902326, 72.8176016, 0.0 ], [ 18.9023305, 72.8177597, 0.0 ], [ 18.9023306, 72.8177612, 0.0 ], [ 18.902334, 72.8179138, 0.0 ], [ 18.9023368, 72.8180332, 0.0 ], [ 18.9023368, 72.8180337, 0.0 ], [ 18.9023368, 72.8180339, 0.0 ], [ 18.9023331, 72.8180375, 0.0 ], [ 18.9023295, 72.8180411, 0.0 ], [ 18.9023279, 72.8180426, 0.0 ], [ 18.9023278, 72.8180427, 0.0 ], [ 18.9023276, 72.8180429, 0.0 ], [ 18.902325, 72.8180455, 0.0 ], [ 18.9023255, 72.8180653, 0.0 ], [ 18.9023255, 72.8180654, 0.0 ], [ 18.9023262, 72.8183313, 0.0 ], [ 18.9023262, 72.8183327, 0.0 ], [ 18.9023262, 72.818333, 0.0 ], [ 18.9023266, 72.8183572, 0.0 ], [ 18.9023266, 72.8183601, 0.0 ], [ 18.9023283, 72.8184635, 0.0 ], [ 18.9023283, 72.818524, 0.0 ], [ 18.9023283, 72.8185834, 0.0 ], [ 18.9023283, 72.8186046, 0.0 ], [ 18.9023286, 72.8187338, 0.0 ], [ 18.9023286, 72.8187366, 0.0 ], [ 18.9023287, 72.8187713, 0.0 ], [ 18.9023261, 72.8187757, 0.0 ], [ 18.9023255, 72.8187765, 0.0 ], [ 18.9023248, 72.8187778, 0.0 ], [ 18.9023246, 72.8187782, 0.0 ], [ 18.9023239, 72.8187793, 0.0 ], [ 18.9023205, 72.8187829, 0.0 ], [ 18.9023204, 72.8187829, 0.0 ], [ 18.9023204, 72.818783, 0.0 ], [ 18.90232, 72.8187834, 0.0 ], [ 18.9023179, 72.8187856, 0.0 ], [ 18.9023179, 72.8187856, 0.0 ], [ 18.9023167, 72.818786, 0.0 ], [ 18.90231, 72.8187879, 0.0 ], [ 18.9023099, 72.8187879, 0.0 ], [ 18.9023021, 72.8187868, 0.0 ], [ 18.9022992, 72.8187852, 0.0 ], [ 18.9022949, 72.8187829, 0.0 ], [ 18.9022903, 72.8187773, 0.0 ], [ 18.9022902, 72.8187772, 0.0 ], [ 18.9022878, 72.8187743, 0.0 ], [ 18.9022862, 72.8187684, 0.0 ], [ 18.9022856, 72.8187663, 0.0 ], [ 18.9022856, 72.8187551, 0.0 ], [ 18.9022856, 72.8187543, 0.0 ], [ 18.9022856, 72.8187537, 0.0 ], [ 18.9022854, 72.8187056, 0.0 ], [ 18.9022847, 72.8185975, 0.0 ], [ 18.9022803, 72.8183102, 0.0 ], [ 18.9022793, 72.8182061, 0.0 ], [ 18.9022794, 72.8181524, 0.0 ], [ 18.9022794, 72.8181511, 0.0 ], [ 18.9022794, 72.8181505, 0.0 ], [ 18.9022794, 72.8181497, 0.0 ], [ 18.9022794, 72.8181491, 0.0 ], [ 18.9022795, 72.8180687, 0.0 ], [ 18.9022626, 72.8180499, 0.0 ], [ 18.9022625, 72.8180498, 0.0 ], [ 18.9022622, 72.8180494, 0.0 ], [ 18.9022617, 72.8180489, 0.0 ], [ 18.9022616, 72.8180488, 0.0 ], [ 18.9022488, 72.8180345, 0.0 ], [ 18.9022488, 72.8180251, 0.0 ], [ 18.9022489, 72.8180052, 0.0 ], [ 18.9022493, 72.8179258, 0.0 ], [ 18.9022493, 72.8179254, 0.0 ], [ 18.9022493, 72.8179246, 0.0 ], [ 18.9022493, 72.8179236, 0.0 ], [ 18.90225, 72.8177983, 0.0 ], [ 18.90225, 72.817797, 0.0 ], [ 18.9022504, 72.8177357, 0.0 ], [ 18.9022504, 72.8176371, 0.0 ], [ 18.9022519, 72.8175412, 0.0 ], [ 18.902253, 72.817472, 0.0 ], [ 18.902138, 72.8173978, 0.0 ], [ 18.9020634, 72.8173485, 0.0 ], [ 18.9020057, 72.8173192, 0.0 ], [ 18.9019531, 72.8173198, 0.0 ], [ 18.9019027, 72.8173054, 0.0 ], [ 18.9018738, 72.8172832, 0.0 ], [ 18.9018483, 72.8173513, 0.0 ], [ 18.9017816, 72.8173698, 0.0 ], [ 18.9017168, 72.817348, 0.0 ], [ 18.9016782, 72.8173134, 0.0 ], [ 18.9016153, 72.8172464, 0.0 ], [ 18.9015387, 72.8172398, 0.0 ], [ 18.9014724, 72.8172132, 0.0 ], [ 18.9014657, 72.8172179, 0.0 ], [ 18.9014518, 72.8172217, 0.0 ], [ 18.9014518, 72.8172217, 0.0 ], [ 18.9014517, 72.8172217, 0.0 ], [ 18.9014497, 72.8172223, 0.0 ], [ 18.9014495, 72.8172223, 0.0 ], [ 18.9014425, 72.8172225, 0.0 ], [ 18.9014355, 72.8172227, 0.0 ], [ 18.9014148, 72.8172215, 0.0 ], [ 18.9014127, 72.8172205, 0.0 ], [ 18.9013996, 72.8172149, 0.0 ], [ 18.9013996, 72.8172149, 0.0 ], [ 18.9013954, 72.8172132, 0.0 ], [ 18.9013808, 72.8172013, 0.0 ], [ 18.9013808, 72.8172013, 0.0 ], [ 18.9013475, 72.8171743, 0.0 ], [ 18.9013203, 72.8171552, 0.0 ], [ 18.9013159, 72.8171514, 0.0 ], [ 18.9013156, 72.8171512, 0.0 ], [ 18.9013142, 72.8171499, 0.0 ], [ 18.9010563, 72.8172712, 0.0 ], [ 18.9007651, 72.8173001, 0.0 ], [ 18.9006046, 72.8172695, 0.0 ], [ 18.9004622, 72.8171458, 0.0 ], [ 18.9001976, 72.8170011, 0.0 ], [ 18.9000192, 72.8168729, 0.0 ], [ 18.8996867, 72.8166437, 0.0 ], [ 18.8994194, 72.8164714, 0.0 ], [ 18.8991751, 72.8162235, 0.0 ], [ 18.8989814, 72.816005, 0.0 ], [ 18.8986429, 72.8156704, 0.0 ], [ 18.8981957, 72.8152444, 0.0 ], [ 18.8975371, 72.8147181, 0.0 ], [ 18.8971828, 72.8144616, 0.0 ], [ 18.896891, 72.8142419, 0.0 ], [ 18.8967222, 72.8141135, 0.0 ], [ 18.896597, 72.8140323, 0.0 ], [ 18.8964667, 72.813926, 0.0 ], [ 18.8963609, 72.8138772, 0.0 ], [ 18.8962524, 72.8137957, 0.0 ], [ 18.8959568, 72.8136539, 0.0 ], [ 18.8957316, 72.8136066, 0.0 ], [ 18.895532, 72.8135038, 0.0 ], [ 18.8953704, 72.8133728, 0.0 ], [ 18.8952735, 72.8132636, 0.0 ], [ 18.8952468, 72.8132313, 0.0 ], [ 18.8952342, 72.8131712, 0.0 ], [ 18.8952001, 72.8131189, 0.0 ], [ 18.8951494, 72.8130744, 0.0 ], [ 18.8950784, 72.8129347, 0.0 ], [ 18.8950529, 72.8127944, 0.0 ], [ 18.8950135, 72.8126945, 0.0 ], [ 18.8949864, 72.8126245, 0.0 ], [ 18.8949569, 72.8125571, 0.0 ], [ 18.8949176, 72.8124698, 0.0 ], [ 18.8949164, 72.8123643, 0.0 ], [ 18.8949419, 72.8122987, 0.0 ], [ 18.894958, 72.8122199, 0.0 ], [ 18.8950431, 72.8119158, 0.0 ], [ 18.8951737, 72.8116477, 0.0 ], [ 18.8951658, 72.8116071, 0.0 ], [ 18.8951679, 72.8116007, 0.0 ], [ 18.8951679, 72.8116007, 0.0 ], [ 18.895168, 72.8116006, 0.0 ], [ 18.8951685, 72.811599, 0.0 ], [ 18.8951687, 72.8115985, 0.0 ], [ 18.8951692, 72.8115969, 0.0 ], [ 18.8951693, 72.8115967, 0.0 ], [ 18.8951694, 72.8115964, 0.0 ], [ 18.8951713, 72.8115907, 0.0 ], [ 18.8951916, 72.8114576, 0.0 ], [ 18.8952079, 72.8113239, 0.0 ], [ 18.895208, 72.8113231, 0.0 ], [ 18.8952077, 72.811319, 0.0 ], [ 18.895204, 72.811255, 0.0 ], [ 18.8951958, 72.8110678, 0.0 ], [ 18.8951904, 72.8109868, 0.0 ], [ 18.8951899, 72.8109868, 0.0 ], [ 18.8951888, 72.8109868, 0.0 ], [ 18.8951811, 72.8109871, 0.0 ], [ 18.8951811, 72.810987, 0.0 ], [ 18.8951809, 72.8109858, 0.0 ], [ 18.8951796, 72.8109796, 0.0 ], [ 18.8951793, 72.8109784, 0.0 ], [ 18.8951793, 72.8109784, 0.0 ], [ 18.8951793, 72.8109783, 0.0 ], [ 18.8951786, 72.8109752, 0.0 ], [ 18.8951808, 72.8109744, 0.0 ], [ 18.8951809, 72.8109743, 0.0 ], [ 18.8951833, 72.8109734, 0.0 ], [ 18.8951837, 72.8109732, 0.0 ], [ 18.8951839, 72.8109732, 0.0 ], [ 18.8951887, 72.8109713, 0.0 ], [ 18.8951866, 72.810966, 0.0 ], [ 18.895186, 72.8109648, 0.0 ], [ 18.8951594, 72.8108996, 0.0 ], [ 18.8951594, 72.8108996, 0.0 ], [ 18.895136, 72.8108424, 0.0 ], [ 18.8951357, 72.8108426, 0.0 ], [ 18.8951347, 72.810843, 0.0 ], [ 18.8951254, 72.8108473, 0.0 ], [ 18.895125, 72.8108475, 0.0 ], [ 18.8951193, 72.8108356, 0.0 ], [ 18.8951222, 72.8108345, 0.0 ], [ 18.8951224, 72.8108344, 0.0 ], [ 18.8951283, 72.8108321, 0.0 ], [ 18.8951284, 72.8108321, 0.0 ], [ 18.8951319, 72.8108307, 0.0 ], [ 18.8951308, 72.810829, 0.0 ], [ 18.8951297, 72.8108274, 0.0 ], [ 18.8951291, 72.8108265, 0.0 ], [ 18.8951291, 72.8108265, 0.0 ], [ 18.8951289, 72.8108262, 0.0 ], [ 18.8951286, 72.8108258, 0.0 ], [ 18.8951286, 72.8108257, 0.0 ], [ 18.8951259, 72.8108217, 0.0 ], [ 18.8951258, 72.8108217, 0.0 ], [ 18.8951229, 72.8108174, 0.0 ], [ 18.8950988, 72.8107943, 0.0 ], [ 18.895098, 72.8107936, 0.0 ], [ 18.8950889, 72.8107848, 0.0 ], [ 18.8950505, 72.8107507, 0.0 ], [ 18.8950501, 72.8107501, 0.0 ], [ 18.8950124, 72.8106931, 0.0 ], [ 18.8949947, 72.8106679, 0.0 ], [ 18.8949938, 72.8106666, 0.0 ], [ 18.8949928, 72.8106652, 0.0 ], [ 18.8949928, 72.8106652, 0.0 ], [ 18.8949625, 72.8106219, 0.0 ], [ 18.8949326, 72.8105761, 0.0 ], [ 18.8949323, 72.8105757, 0.0 ], [ 18.8949033, 72.8105315, 0.0 ], [ 18.8949031, 72.8105316, 0.0 ], [ 18.8948362, 72.8105837, 0.0 ], [ 18.8948199, 72.8105964, 0.0 ], [ 18.8948198, 72.8105963, 0.0 ], [ 18.894817, 72.8105924, 0.0 ], [ 18.8947948, 72.8105613, 0.0 ], [ 18.8947969, 72.8105597, 0.0 ], [ 18.894797, 72.8105597, 0.0 ], [ 18.8948794, 72.8104993, 0.0 ], [ 18.8948793, 72.8104992, 0.0 ], [ 18.8948783, 72.810498, 0.0 ], [ 18.8948769, 72.8104962, 0.0 ], [ 18.8948661, 72.8104829, 0.0 ], [ 18.8948659, 72.8104826, 0.0 ], [ 18.8948658, 72.8104824, 0.0 ], [ 18.8948641, 72.8104803, 0.0 ], [ 18.8948517, 72.810465, 0.0 ], [ 18.8948487, 72.8104654, 0.0 ], [ 18.8948459, 72.8104658, 0.0 ], [ 18.8948442, 72.810466, 0.0 ], [ 18.8948411, 72.8104668, 0.0 ], [ 18.8948409, 72.8104669, 0.0 ], [ 18.8948375, 72.8104678, 0.0 ], [ 18.8948371, 72.8104679, 0.0 ], [ 18.8948336, 72.8104643, 0.0 ], [ 18.8948323, 72.8104629, 0.0 ], [ 18.8948319, 72.8104611, 0.0 ], [ 18.8948309, 72.8104565, 0.0 ], [ 18.8948316, 72.8104547, 0.0 ], [ 18.8948353, 72.8104455, 0.0 ], [ 18.8948353, 72.8104454, 0.0 ], [ 18.8948347, 72.8104447, 0.0 ], [ 18.8948256, 72.8104328, 0.0 ], [ 18.8948253, 72.810433, 0.0 ], [ 18.8948208, 72.8104357, 0.0 ], [ 18.8948161, 72.8104386, 0.0 ], [ 18.8948157, 72.8104388, 0.0 ], [ 18.8948113, 72.8104321, 0.0 ], [ 18.8948133, 72.81043, 0.0 ], [ 18.8948176, 72.8104252, 0.0 ], [ 18.8948185, 72.8104242, 0.0 ], [ 18.8948165, 72.8104213, 0.0 ], [ 18.8948109, 72.8104129, 0.0 ], [ 18.8947717, 72.8103543, 0.0 ], [ 18.8947634, 72.8103417, 0.0 ], [ 18.8947629, 72.8103411, 0.0 ], [ 18.8947622, 72.81034, 0.0 ], [ 18.8947195, 72.8102755, 0.0 ], [ 18.8946888, 72.8102292, 0.0 ], [ 18.8946663, 72.8101968, 0.0 ], [ 18.8946634, 72.8101926, 0.0 ], [ 18.894663, 72.810192, 0.0 ], [ 18.894647, 72.810169, 0.0 ], [ 18.8945467, 72.8101539, 0.0 ], [ 18.8945465, 72.8101539, 0.0 ], [ 18.8945013, 72.8101483, 0.0 ], [ 18.8944731, 72.8101579, 0.0 ], [ 18.8944728, 72.810158, 0.0 ], [ 18.8944708, 72.8101586, 0.0 ], [ 18.8944699, 72.8101588, 0.0 ], [ 18.8943647, 72.8101893, 0.0 ], [ 18.8942509, 72.8101035, 0.0 ], [ 18.8941697, 72.8100357, 0.0 ], [ 18.8940868, 72.8099699, 0.0 ], [ 18.8940823, 72.8099663, 0.0 ], [ 18.8940791, 72.8099636, 0.0 ], [ 18.894079, 72.8099636, 0.0 ], [ 18.8940161, 72.8099116, 0.0 ], [ 18.8939979, 72.809884, 0.0 ], [ 18.8939894, 72.8098668, 0.0 ], [ 18.8939778, 72.8098432, 0.0 ], [ 18.8939681, 72.8098133, 0.0 ], [ 18.8939635, 72.8098, 0.0 ], [ 18.8939603, 72.8097905, 0.0 ], [ 18.8939598, 72.8097872, 0.0 ], [ 18.8939564, 72.8097619, 0.0 ], [ 18.8939566, 72.8097308, 0.0 ], [ 18.8939566, 72.8097308, 0.0 ], [ 18.8939566, 72.8097307, 0.0 ], [ 18.893971, 72.8096349, 0.0 ], [ 18.8939905, 72.8095232, 0.0 ], [ 18.8940297, 72.809469, 0.0 ], [ 18.8940459, 72.8094466, 0.0 ], [ 18.8940545, 72.8094424, 0.0 ], [ 18.894059, 72.8094403, 0.0 ], [ 18.8940591, 72.8094402, 0.0 ], [ 18.8940593, 72.8094401, 0.0 ], [ 18.8940594, 72.80944, 0.0 ], [ 18.8940597, 72.8094399, 0.0 ], [ 18.8940597, 72.8094399, 0.0 ], [ 18.8940598, 72.8094399, 0.0 ], [ 18.8940641, 72.8094378, 0.0 ], [ 18.8940641, 72.8094377, 0.0 ], [ 18.8940665, 72.8094366, 0.0 ], [ 18.8940702, 72.8094218, 0.0 ], [ 18.8940702, 72.8094217, 0.0 ], [ 18.8940759, 72.8093985, 0.0 ], [ 18.8940761, 72.809398, 0.0 ], [ 18.8940761, 72.8093979, 0.0 ], [ 18.8940806, 72.8093799, 0.0 ], [ 18.8940806, 72.8093798, 0.0 ], [ 18.8940871, 72.8093538, 0.0 ], [ 18.8941028, 72.8092971, 0.0 ], [ 18.8941032, 72.8092958, 0.0 ], [ 18.8941038, 72.8092933, 0.0 ], [ 18.894111, 72.8092675, 0.0 ], [ 18.894111, 72.8092673, 0.0 ], [ 18.8941202, 72.8092339, 0.0 ], [ 18.8941431, 72.8091902, 0.0 ], [ 18.8941437, 72.809189, 0.0 ], [ 18.8941309, 72.8091792, 0.0 ], [ 18.8941188, 72.8091699, 0.0 ], [ 18.8941122, 72.8091607, 0.0 ], [ 18.8941141, 72.8091558, 0.0 ], [ 18.8941141, 72.8091558, 0.0 ], [ 18.8941141, 72.8091557, 0.0 ], [ 18.8941145, 72.8091546, 0.0 ], [ 18.8941149, 72.8091536, 0.0 ], [ 18.8941173, 72.8091473, 0.0 ], [ 18.8941302, 72.80913, 0.0 ], [ 18.8941303, 72.8091299, 0.0 ], [ 18.8941335, 72.8091256, 0.0 ], [ 18.8941571, 72.8090941, 0.0 ], [ 18.8942876, 72.8089114, 0.0 ], [ 18.8942878, 72.8089111, 0.0 ], [ 18.8942954, 72.8089005, 0.0 ], [ 18.8944132, 72.8087442, 0.0 ], [ 18.8944492, 72.8086934, 0.0 ], [ 18.8946015, 72.8084782, 0.0 ], [ 18.8947617, 72.8082536, 0.0 ], [ 18.8949593, 72.808, 0.0 ], [ 18.8951376, 72.8078003, 0.0 ], [ 18.8953723, 72.8075275, 0.0 ], [ 18.8955114, 72.8073793, 0.0 ], [ 18.8955116, 72.8073792, 0.0 ], [ 18.8955597, 72.8073279, 0.0 ], [ 18.8956316, 72.8072522, 0.0 ], [ 18.895897, 72.8069727, 0.0 ], [ 18.896, 72.806878, 0.0 ], [ 18.8960235, 72.8068564, 0.0 ], [ 18.8960299, 72.8068505, 0.0 ], [ 18.8962195, 72.8066764, 0.0 ], [ 18.8964116, 72.8064769, 0.0 ], [ 18.8966637, 72.8062634, 0.0 ], [ 18.8969715, 72.8060162, 0.0 ], [ 18.8970962, 72.8059096, 0.0 ], [ 18.897261, 72.8057687, 0.0 ], [ 18.89755, 72.8055508, 0.0 ], [ 18.8976309, 72.8054937, 0.0 ], [ 18.8977828, 72.8053864, 0.0 ], [ 18.8980135, 72.8052278, 0.0 ], [ 18.8981134, 72.8051592, 0.0 ], [ 18.8982802, 72.8050607, 0.0 ], [ 18.8982804, 72.8050606, 0.0 ], [ 18.8984155, 72.8049809, 0.0 ], [ 18.8986049, 72.8048623, 0.0 ], [ 18.8987098, 72.8047967, 0.0 ], [ 18.8987102, 72.8047964, 0.0 ], [ 18.8987317, 72.804783, 0.0 ], [ 18.8987472, 72.8047743, 0.0 ], [ 18.8990015, 72.8046429, 0.0 ], [ 18.8992629, 72.8045313, 0.0 ], [ 18.8996529, 72.8044049, 0.0 ], [ 18.8999152, 72.804334, 0.0 ], [ 18.9004332, 72.8041857, 0.0 ], [ 18.9009917, 72.8040519, 0.0 ], [ 18.9018788, 72.80386, 0.0 ], [ 18.9023525, 72.803768, 0.0 ], [ 18.9023527, 72.8037679, 0.0 ], [ 18.9024375, 72.8037513, 0.0 ], [ 18.9027708, 72.8036952, 0.0 ], [ 18.9028679, 72.8036797, 0.0 ], [ 18.9030339, 72.8036532, 0.0 ], [ 18.9030846, 72.8036479, 0.0 ], [ 18.9030847, 72.8036479, 0.0 ], [ 18.9032136, 72.8036345, 0.0 ], [ 18.9032966, 72.8036277, 0.0 ], [ 18.9032966, 72.8036277, 0.0 ], [ 18.9033845, 72.8036205, 0.0 ], [ 18.9035819, 72.8035784, 0.0 ], [ 18.9037482, 72.8035743, 0.0 ], [ 18.9037483, 72.8035743, 0.0 ], [ 18.9037485, 72.8035743, 0.0 ], [ 18.9037486, 72.8035743, 0.0 ], [ 18.9037488, 72.8035743, 0.0 ], [ 18.9037492, 72.8035742, 0.0 ], [ 18.9037495, 72.8035742, 0.0 ], [ 18.9037498, 72.8035742, 0.0 ], [ 18.9037659, 72.8035738, 0.0 ], [ 18.9041029, 72.8035463, 0.0 ], [ 18.90453, 72.8035507, 0.0 ], [ 18.9046658, 72.8035454, 0.0 ], [ 18.9048104, 72.8035447, 0.0 ], [ 18.9048414, 72.8035438, 0.0 ], [ 18.9048416, 72.8035438, 0.0 ], [ 18.9048419, 72.8035438, 0.0 ], [ 18.9048421, 72.8035438, 0.0 ], [ 18.9048424, 72.8035438, 0.0 ], [ 18.9048427, 72.8035438, 0.0 ], [ 18.9048428, 72.8035438, 0.0 ], [ 18.9048431, 72.8035438, 0.0 ], [ 18.9048431, 72.8035438, 0.0 ], [ 18.9050119, 72.803539, 0.0 ], [ 18.9050884, 72.8035386, 0.0 ], [ 18.9050886, 72.8035386, 0.0 ], [ 18.9050887, 72.8035386, 0.0 ], [ 18.9051521, 72.8035383, 0.0 ], [ 18.9052573, 72.8035425, 0.0 ], [ 18.9053014, 72.8035482, 0.0 ], [ 18.9055333, 72.8035599, 0.0 ], [ 18.905616, 72.8035595, 0.0 ], [ 18.9056513, 72.8035594, 0.0 ], [ 18.9056515, 72.8035594, 0.0 ], [ 18.9062035, 72.8036022, 0.0 ], [ 18.9067206, 72.8037046, 0.0 ], [ 18.9072097, 72.8037943, 0.0 ], [ 18.9073778, 72.8038242, 0.0 ], [ 18.9080845, 72.8039875, 0.0 ], [ 18.9084154, 72.8040963, 0.0 ], [ 18.9086312, 72.8041818, 0.0 ], [ 18.9087151, 72.8042141, 0.0 ], [ 18.9087151, 72.8042141, 0.0 ], [ 18.9088022, 72.8042478, 0.0 ], [ 18.9090316, 72.8043298, 0.0 ], [ 18.9090317, 72.8043299, 0.0 ], [ 18.9090516, 72.804337, 0.0 ], [ 18.9092689, 72.8044318, 0.0 ], [ 18.9094397, 72.8044879, 0.0 ], [ 18.9095303, 72.8045305, 0.0 ], [ 18.9095507, 72.8045402, 0.0 ], [ 18.9095511, 72.8045403, 0.0 ], [ 18.9096883, 72.8046033, 0.0 ], [ 18.9097264, 72.8046208, 0.0 ], [ 18.9102116, 72.8048464, 0.0 ], [ 18.9111341, 72.8054563, 0.0 ], [ 18.912132, 72.8061467, 0.0 ], [ 18.9126453, 72.8064764, 0.0 ], [ 18.9130564, 72.8067769, 0.0 ], [ 18.9135115, 72.8071074, 0.0 ], [ 18.9140274, 72.8075174, 0.0 ], [ 18.9144236, 72.8078425, 0.0 ], [ 18.9148153, 72.8081673, 0.0 ], [ 18.9163087, 72.8093927, 0.0 ], [ 18.9165889, 72.8096209, 0.0 ], [ 18.9167449, 72.8097481, 0.0 ], [ 18.9169981, 72.8099543, 0.0 ], [ 18.9173831, 72.810279, 0.0 ], [ 18.9182117, 72.8110316, 0.0 ], [ 18.9214694, 72.8141375, 0.0 ], [ 18.9251876, 72.8177449, 0.0 ], [ 18.9255111, 72.8180409, 0.0 ], [ 18.9255115, 72.8180413, 0.0 ], [ 18.9255116, 72.8180414, 0.0 ], [ 18.9255116, 72.8180414, 0.0 ], [ 18.9255836, 72.8181032, 0.0 ], [ 18.9256974, 72.8182008, 0.0 ], [ 18.9256974, 72.8182008, 0.0 ], [ 18.925847, 72.8183343, 0.0 ], [ 18.9261735, 72.8186166, 0.0 ], [ 18.9261815, 72.8186236, 0.0 ], [ 18.9262422, 72.8186777, 0.0 ], [ 18.9263517, 72.8187755, 0.0 ], [ 18.9266003, 72.8189898, 0.0 ], [ 18.9266552, 72.8190371, 0.0 ], [ 18.9271006, 72.8194613, 0.0 ], [ 18.9272255, 72.8195646, 0.0 ], [ 18.9272446, 72.8195803, 0.0 ], [ 18.9272474, 72.8195828, 0.0 ], [ 18.9272628, 72.8195964, 0.0 ], [ 18.9273041, 72.8196327, 0.0 ], [ 18.9273691, 72.8196899, 0.0 ], [ 18.9274682, 72.8197668, 0.0 ], [ 18.9276347, 72.8198961, 0.0 ], [ 18.9276364, 72.8198973, 0.0 ], [ 18.9276523, 72.8199106, 0.0 ], [ 18.927843, 72.82007, 0.0 ], [ 18.9280497, 72.8202426, 0.0 ], [ 18.9282832, 72.8204481, 0.0 ], [ 18.9285625, 72.8206846, 0.0 ], [ 18.9288366, 72.8209166, 0.0 ], [ 18.928954, 72.8210154, 0.0 ], [ 18.9295742, 72.8215046, 0.0 ], [ 18.9296978, 72.821595, 0.0 ], [ 18.9297164, 72.8216086, 0.0 ], [ 18.9297699, 72.8216478, 0.0 ], [ 18.9302519, 72.8219483, 0.0 ], [ 18.9303389, 72.8219939, 0.0 ], [ 18.9304317, 72.8220436, 0.0 ], [ 18.9305061, 72.8220861, 0.0 ], [ 18.9306718, 72.8221752, 0.0 ], [ 18.9310013, 72.8223451, 0.0 ], [ 18.9310938, 72.8223911, 0.0 ], [ 18.9311864, 72.8224371, 0.0 ], [ 18.9311864, 72.8224371, 0.0 ], [ 18.9311865, 72.8224372, 0.0 ], [ 18.9313981, 72.8225423, 0.0 ], [ 18.9315878, 72.8226271, 0.0 ], [ 18.9318958, 72.8227625, 0.0 ], [ 18.9319678, 72.8227917, 0.0 ], [ 18.9320964, 72.8228435, 0.0 ], [ 18.9320965, 72.8228436, 0.0 ], [ 18.9320966, 72.8228436, 0.0 ], [ 18.9322449, 72.8229035, 0.0 ], [ 18.9326162, 72.8230402, 0.0 ], [ 18.9326165, 72.8230403, 0.0 ], [ 18.9326168, 72.8230404, 0.0 ], [ 18.9326169, 72.8230405, 0.0 ], [ 18.9326171, 72.8230406, 0.0 ], [ 18.9326173, 72.8230406, 0.0 ], [ 18.9329229, 72.8231532, 0.0 ], [ 18.9335972, 72.8233966, 0.0 ], [ 18.9340049, 72.8235093, 0.0 ], [ 18.9340539, 72.8235236, 0.0 ], [ 18.934081, 72.8235314, 0.0 ], [ 18.9342613, 72.823568, 0.0 ], [ 18.9342618, 72.8235681, 0.0 ], [ 18.9342622, 72.8235682, 0.0 ], [ 18.9342623, 72.8235682, 0.0 ], [ 18.9342631, 72.8235684, 0.0 ], [ 18.9343786, 72.8235918, 0.0 ], [ 18.9344735, 72.8236153, 0.0 ], [ 18.9344918, 72.8236197, 0.0 ], [ 18.9345026, 72.8236223, 0.0 ], [ 18.9345113, 72.8236244, 0.0 ], [ 18.934519, 72.8236262, 0.0 ], [ 18.934519, 72.8236263, 0.0 ], [ 18.9345191, 72.8236263, 0.0 ], [ 18.9345676, 72.8236379, 0.0 ], [ 18.9347255, 72.8236724, 0.0 ], [ 18.934796, 72.8236867, 0.0 ], [ 18.934796, 72.8236867, 0.0 ], [ 18.934796, 72.8236867, 0.0 ], [ 18.9347962, 72.8236867, 0.0 ], [ 18.9347963, 72.8236868, 0.0 ], [ 18.9349023, 72.8237083, 0.0 ], [ 18.9350448, 72.823735, 0.0 ], [ 18.9352102, 72.8237663, 0.0 ], [ 18.935214, 72.8237669, 0.0 ], [ 18.9352141, 72.823767, 0.0 ], [ 18.9352141, 72.823767, 0.0 ], [ 18.9353531, 72.8237907, 0.0 ], [ 18.9354064, 72.8237992, 0.0 ], [ 18.9354486, 72.8238059, 0.0 ], [ 18.9354807, 72.8238123, 0.0 ], [ 18.9354808, 72.8238123, 0.0 ], [ 18.935493, 72.8238147, 0.0 ], [ 18.935537, 72.8238221, 0.0 ], [ 18.9355995, 72.8238323, 0.0 ], [ 18.9355996, 72.8238323, 0.0 ], [ 18.9356302, 72.8238373, 0.0 ], [ 18.9358127, 72.8238658, 0.0 ], [ 18.9359675, 72.8238875, 0.0 ], [ 18.9360721, 72.8239007, 0.0 ], [ 18.9360723, 72.8239007, 0.0 ], [ 18.9361294, 72.8239079, 0.0 ], [ 18.9362358, 72.8239185, 0.0 ], [ 18.936275, 72.8239213, 0.0 ], [ 18.9363897, 72.8239329, 0.0 ], [ 18.9363898, 72.8239329, 0.0 ], [ 18.9365098, 72.8239431, 0.0 ], [ 18.9366786, 72.8239552, 0.0 ], [ 18.9367863, 72.823961, 0.0 ], [ 18.9367864, 72.823961, 0.0 ], [ 18.9368023, 72.8239619, 0.0 ], [ 18.9368046, 72.8239621, 0.0 ], [ 18.9368047, 72.8239621, 0.0 ], [ 18.9368184, 72.8239633, 0.0 ], [ 18.9368444, 72.8239646, 0.0 ], [ 18.9368444, 72.8239646, 0.0 ], [ 18.9368445, 72.8239646, 0.0 ], [ 18.9368445, 72.8239646, 0.0 ], [ 18.9368445, 72.8239646, 0.0 ], [ 18.9369393, 72.8239695, 0.0 ], [ 18.9372132, 72.8239817, 0.0 ], [ 18.9375353, 72.8239895, 0.0 ], [ 18.9377197, 72.8239893, 0.0 ], [ 18.9378818, 72.8239891, 0.0 ], [ 18.938134, 72.8239862, 0.0 ], [ 18.9383671, 72.8239797, 0.0 ], [ 18.9383672, 72.8239797, 0.0 ], [ 18.9383673, 72.8239797, 0.0 ], [ 18.9383675, 72.8239797, 0.0 ], [ 18.9383677, 72.8239797, 0.0 ], [ 18.9384316, 72.823978, 0.0 ], [ 18.9387039, 72.8239626, 0.0 ], [ 18.9389288, 72.8239451, 0.0 ], [ 18.9389938, 72.8239391, 0.0 ], [ 18.9391229, 72.823927, 0.0 ], [ 18.939132, 72.823926, 0.0 ], [ 18.939166, 72.8239222, 0.0 ], [ 18.9391935, 72.8239192, 0.0 ], [ 18.9392007, 72.8239183, 0.0 ], [ 18.9392365, 72.8239143, 0.0 ], [ 18.9392367, 72.8239143, 0.0 ], [ 18.9393766, 72.8238807, 0.0 ], [ 18.9395152, 72.8238761, 0.0 ], [ 18.9397279, 72.8238421, 0.0 ], [ 18.9397346, 72.8238413, 0.0 ], [ 18.9398288, 72.8238278, 0.0 ], [ 18.9400019, 72.8238026, 0.0 ], [ 18.9400232, 72.8237995, 0.0 ], [ 18.940074, 72.8237913, 0.0 ], [ 18.9401512, 72.8237818, 0.0 ], [ 18.9401898, 72.8237749, 0.0 ], [ 18.9402403, 72.823766, 0.0 ], [ 18.9403573, 72.8237441, 0.0 ], [ 18.9404188, 72.8237326, 0.0 ], [ 18.9405016, 72.8237159, 0.0 ], [ 18.940728, 72.8236718, 0.0 ], [ 18.9408161, 72.8236528, 0.0 ], [ 18.9410496, 72.8236025, 0.0 ], [ 18.9414637, 72.8235498, 0.0 ], [ 18.9414646, 72.8235497, 0.0 ], [ 18.9414855, 72.8236377, 0.0 ], [ 18.9414865, 72.8236417, 0.0 ], [ 18.9415381, 72.8238497, 0.0 ], [ 18.9415567, 72.8239248, 0.0 ], [ 18.9415585, 72.823932, 0.0 ], [ 18.9415684, 72.8239719, 0.0 ], [ 18.9416979, 72.8244944, 0.0 ], [ 18.9418634, 72.8251036, 0.0 ], [ 18.9418635, 72.8251036, 0.0 ], [ 18.9419129, 72.8252856, 0.0 ], [ 18.941998, 72.825599, 0.0 ], [ 18.9420028, 72.8256166, 0.0 ], [ 18.942005, 72.8256245, 0.0 ], [ 18.9420447, 72.8256661, 0.0 ], [ 18.9420565, 72.8256784, 0.0 ], [ 18.942074, 72.8256966, 0.0 ], [ 18.9420947, 72.8257181, 0.0 ], [ 18.9421109, 72.8257259, 0.0 ], [ 18.9421436, 72.8257415, 0.0 ], [ 18.9421881, 72.8257627, 0.0 ], [ 18.9422002, 72.8257717, 0.0 ], [ 18.9422057, 72.8257758, 0.0 ], [ 18.9422058, 72.8257759, 0.0 ], [ 18.942206, 72.825776, 0.0 ], [ 18.9422392, 72.8258007, 0.0 ], [ 18.9422413, 72.8258023, 0.0 ], [ 18.942247, 72.8258173, 0.0 ], [ 18.9422823, 72.8259101, 0.0 ], [ 18.94229, 72.8259298, 0.0 ], [ 18.9422947, 72.8259421, 0.0 ], [ 18.9423021, 72.825963, 0.0 ], [ 18.942305, 72.8259706, 0.0 ], [ 18.9423081, 72.8259788, 0.0 ], [ 18.9423089, 72.825981, 0.0 ], [ 18.9423122, 72.8259897, 0.0 ], [ 18.9423122, 72.8259897, 0.0 ], [ 18.9423217, 72.8260149, 0.0 ], [ 18.9423357, 72.8260507, 0.0 ], [ 18.9423809, 72.8261666, 0.0 ], [ 18.9423934, 72.8261985, 0.0 ], [ 18.9423965, 72.8262066, 0.0 ], [ 18.9423981, 72.8262105, 0.0 ], [ 18.9423981, 72.8262105, 0.0 ], [ 18.9424118, 72.8262455, 0.0 ], [ 18.9424118, 72.8262456, 0.0 ], [ 18.9424172, 72.8262596, 0.0 ], [ 18.9424704, 72.8264007, 0.0 ], [ 18.9424936, 72.82646, 0.0 ], [ 18.9425332, 72.8265652, 0.0 ], [ 18.942551, 72.8266126, 0.0 ], [ 18.942551, 72.8266126, 0.0 ], [ 18.9425658, 72.8266521, 0.0 ], [ 18.942574, 72.8266739, 0.0 ], [ 18.9425777, 72.8266836, 0.0 ], [ 18.9426462, 72.8268653, 0.0 ], [ 18.9426576, 72.8268953, 0.0 ], [ 18.9427253, 72.826902, 0.0 ], [ 18.9427373, 72.8269168, 0.0 ], [ 18.9427374, 72.8269173, 0.0 ], [ 18.9427379, 72.8269188, 0.0 ], [ 18.9427394, 72.8269237, 0.0 ], [ 18.9427396, 72.8269243, 0.0 ], [ 18.94274, 72.8269256, 0.0 ], [ 18.94274, 72.8269258, 0.0 ], [ 18.9427893, 72.8270886, 0.0 ], [ 18.9428369, 72.8272457, 0.0 ], [ 18.9428747, 72.8274142, 0.0 ], [ 18.9428875, 72.8274687, 0.0 ], [ 18.9428875, 72.8274687, 0.0 ], [ 18.9428973, 72.8275108, 0.0 ], [ 18.9429062, 72.8275395, 0.0 ], [ 18.9429062, 72.8275395, 0.0 ], [ 18.9429379, 72.827642, 0.0 ], [ 18.9429548, 72.8277108, 0.0 ], [ 18.9429646, 72.8277506, 0.0 ], [ 18.9429713, 72.8277935, 0.0 ], [ 18.943005, 72.8280076, 0.0 ], [ 18.9430316, 72.8281766, 0.0 ], [ 18.9430401, 72.8281961, 0.0 ], [ 18.9430409, 72.828198, 0.0 ], [ 18.9430418, 72.8282001, 0.0 ], [ 18.9430432, 72.8282032, 0.0 ], [ 18.9430432, 72.8282032, 0.0 ], [ 18.9430441, 72.8282053, 0.0 ], [ 18.9430743, 72.8282747, 0.0 ], [ 18.9430866, 72.8283126, 0.0 ], [ 18.9430986, 72.8283497, 0.0 ], [ 18.9431271, 72.8284325, 0.0 ], [ 18.9431754, 72.8285725, 0.0 ], [ 18.9431813, 72.8285868, 0.0 ], [ 18.9432328, 72.8287114, 0.0 ], [ 18.943268, 72.8287769, 0.0 ], [ 18.9432777, 72.8287934, 0.0 ], [ 18.9432942, 72.8288213, 0.0 ], [ 18.9433081, 72.8288408, 0.0 ], [ 18.9433178, 72.8288545, 0.0 ], [ 18.9433319, 72.8288692, 0.0 ], [ 18.9433367, 72.8288742, 0.0 ], [ 18.943359, 72.8288976, 0.0 ], [ 18.9433856, 72.8289204, 0.0 ], [ 18.9434255, 72.8289545, 0.0 ], [ 18.9434349, 72.8289622, 0.0 ], [ 18.9434515, 72.8289725, 0.0 ], [ 18.9434507, 72.8289732, 0.0 ], [ 18.9434532, 72.8289753, 0.0 ], [ 18.9434909, 72.8290072, 0.0 ], [ 18.9434935, 72.8290095, 0.0 ], [ 18.9436534, 72.8291451, 0.0 ], [ 18.9437408, 72.8292225, 0.0 ], [ 18.9437459, 72.8292269, 0.0 ], [ 18.9437466, 72.8292275, 0.0 ], [ 18.9437468, 72.8292277, 0.0 ], [ 18.9437469, 72.8292278, 0.0 ], [ 18.9437488, 72.8292295, 0.0 ], [ 18.9437506, 72.829231, 0.0 ], [ 18.9437511, 72.8292314, 0.0 ], [ 18.9438666, 72.8293283, 0.0 ], [ 18.9439526, 72.8294004, 0.0 ], [ 18.943973, 72.8294175, 0.0 ], [ 18.9440513, 72.8294725, 0.0 ], [ 18.9441103, 72.829514, 0.0 ], [ 18.9441327, 72.82954, 0.0 ], [ 18.9441485, 72.8295564, 0.0 ], [ 18.9442846, 72.8296978, 0.0 ], [ 18.9445322, 72.8299563, 0.0 ], [ 18.9447261, 72.8301577, 0.0 ], [ 18.9447261, 72.8301577, 0.0 ], [ 18.9447695, 72.8302027, 0.0 ], [ 18.94504, 72.8304988, 0.0 ], [ 18.945181, 72.8306553, 0.0 ], [ 18.9453711, 72.830872, 0.0 ], [ 18.9453885, 72.8308918, 0.0 ], [ 18.9456017, 72.8311656, 0.0 ], [ 18.9458504, 72.8314939, 0.0 ], [ 18.945973, 72.8316539, 0.0 ], [ 18.946059, 72.8317533, 0.0 ], [ 18.946125, 72.8318395, 0.0 ], [ 18.9461667, 72.8318939, 0.0 ], [ 18.9461841, 72.8319175, 0.0 ], [ 18.9461841, 72.8319175, 0.0 ], [ 18.9462149, 72.8319593, 0.0 ], [ 18.9462653, 72.8320235, 0.0 ], [ 18.9462981, 72.8320716, 0.0 ], [ 18.9463215, 72.8321058, 0.0 ], [ 18.9463753, 72.8321833, 0.0 ], [ 18.9464372, 72.8322705, 0.0 ], [ 18.9465209, 72.8323868, 0.0 ], [ 18.9465542, 72.8324339, 0.0 ], [ 18.9465987, 72.8324969, 0.0 ], [ 18.9466443, 72.8325618, 0.0 ], [ 18.946894, 72.8329169, 0.0 ], [ 18.9470013, 72.8330585, 0.0 ], [ 18.9470333, 72.8331015, 0.0 ], [ 18.9470334, 72.8331016, 0.0 ], [ 18.9471674, 72.8332819, 0.0 ], [ 18.9472191, 72.8333461, 0.0 ], [ 18.9472736, 72.8334137, 0.0 ], [ 18.9474263, 72.8336073, 0.0 ], [ 18.9474703, 72.833663, 0.0 ], [ 18.9477802, 72.8340558, 0.0 ], [ 18.9478923, 72.834198, 0.0 ], [ 18.9481265, 72.8344953, 0.0 ], [ 18.9483146, 72.8347236, 0.0 ], [ 18.9483677, 72.8347895, 0.0 ], [ 18.9484207, 72.8348786, 0.0 ], [ 18.9484552, 72.8349593, 0.0 ], [ 18.9484677, 72.8350071, 0.0 ], [ 18.9484724, 72.8350253, 0.0 ], [ 18.9484884, 72.8351023, 0.0 ], [ 18.9485113, 72.8352086, 0.0 ], [ 18.9485341, 72.8353174, 0.0 ], [ 18.9485935, 72.8356166, 0.0 ], [ 18.9486772, 72.836013, 0.0 ], [ 18.9487644, 72.8364317, 0.0 ], [ 18.9487936, 72.836588, 0.0 ], [ 18.9488166, 72.8367105, 0.0 ], [ 18.9488302, 72.8367835, 0.0 ], [ 18.9488649, 72.8369594, 0.0 ], [ 18.9488894, 72.8370532, 0.0 ], [ 18.9489001, 72.8370943, 0.0 ], [ 18.9489163, 72.8371564, 0.0 ], [ 18.948942, 72.8372385, 0.0 ], [ 18.9489429, 72.8372416, 0.0 ], [ 18.9489449, 72.8372488, 0.0 ], [ 18.9490135, 72.8375411, 0.0 ], [ 18.9490392, 72.8376506, 0.0 ], [ 18.949054, 72.8377137, 0.0 ], [ 18.9490652, 72.8377611, 0.0 ], [ 18.9490629, 72.8377814, 0.0 ], [ 18.9490445, 72.8379477, 0.0 ], [ 18.9490444, 72.8379486, 0.0 ], [ 18.9490351, 72.8380326, 0.0 ], [ 18.9489927, 72.8384197, 0.0 ], [ 18.9489926, 72.8384208, 0.0 ], [ 18.9489611, 72.8387083, 0.0 ], [ 18.9489439, 72.8388654, 0.0 ], [ 18.9489029, 72.8392274, 0.0 ], [ 18.9488259, 72.8401363, 0.0 ], [ 18.9488196, 72.8402101, 0.0 ], [ 18.9488116, 72.8402166, 0.0 ], [ 18.9488085, 72.8402539, 0.0 ], [ 18.9488043, 72.8403027, 0.0 ], [ 18.9488308, 72.8404167, 0.0 ], [ 18.9488334, 72.8404277, 0.0 ], [ 18.9488615, 72.8405491, 0.0 ], [ 18.9488714, 72.8405916, 0.0 ], [ 18.9488853, 72.8406515, 0.0 ], [ 18.9488885, 72.8406655, 0.0 ], [ 18.9488941, 72.8407009, 0.0 ], [ 18.9489146, 72.8408305, 0.0 ], [ 18.9489364, 72.8409688, 0.0 ], [ 18.9489802, 72.8412462, 0.0 ], [ 18.9489923, 72.8413528, 0.0 ], [ 18.9489952, 72.8413776, 0.0 ], [ 18.9489912, 72.8415037, 0.0 ], [ 18.948936, 72.8415795, 0.0 ], [ 18.948936, 72.8416332, 0.0 ], [ 18.948936, 72.8416339, 0.0 ], [ 18.9489359, 72.8416884, 0.0 ], [ 18.9489359, 72.8417421, 0.0 ], [ 18.9489358, 72.8418208, 0.0 ], [ 18.9489357, 72.8420336, 0.0 ], [ 18.9489357, 72.8420733, 0.0 ], [ 18.9489355, 72.8423055, 0.0 ], [ 18.9484023, 72.8448365, 0.0 ], [ 18.9482339, 72.8455793, 0.0 ], [ 18.9482314, 72.8455938, 0.0 ], [ 18.9482273, 72.8456183, 0.0 ], [ 18.9482212, 72.8456551, 0.0 ], [ 18.9480288, 72.8468076, 0.0 ], [ 18.9476046, 72.8467307, 0.0 ], [ 18.9446722, 72.8460021, 0.0 ], [ 18.9441059, 72.8458364, 0.0 ], [ 18.9439546, 72.8457549, 0.0 ], [ 18.9439269, 72.8457498, 0.0 ], [ 18.9438644, 72.8457384, 0.0 ], [ 18.9437146, 72.8457, 0.0 ], [ 18.9437143, 72.8456999, 0.0 ], [ 18.9434173, 72.8456238, 0.0 ], [ 18.9430302, 72.8455257, 0.0 ], [ 18.9427854, 72.8454638, 0.0 ], [ 18.9426392, 72.8454267, 0.0 ], [ 18.9423526, 72.8453541, 0.0 ], [ 18.9419197, 72.8452395, 0.0 ], [ 18.9418711, 72.8452242, 0.0 ], [ 18.9417818, 72.8452019, 0.0 ], [ 18.9417047, 72.8451829, 0.0 ], [ 18.9416636, 72.8451727, 0.0 ], [ 18.9414254, 72.8451364, 0.0 ], [ 18.9413255, 72.8451115, 0.0 ], [ 18.9413253, 72.8451114, 0.0 ], [ 18.9413252, 72.8451114, 0.0 ], [ 18.9412415, 72.8450905, 0.0 ], [ 18.9410448, 72.8450405, 0.0 ], [ 18.940793, 72.844976, 0.0 ], [ 18.9405206, 72.8449069, 0.0 ], [ 18.9404017, 72.8448774, 0.0 ], [ 18.9404016, 72.8448774, 0.0 ], [ 18.940299, 72.8448519, 0.0 ], [ 18.9401111, 72.844804, 0.0 ], [ 18.9399111, 72.8447543, 0.0 ], [ 18.9397325, 72.8447092, 0.0 ], [ 18.9395886, 72.844672, 0.0 ], [ 18.9395217, 72.844656, 0.0 ], [ 18.9393952, 72.8446226, 0.0 ], [ 18.9393941, 72.8446223, 0.0 ], [ 18.9393939, 72.8446222, 0.0 ], [ 18.9393774, 72.8446179, 0.0 ], [ 18.9392882, 72.844596, 0.0 ], [ 18.9392871, 72.8445957, 0.0 ], [ 18.9392187, 72.844579, 0.0 ], [ 18.9389827, 72.8445161, 0.0 ], [ 18.9389646, 72.8445113, 0.0 ], [ 18.9387674, 72.8444611, 0.0 ], [ 18.938705, 72.8444451, 0.0 ], [ 18.9386467, 72.8444302, 0.0 ], [ 18.9384049, 72.8443709, 0.0 ], [ 18.9384048, 72.8443709, 0.0 ], [ 18.9382426, 72.8443311, 0.0 ], [ 18.9379565, 72.844261, 0.0 ], [ 18.9378622, 72.8442436, 0.0 ], [ 18.937862, 72.8442435, 0.0 ], [ 18.9378514, 72.8442416, 0.0 ], [ 18.937409, 72.8441322, 0.0 ], [ 18.9371482, 72.8440689, 0.0 ], [ 18.9368038, 72.8439854, 0.0 ], [ 18.9367745, 72.8439784, 0.0 ], [ 18.9367395, 72.8439702, 0.0 ], [ 18.9367339, 72.8439687, 0.0 ], [ 18.9367301, 72.8439678, 0.0 ], [ 18.9366759, 72.8439541, 0.0 ], [ 18.9365898, 72.8439298, 0.0 ], [ 18.9364939, 72.8439063, 0.0 ], [ 18.9364804, 72.8439028, 0.0 ], [ 18.936374, 72.8438753, 0.0 ], [ 18.9362765, 72.8438515, 0.0 ], [ 18.9362714, 72.8438502, 0.0 ], [ 18.9362713, 72.8438502, 0.0 ], [ 18.9362633, 72.8438482, 0.0 ], [ 18.9362049, 72.8438339, 0.0 ], [ 18.9361508, 72.8438205, 0.0 ], [ 18.9359734, 72.8437759, 0.0 ], [ 18.9359362, 72.8437661, 0.0 ], [ 18.9358809, 72.8437516, 0.0 ], [ 18.9358253, 72.8437366, 0.0 ], [ 18.9357983, 72.8437293, 0.0 ], [ 18.9356993, 72.8437042, 0.0 ], [ 18.9356752, 72.8436982, 0.0 ], [ 18.935665, 72.8436956, 0.0 ], [ 18.9356649, 72.8436955, 0.0 ], [ 18.9356627, 72.843694, 0.0 ], [ 18.9356079, 72.8436815, 0.0 ], [ 18.9355485, 72.8436654, 0.0 ], [ 18.935537, 72.8436631, 0.0 ], [ 18.9355211, 72.8436592, 0.0 ], [ 18.9355066, 72.8436545, 0.0 ], [ 18.9354986, 72.8436509, 0.0 ], [ 18.9354956, 72.8436495, 0.0 ], [ 18.9354822, 72.8436434, 0.0 ], [ 18.935475, 72.8436388, 0.0 ], [ 18.9354628, 72.8436308, 0.0 ], [ 18.9354548, 72.8436249, 0.0 ], [ 18.9354399, 72.8436087, 0.0 ], [ 18.935437, 72.843605, 0.0 ], [ 18.9354269, 72.843592, 0.0 ], [ 18.9354089, 72.8435639, 0.0 ], [ 18.9353967, 72.8435338, 0.0 ], [ 18.9353931, 72.8435205, 0.0 ], [ 18.9353894, 72.8435065, 0.0 ], [ 18.9353859, 72.8434811, 0.0 ], [ 18.935385, 72.8434533, 0.0 ], [ 18.9353895, 72.8434263, 0.0 ], [ 18.9353986, 72.8433938, 0.0 ], [ 18.935404, 72.843382, 0.0 ], [ 18.9354148, 72.8433588, 0.0 ], [ 18.935449, 72.8433166, 0.0 ], [ 18.9354609, 72.8433067, 0.0 ], [ 18.9354729, 72.8432967, 0.0 ], [ 18.9354747, 72.8432957, 0.0 ], [ 18.9355177, 72.843272, 0.0 ], [ 18.9355342, 72.8432682, 0.0 ], [ 18.9355386, 72.8432671, 0.0 ], [ 18.9355759, 72.8432599, 0.0 ], [ 18.93559, 72.8432587, 0.0 ], [ 18.9355964, 72.8432582, 0.0 ], [ 18.9355964, 72.8432527, 0.0 ], [ 18.9356025, 72.8432517, 0.0 ], [ 18.935605, 72.8432514, 0.0 ], [ 18.9355746, 72.8429473, 0.0 ], [ 18.9355758, 72.8429615, 0.0 ], [ 18.9355578, 72.8429647, 0.0 ], [ 18.9355484, 72.8429664, 0.0 ], [ 18.9355473, 72.842962, 0.0 ], [ 18.935547, 72.8429621, 0.0 ], [ 18.9355424, 72.8429626, 0.0 ], [ 18.9355374, 72.8429633, 0.0 ], [ 18.9355374, 72.8429688, 0.0 ], [ 18.935453, 72.842985, 0.0 ], [ 18.9354164, 72.8429924, 0.0 ], [ 18.9353895, 72.8429979, 0.0 ], [ 18.935369, 72.8430011, 0.0 ], [ 18.9353069, 72.8430108, 0.0 ], [ 18.9352826, 72.8430151, 0.0 ], [ 18.9352074, 72.8430283, 0.0 ], [ 18.9352073, 72.8430283, 0.0 ], [ 18.9351776, 72.8430335, 0.0 ], [ 18.9351354, 72.8430426, 0.0 ], [ 18.9351353, 72.8430426, 0.0 ], [ 18.9351353, 72.8430426, 0.0 ], [ 18.9350989, 72.8430504, 0.0 ], [ 18.9349905, 72.8430678, 0.0 ], [ 18.9349221, 72.8430819, 0.0 ], [ 18.9348663, 72.8430924, 0.0 ], [ 18.9348513, 72.8430952, 0.0 ], [ 18.9348253, 72.8430997, 0.0 ], [ 18.9348253, 72.8430997, 0.0 ], [ 18.9347829, 72.843107, 0.0 ], [ 18.9347431, 72.843115, 0.0 ], [ 18.934743, 72.843115, 0.0 ], [ 18.9347106, 72.8431215, 0.0 ], [ 18.9346079, 72.8431389, 0.0 ], [ 18.9345266, 72.8431534, 0.0 ], [ 18.9344661, 72.8431651, 0.0 ], [ 18.934451, 72.8431687, 0.0 ], [ 18.9343954, 72.8431817, 0.0 ], [ 18.9342758, 72.8432017, 0.0 ], [ 18.9342757, 72.8432017, 0.0 ], [ 18.9341226, 72.8432273, 0.0 ], [ 18.9340575, 72.8432388, 0.0 ], [ 18.9340574, 72.8432388, 0.0 ], [ 18.9339582, 72.8432563, 0.0 ], [ 18.9338654, 72.8432722, 0.0 ], [ 18.9338428, 72.8432761, 0.0 ], [ 18.9337229, 72.843298, 0.0 ], [ 18.9336912, 72.8433038, 0.0 ], [ 18.9335778, 72.8433256, 0.0 ], [ 18.9335745, 72.8433283, 0.0 ], [ 18.9335704, 72.8433297, 0.0 ], [ 18.9335664, 72.8433283, 0.0 ], [ 18.9334494, 72.8433486, 0.0 ], [ 18.9334493, 72.8433486, 0.0 ], [ 18.9334376, 72.8433507, 0.0 ], [ 18.9334195, 72.8433541, 0.0 ], [ 18.9334195, 72.8433541, 0.0 ], [ 18.9334194, 72.8433541, 0.0 ], [ 18.9334193, 72.8433541, 0.0 ], [ 18.9333728, 72.843363, 0.0 ], [ 18.9332082, 72.8434258, 0.0 ], [ 18.9331653, 72.8434325, 0.0 ], [ 18.9330215, 72.8434595, 0.0 ], [ 18.9330077, 72.8434621, 0.0 ], [ 18.9329936, 72.8434648, 0.0 ], [ 18.9329934, 72.8434648, 0.0 ], [ 18.9328783, 72.843487, 0.0 ], [ 18.9328227, 72.8434957, 0.0 ], [ 18.9327752, 72.8435046, 0.0 ], [ 18.9327033, 72.843518, 0.0 ], [ 18.9325693, 72.8435429, 0.0 ], [ 18.9324908, 72.843557, 0.0 ], [ 18.9323567, 72.8435812, 0.0 ], [ 18.932256, 72.8435997, 0.0 ], [ 18.9322025, 72.8436095, 0.0 ], [ 18.9320825, 72.8436296, 0.0 ], [ 18.9320509, 72.8436354, 0.0 ], [ 18.9319798, 72.8436483, 0.0 ], [ 18.9316517, 72.8437055, 0.0 ], [ 18.9314493, 72.8437409, 0.0 ], [ 18.9290051, 72.8442425, 0.0 ], [ 18.9289635, 72.8440371, 0.0 ], [ 18.9291357, 72.8440102, 0.0 ], [ 18.9289357, 72.8429913, 0.0 ], [ 18.9313342, 72.8425944, 0.0 ], [ 18.9314022, 72.8425822, 0.0 ], [ 18.9318803, 72.8424918, 0.0 ], [ 18.9318805, 72.8424917, 0.0 ], [ 18.9319853, 72.8424719, 0.0 ], [ 18.9319857, 72.8424718, 0.0 ], [ 18.9319886, 72.8424711, 0.0 ], [ 18.9320669, 72.8424516, 0.0 ], [ 18.9322878, 72.8424129, 0.0 ], [ 18.9324232, 72.8423891, 0.0 ], [ 18.9324285, 72.8423882, 0.0 ], [ 18.9324289, 72.8423881, 0.0 ], [ 18.9326272, 72.8423521, 0.0 ], [ 18.9327507, 72.8423297, 0.0 ], [ 18.9327507, 72.8423297, 0.0 ], [ 18.9327734, 72.8423256, 0.0 ], [ 18.932885, 72.8423052, 0.0 ], [ 18.9329859, 72.842288, 0.0 ], [ 18.932986, 72.842288, 0.0 ], [ 18.9330025, 72.8422852, 0.0 ], [ 18.9330837, 72.8422709, 0.0 ], [ 18.9330976, 72.8422687, 0.0 ], [ 18.9331119, 72.8422665, 0.0 ], [ 18.9331322, 72.8422532, 0.0 ], [ 18.933138, 72.8422494, 0.0 ], [ 18.9331381, 72.8422493, 0.0 ], [ 18.9331422, 72.8422447, 0.0 ], [ 18.9331482, 72.842238, 0.0 ], [ 18.9331484, 72.8422377, 0.0 ], [ 18.9331563, 72.8422252, 0.0 ], [ 18.9331644, 72.842209, 0.0 ], [ 18.9331721, 72.8421905, 0.0 ], [ 18.9331742, 72.8421782, 0.0 ], [ 18.9331733, 72.8421733, 0.0 ], [ 18.9331708, 72.8421672, 0.0 ], [ 18.9331717, 72.842164, 0.0 ], [ 18.9331759, 72.84215, 0.0 ], [ 18.9331798, 72.8421395, 0.0 ], [ 18.9331835, 72.8421293, 0.0 ], [ 18.9331869, 72.842125, 0.0 ], [ 18.9331878, 72.8421175, 0.0 ], [ 18.9332048, 72.842041, 0.0 ], [ 18.9332298, 72.8419292, 0.0 ], [ 18.9332584, 72.8417985, 0.0 ], [ 18.9332718, 72.8417374, 0.0 ], [ 18.9333167, 72.8415324, 0.0 ], [ 18.9333366, 72.8414422, 0.0 ], [ 18.9333366, 72.8414365, 0.0 ], [ 18.9333742, 72.8412602, 0.0 ], [ 18.9333252, 72.84098, 0.0 ], [ 18.9332891, 72.8408132, 0.0 ], [ 18.9332067, 72.8405714, 0.0 ], [ 18.9331099, 72.8403935, 0.0 ], [ 18.9330364, 72.840259, 0.0 ], [ 18.9328715, 72.8400939, 0.0 ], [ 18.9327607, 72.8400117, 0.0 ], [ 18.9325446, 72.8399986, 0.0 ], [ 18.9320494, 72.8401005, 0.0 ], [ 18.9310629, 72.8403123, 0.0 ], [ 18.9309336, 72.8402702, 0.0 ], [ 18.9306142, 72.8398442, 0.0 ], [ 18.929705, 72.838554, 0.0 ], [ 18.9289769, 72.8375281, 0.0 ], [ 18.9293913, 72.8369413, 0.0 ], [ 18.9289204, 72.8371464, 0.0 ], [ 18.9288442, 72.8371796, 0.0 ], [ 18.9288437, 72.8371798, 0.0 ], [ 18.9288335, 72.8371802, 0.0 ], [ 18.928832, 72.8371803, 0.0 ], [ 18.928832, 72.8371803, 0.0 ], [ 18.928833, 72.8371852, 0.0 ], [ 18.9288337, 72.8371887, 0.0 ], [ 18.928807, 72.8371966, 0.0 ], [ 18.9287791, 72.8372049, 0.0 ], [ 18.9287786, 72.837205, 0.0 ], [ 18.9287786, 72.837205, 0.0 ], [ 18.9287552, 72.8372128, 0.0 ], [ 18.928755, 72.8372128, 0.0 ], [ 18.9287482, 72.8372133, 0.0 ], [ 18.9287403, 72.8372138, 0.0 ], [ 18.9287244, 72.8372112, 0.0 ], [ 18.9287186, 72.837208, 0.0 ], [ 18.9287175, 72.8372073, 0.0 ], [ 18.9287105, 72.8372016, 0.0 ], [ 18.92871, 72.8372012, 0.0 ], [ 18.9287035, 72.8371945, 0.0 ], [ 18.9287003, 72.8371891, 0.0 ], [ 18.9286985, 72.837186, 0.0 ], [ 18.9286961, 72.8371796, 0.0 ], [ 18.9286898, 72.837162, 0.0 ], [ 18.9286681, 72.8370918, 0.0 ], [ 18.9284548, 72.8367704, 0.0 ], [ 18.9284493, 72.8367683, 0.0 ], [ 18.9284491, 72.8367682, 0.0 ], [ 18.928443, 72.8367625, 0.0 ], [ 18.9284361, 72.8367496, 0.0 ], [ 18.9284215, 72.8367262, 0.0 ], [ 18.9284183, 72.836721, 0.0 ], [ 18.9284, 72.8366914, 0.0 ], [ 18.9283707, 72.8366415, 0.0 ], [ 18.928342, 72.8365927, 0.0 ], [ 18.9283106, 72.8365404, 0.0 ], [ 18.928279, 72.8364877, 0.0 ], [ 18.9282407, 72.8364242, 0.0 ], [ 18.928184, 72.8363286, 0.0 ], [ 18.9281578, 72.8362851, 0.0 ], [ 18.9281376, 72.8362515, 0.0 ], [ 18.9281376, 72.8362515, 0.0 ], [ 18.9281372, 72.8362509, 0.0 ], [ 18.9281339, 72.8362515, 0.0 ], [ 18.9281336, 72.8362516, 0.0 ], [ 18.9281286, 72.8362433, 0.0 ], [ 18.9281276, 72.8362415, 0.0 ], [ 18.9281276, 72.8362414, 0.0 ], [ 18.9281282, 72.8362393, 0.0 ], [ 18.9281267, 72.836237, 0.0 ], [ 18.9279556, 72.8363073, 0.0 ], [ 18.9279647, 72.8363161, 0.0 ], [ 18.9279649, 72.8363159, 0.0 ], [ 18.927965, 72.8363158, 0.0 ], [ 18.9279725, 72.8363104, 0.0 ], [ 18.9279726, 72.8363106, 0.0 ], [ 18.9279729, 72.8363111, 0.0 ], [ 18.927973, 72.8363112, 0.0 ], [ 18.9279794, 72.8363223, 0.0 ], [ 18.9279939, 72.8363472, 0.0 ], [ 18.9279831, 72.8363556, 0.0 ], [ 18.9279786, 72.8363592, 0.0 ], [ 18.9279807, 72.836363, 0.0 ], [ 18.9279813, 72.8363642, 0.0 ], [ 18.9279816, 72.8363647, 0.0 ], [ 18.9279829, 72.836367, 0.0 ], [ 18.9279833, 72.8363677, 0.0 ], [ 18.9279916, 72.8363828, 0.0 ], [ 18.9280039, 72.8364042, 0.0 ], [ 18.9280048, 72.8364057, 0.0 ], [ 18.9280184, 72.8364309, 0.0 ], [ 18.9280189, 72.8364337, 0.0 ], [ 18.9280193, 72.8364366, 0.0 ], [ 18.9280196, 72.8364384, 0.0 ], [ 18.9280187, 72.8364466, 0.0 ], [ 18.9280164, 72.8364545, 0.0 ], [ 18.9280157, 72.836456, 0.0 ], [ 18.9280125, 72.836463, 0.0 ], [ 18.9280083, 72.8364694, 0.0 ], [ 18.9280023, 72.8364747, 0.0 ], [ 18.9279982, 72.8364769, 0.0 ], [ 18.9279951, 72.8364785, 0.0 ], [ 18.9279948, 72.8364786, 0.0 ], [ 18.9279917, 72.8364795, 0.0 ], [ 18.9279907, 72.8364798, 0.0 ], [ 18.9279864, 72.8364811, 0.0 ], [ 18.9279793, 72.8364816, 0.0 ], [ 18.9279777, 72.8364817, 0.0 ], [ 18.9279744, 72.8364813, 0.0 ], [ 18.9279672, 72.8364802, 0.0 ], [ 18.9279565, 72.8364753, 0.0 ], [ 18.9279563, 72.8364752, 0.0 ], [ 18.9279491, 72.8364677, 0.0 ], [ 18.9279446, 72.8364617, 0.0 ], [ 18.9279424, 72.8364565, 0.0 ], [ 18.927941, 72.8364529, 0.0 ], [ 18.9279572, 72.8364415, 0.0 ], [ 18.9279415, 72.8364179, 0.0 ], [ 18.9279332, 72.8364079, 0.0 ], [ 18.9279188, 72.8363905, 0.0 ], [ 18.9279183, 72.8363899, 0.0 ], [ 18.9279137, 72.8363907, 0.0 ], [ 18.9279126, 72.8363909, 0.0 ], [ 18.9279075, 72.8363893, 0.0 ], [ 18.9279041, 72.8363866, 0.0 ], [ 18.9278986, 72.8363819, 0.0 ], [ 18.9278985, 72.8363818, 0.0 ], [ 18.9278984, 72.836382, 0.0 ], [ 18.9278983, 72.836382, 0.0 ], [ 18.9278983, 72.8363819, 0.0 ], [ 18.9278982, 72.8363818, 0.0 ], [ 18.9278981, 72.8363819, 0.0 ], [ 18.9278841, 72.8364, 0.0 ], [ 18.9277751, 72.8364644, 0.0 ], [ 18.9277753, 72.8364649, 0.0 ], [ 18.9277756, 72.836466, 0.0 ], [ 18.9277758, 72.8364662, 0.0 ], [ 18.9277758, 72.8364663, 0.0 ], [ 18.9277763, 72.836473, 0.0 ], [ 18.9277764, 72.8364803, 0.0 ], [ 18.9277758, 72.8364841, 0.0 ], [ 18.9277758, 72.8364842, 0.0 ], [ 18.9277758, 72.8364844, 0.0 ], [ 18.9277754, 72.8364869, 0.0 ], [ 18.9277822, 72.8365015, 0.0 ], [ 18.9277826, 72.8365024, 0.0 ], [ 18.9277832, 72.8365037, 0.0 ], [ 18.9277882, 72.8365144, 0.0 ], [ 18.9277894, 72.8365169, 0.0 ], [ 18.9277907, 72.8365197, 0.0 ], [ 18.9277925, 72.8365226, 0.0 ], [ 18.9277932, 72.8365238, 0.0 ], [ 18.9277933, 72.836524, 0.0 ], [ 18.927794, 72.836525, 0.0 ], [ 18.9278058, 72.8365444, 0.0 ], [ 18.927806, 72.8365442, 0.0 ], [ 18.9278061, 72.8365442, 0.0 ], [ 18.9278062, 72.8365441, 0.0 ], [ 18.9278063, 72.8365441, 0.0 ], [ 18.9278136, 72.8365398, 0.0 ], [ 18.9278192, 72.8365366, 0.0 ], [ 18.9278196, 72.8365372, 0.0 ], [ 18.9278196, 72.8365373, 0.0 ], [ 18.927866, 72.8366163, 0.0 ], [ 18.927885, 72.8366464, 0.0 ], [ 18.9278851, 72.8366465, 0.0 ], [ 18.9278878, 72.8366508, 0.0 ], [ 18.9278878, 72.8366509, 0.0 ], [ 18.9278879, 72.8366511, 0.0 ], [ 18.9278883, 72.8366561, 0.0 ], [ 18.927888, 72.836661, 0.0 ], [ 18.9278872, 72.8366663, 0.0 ], [ 18.9278856, 72.8366701, 0.0 ], [ 18.9278841, 72.8366738, 0.0 ], [ 18.9278795, 72.8366824, 0.0 ], [ 18.9278685, 72.8366905, 0.0 ], [ 18.9278559, 72.8366982, 0.0 ], [ 18.9278543, 72.8366992, 0.0 ], [ 18.9278281, 72.8367151, 0.0 ], [ 18.9278239, 72.8367083, 0.0 ], [ 18.927302, 72.8368648, 0.0 ], [ 18.9274136, 72.8371057, 0.0 ], [ 18.9274183, 72.8371749, 0.0 ], [ 18.9274567, 72.8373373, 0.0 ], [ 18.9277189, 72.8379374, 0.0 ], [ 18.9270572, 72.8382621, 0.0 ], [ 18.9267829, 72.8383971, 0.0 ], [ 18.9268787, 72.8386061, 0.0 ], [ 18.926984, 72.8388356, 0.0 ], [ 18.9271082, 72.8391069, 0.0 ], [ 18.9271084, 72.8391072, 0.0 ], [ 18.927182, 72.8392681, 0.0 ], [ 18.9272006, 72.8393072, 0.0 ], [ 18.927201, 72.8393079, 0.0 ], [ 18.9272913, 72.8394976, 0.0 ], [ 18.9275381, 72.8400128, 0.0 ], [ 18.9276081, 72.8401587, 0.0 ], [ 18.9276452, 72.8402377, 0.0 ], [ 18.9276777, 72.840307, 0.0 ], [ 18.9276812, 72.840314, 0.0 ], [ 18.9276836, 72.8403189, 0.0 ], [ 18.9276956, 72.8403435, 0.0 ], [ 18.9276988, 72.8403592, 0.0 ], [ 18.9276988, 72.8403592, 0.0 ], [ 18.9276987, 72.8403598, 0.0 ], [ 18.9276953, 72.8403741, 0.0 ], [ 18.9276918, 72.8403804, 0.0 ], [ 18.9276878, 72.8403878, 0.0 ], [ 18.9276784, 72.8403952, 0.0 ], [ 18.9276677, 72.8403986, 0.0 ], [ 18.9276643, 72.8403984, 0.0 ], [ 18.9276532, 72.8403978, 0.0 ], [ 18.927646, 72.8403957, 0.0 ], [ 18.9276406, 72.8403941, 0.0 ], [ 18.9276303, 72.840385, 0.0 ], [ 18.9274595, 72.8400371, 0.0 ], [ 18.9272773, 72.8396527, 0.0 ], [ 18.9271276, 72.8393334, 0.0 ], [ 18.9270675, 72.8392053, 0.0 ], [ 18.9267616, 72.83854, 0.0 ], [ 18.9264963, 72.8379559, 0.0 ], [ 18.926466, 72.8378889, 0.0 ], [ 18.9242923, 72.8388246, 0.0 ], [ 18.9217264, 72.8400454, 0.0 ], [ 18.9215469, 72.8402872, 0.0 ], [ 18.9213817, 72.8401936, 0.0 ], [ 18.9212477, 72.8404252, 0.0 ], [ 18.9224559, 72.8416263, 0.0 ], [ 18.9252587, 72.8443206, 0.0 ], [ 18.9254243, 72.844443, 0.0 ], [ 18.9256347, 72.8445074, 0.0 ], [ 18.9260807, 72.8444442, 0.0 ], [ 18.9261292, 72.8446926, 0.0 ], [ 18.9259569, 72.8447715, 0.0 ], [ 18.9255738, 72.8447572, 0.0 ], [ 18.9252806, 72.8446365, 0.0 ], [ 18.9229852, 72.842453, 0.0 ], [ 18.9209479, 72.8405153, 0.0 ], [ 18.9206812, 72.8403175, 0.0 ], [ 18.9204502, 72.8400523, 0.0 ], [ 18.9202525, 72.8395183, 0.0 ], [ 18.9202455, 72.8389149, 0.0 ], [ 18.9202865, 72.8385216, 0.0 ], [ 18.9204183, 72.8380984, 0.0 ], [ 18.920849, 72.8375085, 0.0 ], [ 18.9236, 72.834871, 0.0 ], [ 18.9233298, 72.8345035, 0.0 ], [ 18.9232421, 72.8343885, 0.0 ], [ 18.9231461, 72.8342645, 0.0 ], [ 18.922979, 72.8343916, 0.0 ], [ 18.9229397, 72.8344261, 0.0 ], [ 18.9229419, 72.8346438, 0.0 ], [ 18.922942, 72.8346526, 0.0 ], [ 18.9229447, 72.8349155, 0.0 ], [ 18.9229447, 72.8349176, 0.0 ], [ 18.9229433, 72.8349246, 0.0 ], [ 18.9229427, 72.8349276, 0.0 ], [ 18.922942, 72.8349311, 0.0 ], [ 18.9229384, 72.8349366, 0.0 ], [ 18.9229356, 72.834941, 0.0 ], [ 18.9229349, 72.8349423, 0.0 ], [ 18.9229343, 72.8349432, 0.0 ], [ 18.9229335, 72.8349445, 0.0 ], [ 18.9229255, 72.8349504, 0.0 ], [ 18.9229193, 72.8349541, 0.0 ], [ 18.9229038, 72.8349567, 0.0 ], [ 18.9228928, 72.8349525, 0.0 ], [ 18.9228801, 72.8349454, 0.0 ], [ 18.9224339, 72.8347398, 0.0 ], [ 18.9223282, 72.834691, 0.0 ], [ 18.9222677, 72.8346631, 0.0 ], [ 18.9222676, 72.8346631, 0.0 ], [ 18.921992, 72.8349, 0.0 ], [ 18.9219852, 72.8349042, 0.0 ], [ 18.9219804, 72.8349064, 0.0 ], [ 18.9219759, 72.8349079, 0.0 ], [ 18.9219699, 72.8349084, 0.0 ], [ 18.9219648, 72.8349082, 0.0 ], [ 18.9219602, 72.8349079, 0.0 ], [ 18.9219561, 72.8349071, 0.0 ], [ 18.9219515, 72.8349056, 0.0 ], [ 18.9219476, 72.8349033, 0.0 ], [ 18.9219435, 72.8348999, 0.0 ], [ 18.9219395, 72.8348961, 0.0 ], [ 18.9219356, 72.8348917, 0.0 ], [ 18.9219287, 72.8348827, 0.0 ], [ 18.9216429, 72.8345065, 0.0 ], [ 18.9216408, 72.8345017, 0.0 ], [ 18.9216395, 72.8344986, 0.0 ], [ 18.9216385, 72.8344951, 0.0 ], [ 18.921638, 72.8344913, 0.0 ], [ 18.9216379, 72.8344872, 0.0 ], [ 18.921638, 72.8344841, 0.0 ], [ 18.9216383, 72.8344799, 0.0 ], [ 18.9216387, 72.8344765, 0.0 ], [ 18.9216395, 72.834472, 0.0 ], [ 18.9216396, 72.8344715, 0.0 ], [ 18.9216401, 72.8344694, 0.0 ], [ 18.9216414, 72.8344656, 0.0 ], [ 18.9216439, 72.8344615, 0.0 ], [ 18.9216461, 72.8344583, 0.0 ], [ 18.9216484, 72.8344553, 0.0 ], [ 18.9216542, 72.8344495, 0.0 ], [ 18.9219277, 72.8342233, 0.0 ], [ 18.9219305, 72.834221, 0.0 ], [ 18.9219305, 72.8342194, 0.0 ], [ 18.9219308, 72.8342096, 0.0 ], [ 18.9219409, 72.8342016, 0.0 ], [ 18.9219408, 72.8342013, 0.0 ], [ 18.9219398, 72.8341952, 0.0 ], [ 18.9219386, 72.8341882, 0.0 ], [ 18.9219386, 72.8341881, 0.0 ], [ 18.9219268, 72.8341163, 0.0 ], [ 18.9218888, 72.8338953, 0.0 ], [ 18.9218749, 72.8337738, 0.0 ], [ 18.9218675, 72.8337303, 0.0 ], [ 18.9218673, 72.8337292, 0.0 ], [ 18.9218595, 72.833706, 0.0 ], [ 18.9218517, 72.8336909, 0.0 ], [ 18.9218382, 72.8336758, 0.0 ], [ 18.9218247, 72.8336638, 0.0 ], [ 18.9218016, 72.8336508, 0.0 ], [ 18.9216687, 72.83359, 0.0 ], [ 18.9213654, 72.8334544, 0.0 ], [ 18.9212403, 72.8333986, 0.0 ], [ 18.9210123, 72.8332976, 0.0 ], [ 18.920119, 72.8328514, 0.0 ], [ 18.9200515, 72.8328214, 0.0 ], [ 18.9198698, 72.8327403, 0.0 ], [ 18.9198681, 72.8327423, 0.0 ], [ 18.9198526, 72.8327486, 0.0 ], [ 18.9195537, 72.8326127, 0.0 ], [ 18.918955, 72.8323431, 0.0 ], [ 18.9189501, 72.8323409, 0.0 ], [ 18.9186309, 72.8321995, 0.0 ], [ 18.9184954, 72.8321395, 0.0 ], [ 18.9184932, 72.8321386, 0.0 ], [ 18.9183742, 72.8320838, 0.0 ], [ 18.9183742, 72.832084, 0.0 ], [ 18.9183738, 72.8320858, 0.0 ], [ 18.9183737, 72.8320865, 0.0 ], [ 18.9183732, 72.8320889, 0.0 ], [ 18.9183225, 72.8323407, 0.0 ], [ 18.9183224, 72.8323409, 0.0 ], [ 18.9183224, 72.832341, 0.0 ], [ 18.9183224, 72.832341, 0.0 ], [ 18.9183224, 72.8323411, 0.0 ], [ 18.9183006, 72.8324494, 0.0 ], [ 18.9182862, 72.8325214, 0.0 ], [ 18.9182852, 72.8325263, 0.0 ], [ 18.9182852, 72.8325266, 0.0 ], [ 18.9182847, 72.8325291, 0.0 ], [ 18.9182843, 72.832531, 0.0 ], [ 18.9182841, 72.8325318, 0.0 ], [ 18.9182833, 72.832536, 0.0 ], [ 18.918283, 72.8325373, 0.0 ], [ 18.9182825, 72.8325399, 0.0 ], [ 18.9182801, 72.832552, 0.0 ], [ 18.9182719, 72.8325929, 0.0 ], [ 18.9182626, 72.8326397, 0.0 ], [ 18.9182587, 72.8326624, 0.0 ], [ 18.9182538, 72.8326914, 0.0 ], [ 18.9182532, 72.832695, 0.0 ], [ 18.9182457, 72.832739, 0.0 ], [ 18.9182368, 72.8327915, 0.0 ], [ 18.9182325, 72.832798, 0.0 ], [ 18.918232, 72.8327986, 0.0 ], [ 18.918227, 72.8328046, 0.0 ], [ 18.9182243, 72.8328081, 0.0 ], [ 18.918224, 72.8328085, 0.0 ], [ 18.9182204, 72.8328131, 0.0 ], [ 18.9182154, 72.8328177, 0.0 ], [ 18.9182119, 72.8328209, 0.0 ], [ 18.9182016, 72.8328278, 0.0 ], [ 18.9181886, 72.8328352, 0.0 ], [ 18.918175, 72.8328385, 0.0 ], [ 18.9181602, 72.8328397, 0.0 ], [ 18.9181537, 72.8328399, 0.0 ], [ 18.9181489, 72.8328401, 0.0 ], [ 18.9181435, 72.8328397, 0.0 ], [ 18.9181382, 72.8328392, 0.0 ], [ 18.9181382, 72.8328392, 0.0 ], [ 18.9181381, 72.8328392, 0.0 ], [ 18.9181337, 72.8328389, 0.0 ], [ 18.9181205, 72.8328372, 0.0 ], [ 18.9181157, 72.8328354, 0.0 ], [ 18.9181108, 72.8328336, 0.0 ], [ 18.9181099, 72.832833, 0.0 ], [ 18.9181058, 72.8328303, 0.0 ], [ 18.9181039, 72.8328289, 0.0 ], [ 18.9181016, 72.8328273, 0.0 ], [ 18.9181013, 72.8328271, 0.0 ], [ 18.9181012, 72.832827, 0.0 ], [ 18.918101, 72.8328268, 0.0 ], [ 18.9180991, 72.8328254, 0.0 ], [ 18.9180968, 72.8328238, 0.0 ], [ 18.918092, 72.8328187, 0.0 ], [ 18.9180883, 72.8328148, 0.0 ], [ 18.9180817, 72.8328074, 0.0 ], [ 18.9180793, 72.8328042, 0.0 ], [ 18.9180774, 72.8328017, 0.0 ], [ 18.9180772, 72.8328014, 0.0 ], [ 18.9180752, 72.8327988, 0.0 ], [ 18.9180747, 72.832798, 0.0 ], [ 18.9180735, 72.832796, 0.0 ], [ 18.9180673, 72.8327845, 0.0 ], [ 18.9180654, 72.8327785, 0.0 ], [ 18.9180653, 72.8327782, 0.0 ], [ 18.9180651, 72.8327776, 0.0 ], [ 18.9180642, 72.8327747, 0.0 ], [ 18.9180637, 72.8327731, 0.0 ], [ 18.9180632, 72.8327699, 0.0 ], [ 18.9180631, 72.832769, 0.0 ], [ 18.9180622, 72.8327628, 0.0 ], [ 18.9180621, 72.8327621, 0.0 ], [ 18.9180614, 72.8327478, 0.0 ], [ 18.9180637, 72.8327339, 0.0 ], [ 18.9180641, 72.8327314, 0.0 ], [ 18.9180645, 72.8327286, 0.0 ], [ 18.9180647, 72.8327272, 0.0 ], [ 18.9180652, 72.8327241, 0.0 ], [ 18.9180717, 72.8326571, 0.0 ], [ 18.9180728, 72.8326451, 0.0 ], [ 18.9180739, 72.8326336, 0.0 ], [ 18.918074, 72.832633, 0.0 ], [ 18.9180741, 72.8326319, 0.0 ], [ 18.9180742, 72.8326306, 0.0 ], [ 18.9180742, 72.8326305, 0.0 ], [ 18.9180747, 72.8326254, 0.0 ], [ 18.9180812, 72.8325578, 0.0 ], [ 18.9180823, 72.8325467, 0.0 ], [ 18.9180858, 72.8325115, 0.0 ], [ 18.9180874, 72.8324961, 0.0 ], [ 18.9180936, 72.8324406, 0.0 ], [ 18.9181156, 72.8322295, 0.0 ], [ 18.918116, 72.8322258, 0.0 ], [ 18.9181167, 72.8322187, 0.0 ], [ 18.9181183, 72.8322041, 0.0 ], [ 18.9181285, 72.8321054, 0.0 ], [ 18.9181289, 72.8321024, 0.0 ], [ 18.9181303, 72.8320913, 0.0 ], [ 18.9181305, 72.8320876, 0.0 ], [ 18.9181306, 72.8320853, 0.0 ], [ 18.91813, 72.8320819, 0.0 ], [ 18.9181298, 72.8320809, 0.0 ], [ 18.9181297, 72.8320807, 0.0 ], [ 18.9181297, 72.8320806, 0.0 ], [ 18.9181291, 72.8320773, 0.0 ], [ 18.9181275, 72.8320714, 0.0 ], [ 18.9181267, 72.8320685, 0.0 ], [ 18.9181222, 72.8320603, 0.0 ], [ 18.9181199, 72.8320575, 0.0 ], [ 18.9181198, 72.8320574, 0.0 ], [ 18.9181197, 72.8320572, 0.0 ], [ 18.9181197, 72.8320572, 0.0 ], [ 18.9181195, 72.832057, 0.0 ], [ 18.9181168, 72.8320538, 0.0 ], [ 18.9181117, 72.8320484, 0.0 ], [ 18.9181085, 72.8320459, 0.0 ], [ 18.9181053, 72.8320435, 0.0 ], [ 18.9180972, 72.8320396, 0.0 ], [ 18.9180913, 72.8320379, 0.0 ], [ 18.9180824, 72.8320355, 0.0 ], [ 18.9180745, 72.8320334, 0.0 ], [ 18.918065, 72.8320308, 0.0 ], [ 18.9180509, 72.832027, 0.0 ], [ 18.9180409, 72.8320244, 0.0 ], [ 18.9180261, 72.8320211, 0.0 ], [ 18.918022, 72.8320202, 0.0 ], [ 18.9177766, 72.8319627, 0.0 ], [ 18.9177766, 72.8319627, 0.0 ], [ 18.9177763, 72.8319627, 0.0 ], [ 18.9177761, 72.8319626, 0.0 ], [ 18.9177759, 72.8319626, 0.0 ], [ 18.9175811, 72.831917, 0.0 ], [ 18.9174416, 72.8318843, 0.0 ], [ 18.917392, 72.8318711, 0.0 ], [ 18.91738, 72.8318678, 0.0 ], [ 18.9173799, 72.8318678, 0.0 ], [ 18.9173721, 72.8318636, 0.0 ], [ 18.9173643, 72.8318572, 0.0 ], [ 18.9173634, 72.8318555, 0.0 ], [ 18.9173578, 72.8318453, 0.0 ], [ 18.9173553, 72.8318391, 0.0 ], [ 18.9173528, 72.8318328, 0.0 ], [ 18.9173496, 72.8318116, 0.0 ], [ 18.9173526, 72.8317871, 0.0 ], [ 18.9173697, 72.831707, 0.0 ], [ 18.9173911, 72.831611, 0.0 ], [ 18.9174022, 72.8315694, 0.0 ], [ 18.9174028, 72.8315674, 0.0 ], [ 18.9174077, 72.8315468, 0.0 ], [ 18.917412, 72.8315343, 0.0 ], [ 18.9174122, 72.8315294, 0.0 ], [ 18.9174125, 72.8315217, 0.0 ], [ 18.9174112, 72.8315065, 0.0 ], [ 18.9174088, 72.8314982, 0.0 ], [ 18.9174075, 72.8314939, 0.0 ], [ 18.9173988, 72.83148, 0.0 ], [ 18.9173826, 72.8314589, 0.0 ], [ 18.9173103, 72.8313736, 0.0 ], [ 18.9171036, 72.8311286, 0.0 ], [ 18.9169578, 72.8309558, 0.0 ], [ 18.916775, 72.8307411, 0.0 ], [ 18.9167405, 72.8306979, 0.0 ], [ 18.9167279, 72.830682, 0.0 ], [ 18.9166427, 72.830575, 0.0 ], [ 18.9165642, 72.8304843, 0.0 ], [ 18.9165642, 72.8304842, 0.0 ], [ 18.9165642, 72.8304842, 0.0 ], [ 18.9164416, 72.8303423, 0.0 ], [ 18.9163491, 72.8302236, 0.0 ], [ 18.9160877, 72.8299163, 0.0 ], [ 18.9160248, 72.8298417, 0.0 ], [ 18.915381, 72.8305107, 0.0 ], [ 18.915403, 72.8305676, 0.0 ], [ 18.9154065, 72.8305765, 0.0 ], [ 18.9154253, 72.8306237, 0.0 ], [ 18.9154396, 72.8306632, 0.0 ], [ 18.9154396, 72.8306632, 0.0 ], [ 18.9154396, 72.8306632, 0.0 ], [ 18.9154511, 72.8306949, 0.0 ], [ 18.9154576, 72.8307175, 0.0 ], [ 18.9154586, 72.8307367, 0.0 ], [ 18.9154556, 72.8307537, 0.0 ], [ 18.91545, 72.8307706, 0.0 ], [ 18.9154382, 72.8307876, 0.0 ], [ 18.9154142, 72.8308187, 0.0 ], [ 18.9153869, 72.8308542, 0.0 ], [ 18.9153869, 72.8308542, 0.0 ], [ 18.9153868, 72.8308544, 0.0 ], [ 18.9153867, 72.8308544, 0.0 ], [ 18.9153865, 72.8308547, 0.0 ], [ 18.9153864, 72.8308549, 0.0 ], [ 18.9150919, 72.8312373, 0.0 ], [ 18.9150737, 72.8312509, 0.0 ], [ 18.9150718, 72.8312525, 0.0 ], [ 18.9150629, 72.8312599, 0.0 ], [ 18.9150602, 72.8312611, 0.0 ], [ 18.9150554, 72.8312633, 0.0 ], [ 18.9150478, 72.8312644, 0.0 ], [ 18.9150367, 72.8312634, 0.0 ], [ 18.915036, 72.8312633, 0.0 ], [ 18.915031, 72.8312573, 0.0 ], [ 18.9150121, 72.8312381, 0.0 ], [ 18.9149719, 72.8312035, 0.0 ], [ 18.9147876, 72.8310403, 0.0 ], [ 18.9146155, 72.8308947, 0.0 ], [ 18.9144541, 72.8307507, 0.0 ], [ 18.9143966, 72.8307003, 0.0 ], [ 18.9142912, 72.8306079, 0.0 ], [ 18.9142302, 72.8305566, 0.0 ], [ 18.9141501, 72.8304902, 0.0 ], [ 18.9140136, 72.8303758, 0.0 ], [ 18.9138798, 72.830266, 0.0 ], [ 18.9138641, 72.8302506, 0.0 ], [ 18.913783, 72.8301821, 0.0 ], [ 18.9137456, 72.8301524, 0.0 ], [ 18.9137106, 72.8301211, 0.0 ], [ 18.9134316, 72.8298788, 0.0 ], [ 18.9131718, 72.8296531, 0.0 ], [ 18.9130227, 72.8295249, 0.0 ], [ 18.9130186, 72.8295214, 0.0 ], [ 18.9129806, 72.8294887, 0.0 ], [ 18.9129625, 72.8294731, 0.0 ] ] ] } },
{ "type": "Feature", "id": 21, "properties": { "Name": "\n    C\n   ", "tessellate": 1, "extrude": 0, "visibility": -1, "NAME2": "C\n", "OBJECTID": 22, "Shape__Area": 1913026.14252, "Shape__Length": 6389.3046526400003 }, "geometry": { "type": "Polygon", "coordinates": [ [ [ 18.9617446, 72.8319769, 0.0 ], [ 18.961644, 72.8319726, 0.0 ], [ 18.9615524, 72.8319697, 0.0 ], [ 18.9613796, 72.8319681, 0.0 ], [ 18.9612683, 72.8319652, 0.0 ], [ 18.961074, 72.831958, 0.0 ], [ 18.9609493, 72.8319466, 0.0 ], [ 18.9608782, 72.8319346, 0.0 ], [ 18.9608268, 72.8319217, 0.0 ], [ 18.9607014, 72.8318878, 0.0 ], [ 18.9605809, 72.8318432, 0.0 ], [ 18.9604877, 72.8318142, 0.0 ], [ 18.9603999, 72.8317915, 0.0 ], [ 18.960288, 72.8317773, 0.0 ], [ 18.9602594, 72.8317739, 0.0 ], [ 18.9601975, 72.8317666, 0.0 ], [ 18.9601318, 72.8317645, 0.0 ], [ 18.9599883, 72.8317622, 0.0 ], [ 18.9595987, 72.8317504, 0.0 ], [ 18.9594408, 72.8317457, 0.0 ], [ 18.9587528, 72.8318023, 0.0 ], [ 18.9584049, 72.8319237, 0.0 ], [ 18.9582772, 72.8319611, 0.0 ], [ 18.9582302, 72.8319748, 0.0 ], [ 18.9581749, 72.8319859, 0.0 ], [ 18.9580825, 72.8320032, 0.0 ], [ 18.9580327, 72.8320093, 0.0 ], [ 18.9579707, 72.8320192, 0.0 ], [ 18.9579038, 72.832025, 0.0 ], [ 18.9578735, 72.8320273, 0.0 ], [ 18.9577815, 72.8320342, 0.0 ], [ 18.9576293, 72.8320461, 0.0 ], [ 18.9574776, 72.8320546, 0.0 ], [ 18.9573702, 72.8320635, 0.0 ], [ 18.9573437, 72.8320663, 0.0 ], [ 18.9572732, 72.8320646, 0.0 ], [ 18.9571766, 72.8320558, 0.0 ], [ 18.9570888, 72.8320405, 0.0 ], [ 18.9570401, 72.8320307, 0.0 ], [ 18.9570298, 72.8320287, 0.0 ], [ 18.9569988, 72.8320246, 0.0 ], [ 18.9569233, 72.8320218, 0.0 ], [ 18.9568499, 72.8320213, 0.0 ], [ 18.9568358, 72.8320222, 0.0 ], [ 18.956737, 72.8320264, 0.0 ], [ 18.9565711, 72.8320362, 0.0 ], [ 18.9565521, 72.8320366, 0.0 ], [ 18.9565274, 72.8320371, 0.0 ], [ 18.9563852, 72.8320769, 0.0 ], [ 18.9563307, 72.8320797, 0.0 ], [ 18.956289, 72.8320818, 0.0 ], [ 18.9558746, 72.8321115, 0.0 ], [ 18.9558614, 72.8321124, 0.0 ], [ 18.9550543, 72.8321857, 0.0 ], [ 18.9548986, 72.8321467, 0.0 ], [ 18.95485, 72.8321489, 0.0 ], [ 18.9547684, 72.8321397, 0.0 ], [ 18.9546586, 72.8321159, 0.0 ], [ 18.9545622, 72.8320644, 0.0 ], [ 18.9545326, 72.8320489, 0.0 ], [ 18.954317, 72.8319359, 0.0 ], [ 18.9541364, 72.8318143, 0.0 ], [ 18.9541231, 72.831805, 0.0 ], [ 18.9541124, 72.8317988, 0.0 ], [ 18.9540902, 72.8317915, 0.0 ], [ 18.9540885, 72.8317909, 0.0 ], [ 18.9540722, 72.831783, 0.0 ], [ 18.9540474, 72.8317765, 0.0 ], [ 18.9540257, 72.8317722, 0.0 ], [ 18.9540044, 72.8317692, 0.0 ], [ 18.9539997, 72.8317691, 0.0 ], [ 18.9539651, 72.831764, 0.0 ], [ 18.9539267, 72.8317673, 0.0 ], [ 18.9538973, 72.8317766, 0.0 ], [ 18.9538773, 72.8317831, 0.0 ], [ 18.9538192, 72.8318021, 0.0 ], [ 18.9538124, 72.8318043, 0.0 ], [ 18.9537418, 72.8318272, 0.0 ], [ 18.9536707, 72.8318501, 0.0 ], [ 18.952536, 72.8322273, 0.0 ], [ 18.9524501, 72.8322559, 0.0 ], [ 18.9524434, 72.8322578, 0.0 ], [ 18.9522645, 72.8323102, 0.0 ], [ 18.9520777, 72.8323649, 0.0 ], [ 18.9515215, 72.8325292, 0.0 ], [ 18.9514509, 72.8325503, 0.0 ], [ 18.9507356, 72.8327645, 0.0 ], [ 18.9507343, 72.8327649, 0.0 ], [ 18.950679, 72.8327814, 0.0 ], [ 18.9506783, 72.8327816, 0.0 ], [ 18.9504524, 72.8328355, 0.0 ], [ 18.9502494, 72.8328968, 0.0 ], [ 18.9501236, 72.8329361, 0.0 ], [ 18.9493556, 72.8331758, 0.0 ], [ 18.9493553, 72.8331759, 0.0 ], [ 18.9491289, 72.8332451, 0.0 ], [ 18.9489456, 72.833305, 0.0 ], [ 18.9487985, 72.8333486, 0.0 ], [ 18.948677, 72.8333872, 0.0 ], [ 18.9484921, 72.8334411, 0.0 ], [ 18.9482935, 72.8335011, 0.0 ], [ 18.9482581, 72.8335114, 0.0 ], [ 18.9481351, 72.8335473, 0.0 ], [ 18.9480008, 72.833574, 0.0 ], [ 18.9478295, 72.833611, 0.0 ], [ 18.9476679, 72.8336463, 0.0 ], [ 18.9476214, 72.8336542, 0.0 ], [ 18.9475714, 72.8336627, 0.0 ], [ 18.9475264, 72.8336646, 0.0 ], [ 18.9474703, 72.833663, 0.0 ], [ 18.9474263, 72.8336073, 0.0 ], [ 18.9472736, 72.8334137, 0.0 ], [ 18.9472191, 72.8333461, 0.0 ], [ 18.9471674, 72.8332819, 0.0 ], [ 18.9470334, 72.8331016, 0.0 ], [ 18.9470333, 72.8331015, 0.0 ], [ 18.9470013, 72.8330585, 0.0 ], [ 18.946894, 72.8329169, 0.0 ], [ 18.9466443, 72.8325618, 0.0 ], [ 18.9465987, 72.8324969, 0.0 ], [ 18.9465542, 72.8324339, 0.0 ], [ 18.9465209, 72.8323868, 0.0 ], [ 18.9464372, 72.8322705, 0.0 ], [ 18.9463753, 72.8321833, 0.0 ], [ 18.9463215, 72.8321058, 0.0 ], [ 18.9462981, 72.8320716, 0.0 ], [ 18.9462653, 72.8320235, 0.0 ], [ 18.9462149, 72.8319593, 0.0 ], [ 18.9461841, 72.8319175, 0.0 ], [ 18.9461841, 72.8319175, 0.0 ], [ 18.9461667, 72.8318939, 0.0 ], [ 18.946125, 72.8318395, 0.0 ], [ 18.946059, 72.8317533, 0.0 ], [ 18.945973, 72.8316539, 0.0 ], [ 18.9458504, 72.8314939, 0.0 ], [ 18.9456017, 72.8311656, 0.0 ], [ 18.9453885, 72.8308918, 0.0 ], [ 18.9453711, 72.830872, 0.0 ], [ 18.945181, 72.8306553, 0.0 ], [ 18.94504, 72.8304988, 0.0 ], [ 18.9447695, 72.8302027, 0.0 ], [ 18.9447261, 72.8301577, 0.0 ], [ 18.9447261, 72.8301577, 0.0 ], [ 18.9445322, 72.8299563, 0.0 ], [ 18.9442846, 72.8296978, 0.0 ], [ 18.9441485, 72.8295564, 0.0 ], [ 18.9441327, 72.82954, 0.0 ], [ 18.9441103, 72.829514, 0.0 ], [ 18.9440513, 72.8294725, 0.0 ], [ 18.943973, 72.8294175, 0.0 ], [ 18.9439526, 72.8294004, 0.0 ], [ 18.9438666, 72.8293283, 0.0 ], [ 18.9437511, 72.8292314, 0.0 ], [ 18.9437506, 72.829231, 0.0 ], [ 18.9437488, 72.8292295, 0.0 ], [ 18.9437469, 72.8292278, 0.0 ], [ 18.9437468, 72.8292277, 0.0 ], [ 18.9437466, 72.8292275, 0.0 ], [ 18.9437459, 72.8292269, 0.0 ], [ 18.9437408, 72.8292225, 0.0 ], [ 18.9436534, 72.8291451, 0.0 ], [ 18.9434935, 72.8290095, 0.0 ], [ 18.9434909, 72.8290072, 0.0 ], [ 18.9434532, 72.8289753, 0.0 ], [ 18.9434507, 72.8289732, 0.0 ], [ 18.9434515, 72.8289725, 0.0 ], [ 18.9434349, 72.8289622, 0.0 ], [ 18.9434255, 72.8289545, 0.0 ], [ 18.9433856, 72.8289204, 0.0 ], [ 18.943359, 72.8288976, 0.0 ], [ 18.9433367, 72.8288742, 0.0 ], [ 18.9433319, 72.8288692, 0.0 ], [ 18.9433178, 72.8288545, 0.0 ], [ 18.9433081, 72.8288408, 0.0 ], [ 18.9432942, 72.8288213, 0.0 ], [ 18.9432777, 72.8287934, 0.0 ], [ 18.943268, 72.8287769, 0.0 ], [ 18.9432328, 72.8287114, 0.0 ], [ 18.9431813, 72.8285868, 0.0 ], [ 18.9431754, 72.8285725, 0.0 ], [ 18.9431271, 72.8284325, 0.0 ], [ 18.9430986, 72.8283497, 0.0 ], [ 18.9430866, 72.8283126, 0.0 ], [ 18.9430743, 72.8282747, 0.0 ], [ 18.9430441, 72.8282053, 0.0 ], [ 18.9430432, 72.8282032, 0.0 ], [ 18.9430432, 72.8282032, 0.0 ], [ 18.9430418, 72.8282001, 0.0 ], [ 18.9430409, 72.828198, 0.0 ], [ 18.9430401, 72.8281961, 0.0 ], [ 18.9430316, 72.8281766, 0.0 ], [ 18.943005, 72.8280076, 0.0 ], [ 18.9429713, 72.8277935, 0.0 ], [ 18.9429646, 72.8277506, 0.0 ], [ 18.9429548, 72.8277108, 0.0 ], [ 18.9429379, 72.827642, 0.0 ], [ 18.9429062, 72.8275395, 0.0 ], [ 18.9429062, 72.8275395, 0.0 ], [ 18.9428973, 72.8275108, 0.0 ], [ 18.9428875, 72.8274687, 0.0 ], [ 18.9428875, 72.8274687, 0.0 ], [ 18.9428747, 72.8274142, 0.0 ], [ 18.9428369, 72.8272457, 0.0 ], [ 18.9427893, 72.8270886, 0.0 ], [ 18.94274, 72.8269258, 0.0 ], [ 18.94274, 72.8269256, 0.0 ], [ 18.9427396, 72.8269243, 0.0 ], [ 18.9427394, 72.8269237, 0.0 ], [ 18.9427379, 72.8269188, 0.0 ], [ 18.9427374, 72.8269173, 0.0 ], [ 18.9427373, 72.8269168, 0.0 ], [ 18.9427253, 72.826902, 0.0 ], [ 18.9426576, 72.8268953, 0.0 ], [ 18.9426462, 72.8268653, 0.0 ], [ 18.9425777, 72.8266836, 0.0 ], [ 18.942574, 72.8266739, 0.0 ], [ 18.9425658, 72.8266521, 0.0 ], [ 18.942551, 72.8266126, 0.0 ], [ 18.942551, 72.8266126, 0.0 ], [ 18.9425332, 72.8265652, 0.0 ], [ 18.9424936, 72.82646, 0.0 ], [ 18.9424704, 72.8264007, 0.0 ], [ 18.9424172, 72.8262596, 0.0 ], [ 18.9424118, 72.8262456, 0.0 ], [ 18.9424118, 72.8262455, 0.0 ], [ 18.9423981, 72.8262105, 0.0 ], [ 18.9423981, 72.8262105, 0.0 ], [ 18.9423965, 72.8262066, 0.0 ], [ 18.9423934, 72.8261985, 0.0 ], [ 18.9423809, 72.8261666, 0.0 ], [ 18.9423357, 72.8260507, 0.0 ], [ 18.9423217, 72.8260149, 0.0 ], [ 18.9423122, 72.8259897, 0.0 ], [ 18.9423122, 72.8259897, 0.0 ], [ 18.9423089, 72.825981, 0.0 ], [ 18.9423081, 72.8259788, 0.0 ], [ 18.942305, 72.8259706, 0.0 ], [ 18.9423021, 72.825963, 0.0 ], [ 18.9422947, 72.8259421, 0.0 ], [ 18.94229, 72.8259298, 0.0 ], [ 18.9422823, 72.8259101, 0.0 ], [ 18.942247, 72.8258173, 0.0 ], [ 18.9422413, 72.8258023, 0.0 ], [ 18.9422392, 72.8258007, 0.0 ], [ 18.942206, 72.825776, 0.0 ], [ 18.9422058, 72.8257759, 0.0 ], [ 18.9422057, 72.8257758, 0.0 ], [ 18.9422002, 72.8257717, 0.0 ], [ 18.9421881, 72.8257627, 0.0 ], [ 18.9421436, 72.8257415, 0.0 ], [ 18.9421109, 72.8257259, 0.0 ], [ 18.9420947, 72.8257181, 0.0 ], [ 18.942074, 72.8256966, 0.0 ], [ 18.9420565, 72.8256784, 0.0 ], [ 18.9420447, 72.8256661, 0.0 ], [ 18.942005, 72.8256245, 0.0 ], [ 18.9420028, 72.8256166, 0.0 ], [ 18.941998, 72.825599, 0.0 ], [ 18.9419129, 72.8252856, 0.0 ], [ 18.9418635, 72.8251036, 0.0 ], [ 18.9418634, 72.8251036, 0.0 ], [ 18.9416979, 72.8244944, 0.0 ], [ 18.9415684, 72.8239719, 0.0 ], [ 18.9415585, 72.823932, 0.0 ], [ 18.9415567, 72.8239248, 0.0 ], [ 18.9415381, 72.8238497, 0.0 ], [ 18.9414865, 72.8236417, 0.0 ], [ 18.9414855, 72.8236377, 0.0 ], [ 18.9414646, 72.8235497, 0.0 ], [ 18.9416568, 72.823492, 0.0 ], [ 18.9418079, 72.8234513, 0.0 ], [ 18.941958, 72.8234063, 0.0 ], [ 18.9421338, 72.823356, 0.0 ], [ 18.9422958, 72.8233028, 0.0 ], [ 18.9424698, 72.8232446, 0.0 ], [ 18.9426373, 72.8231856, 0.0 ], [ 18.942816, 72.8231236, 0.0 ], [ 18.9430084, 72.8230518, 0.0 ], [ 18.9430966, 72.8230174, 0.0 ], [ 18.9431621, 72.8229948, 0.0 ], [ 18.9432211, 72.8229693, 0.0 ], [ 18.9432986, 72.8229369, 0.0 ], [ 18.9434367, 72.8228818, 0.0 ], [ 18.9435027, 72.8228552, 0.0 ], [ 18.9435821, 72.8228228, 0.0 ], [ 18.9437792, 72.8227146, 0.0 ], [ 18.9438555, 72.8226791, 0.0 ], [ 18.9438935, 72.8226606, 0.0 ], [ 18.9439843, 72.8226208, 0.0 ], [ 18.9440688, 72.8225837, 0.0 ], [ 18.9440688, 72.8225898, 0.0 ], [ 18.9443071, 72.8224762, 0.0 ], [ 18.944543, 72.8223646, 0.0 ], [ 18.9447806, 72.8222415, 0.0 ], [ 18.945144, 72.8220496, 0.0 ], [ 18.9455619, 72.8218081, 0.0 ], [ 18.9457255, 72.8217166, 0.0 ], [ 18.9458891, 72.8216094, 0.0 ], [ 18.9460987, 72.8214773, 0.0 ], [ 18.9463218, 72.8213278, 0.0 ], [ 18.9464923, 72.8212097, 0.0 ], [ 18.9466255, 72.8211165, 0.0 ], [ 18.9469256, 72.8209079, 0.0 ], [ 18.9472463, 72.8206792, 0.0 ], [ 18.9475531, 72.8204469, 0.0 ], [ 18.9479707, 72.8201214, 0.0 ], [ 18.9483021, 72.8198596, 0.0 ], [ 18.9484392, 72.8197497, 0.0 ], [ 18.9485501, 72.8196605, 0.0 ], [ 18.9487602, 72.8194912, 0.0 ], [ 18.9489249, 72.819352, 0.0 ], [ 18.9489252, 72.8193518, 0.0 ], [ 18.9494564, 72.8189246, 0.0 ], [ 18.9494744, 72.8189501, 0.0 ], [ 18.9496279, 72.8191418, 0.0 ], [ 18.9496661, 72.8191875, 0.0 ], [ 18.9497111, 72.8192368, 0.0 ], [ 18.9497117, 72.8192374, 0.0 ], [ 18.9497413, 72.8192698, 0.0 ], [ 18.9498695, 72.8194091, 0.0 ], [ 18.9499423, 72.8194896, 0.0 ], [ 18.9499799, 72.8195238, 0.0 ], [ 18.9500441, 72.8195951, 0.0 ], [ 18.9500821, 72.8196334, 0.0 ], [ 18.9502185, 72.8197861, 0.0 ], [ 18.9502364, 72.8198061, 0.0 ], [ 18.9503159, 72.8199004, 0.0 ], [ 18.950367, 72.8199582, 0.0 ], [ 18.9504011, 72.8199966, 0.0 ], [ 18.9504017, 72.8199973, 0.0 ], [ 18.9505074, 72.8201166, 0.0 ], [ 18.9505193, 72.8201283, 0.0 ], [ 18.9505266, 72.8201356, 0.0 ], [ 18.9505834, 72.8201928, 0.0 ], [ 18.9506508, 72.8202607, 0.0 ], [ 18.9506813, 72.820355, 0.0 ], [ 18.950685, 72.8203664, 0.0 ], [ 18.9507747, 72.820654, 0.0 ], [ 18.9508453, 72.8208674, 0.0 ], [ 18.9509025, 72.8210488, 0.0 ], [ 18.9509167, 72.821094, 0.0 ], [ 18.9509294, 72.8211548, 0.0 ], [ 18.9509499, 72.8211914, 0.0 ], [ 18.951012, 72.821309, 0.0 ], [ 18.9510172, 72.8213189, 0.0 ], [ 18.9510291, 72.8213408, 0.0 ], [ 18.9510621, 72.8213844, 0.0 ], [ 18.9510878, 72.8214166, 0.0 ], [ 18.9511132, 72.8214494, 0.0 ], [ 18.9511537, 72.8215165, 0.0 ], [ 18.9512575, 72.8217192, 0.0 ], [ 18.9513343, 72.8218557, 0.0 ], [ 18.9513585, 72.8219216, 0.0 ], [ 18.9513603, 72.8219247, 0.0 ], [ 18.9514355, 72.8220562, 0.0 ], [ 18.9515297, 72.8222343, 0.0 ], [ 18.9515388, 72.8222516, 0.0 ], [ 18.9516186, 72.8223966, 0.0 ], [ 18.951717, 72.8225788, 0.0 ], [ 18.9517586, 72.8226556, 0.0 ], [ 18.9517745, 72.8226849, 0.0 ], [ 18.9517777, 72.8227162, 0.0 ], [ 18.9517825, 72.8227352, 0.0 ], [ 18.9517827, 72.8227489, 0.0 ], [ 18.9517828, 72.8227524, 0.0 ], [ 18.9517828, 72.8227669, 0.0 ], [ 18.9517817, 72.822779, 0.0 ], [ 18.9517809, 72.8227991, 0.0 ], [ 18.9517852, 72.8228124, 0.0 ], [ 18.9517916, 72.8228211, 0.0 ], [ 18.9518077, 72.8228429, 0.0 ], [ 18.9518768, 72.8229305, 0.0 ], [ 18.9518809, 72.8229362, 0.0 ], [ 18.9518948, 72.8229557, 0.0 ], [ 18.9519039, 72.8229685, 0.0 ], [ 18.9519925, 72.8230928, 0.0 ], [ 18.9520587, 72.8231983, 0.0 ], [ 18.9521331, 72.8233139, 0.0 ], [ 18.9522191, 72.8234491, 0.0 ], [ 18.9522551, 72.8235322, 0.0 ], [ 18.9523071, 72.8236394, 0.0 ], [ 18.9523819, 72.8238103, 0.0 ], [ 18.9524312, 72.8239332, 0.0 ], [ 18.9524807, 72.8240441, 0.0 ], [ 18.9525424, 72.824181, 0.0 ], [ 18.9525919, 72.8242899, 0.0 ], [ 18.9526363, 72.8243822, 0.0 ], [ 18.9526739, 72.8244735, 0.0 ], [ 18.9527386, 72.8246175, 0.0 ], [ 18.9527945, 72.8247214, 0.0 ], [ 18.9528264, 72.8247869, 0.0 ], [ 18.9528442, 72.824816, 0.0 ], [ 18.9528603, 72.8248468, 0.0 ], [ 18.9528927, 72.8249012, 0.0 ], [ 18.9529316, 72.8249709, 0.0 ], [ 18.9530109, 72.8251227, 0.0 ], [ 18.9530121, 72.8251251, 0.0 ], [ 18.9531057, 72.8253073, 0.0 ], [ 18.9531131, 72.8253294, 0.0 ], [ 18.9531319, 72.825386, 0.0 ], [ 18.9531351, 72.8253963, 0.0 ], [ 18.9531408, 72.8254154, 0.0 ], [ 18.9533647, 72.825372, 0.0 ], [ 18.9533666, 72.8253709, 0.0 ], [ 18.9534061, 72.8253472, 0.0 ], [ 18.953431, 72.8253408, 0.0 ], [ 18.9534898, 72.8253318, 0.0 ], [ 18.9535849, 72.8253172, 0.0 ], [ 18.953752, 72.8252916, 0.0 ], [ 18.9538365, 72.8252787, 0.0 ], [ 18.9538926, 72.8252627, 0.0 ], [ 18.9539096, 72.8252578, 0.0 ], [ 18.9540545, 72.8252266, 0.0 ], [ 18.9541288, 72.8251995, 0.0 ], [ 18.9543234, 72.8251285, 0.0 ], [ 18.9543315, 72.8251256, 0.0 ], [ 18.9543791, 72.8251066, 0.0 ], [ 18.9544239, 72.8250961, 0.0 ], [ 18.9544582, 72.8250969, 0.0 ], [ 18.9545009, 72.8251038, 0.0 ], [ 18.9545021, 72.8251042, 0.0 ], [ 18.9545449, 72.8251181, 0.0 ], [ 18.9546009, 72.8251572, 0.0 ], [ 18.9547574, 72.8253053, 0.0 ], [ 18.9548032, 72.8253486, 0.0 ], [ 18.9549414, 72.8255189, 0.0 ], [ 18.9550266, 72.8256238, 0.0 ], [ 18.955039, 72.825612, 0.0 ], [ 18.9551501, 72.8255083, 0.0 ], [ 18.9552263, 72.8254398, 0.0 ], [ 18.9553278, 72.8253436, 0.0 ], [ 18.9553716, 72.8253041, 0.0 ], [ 18.9554708, 72.8252102, 0.0 ], [ 18.9555676, 72.8251178, 0.0 ], [ 18.9556478, 72.8250422, 0.0 ], [ 18.9556589, 72.8250317, 0.0 ], [ 18.9557108, 72.8250552, 0.0 ], [ 18.9557195, 72.8250592, 0.0 ], [ 18.9558004, 72.8250957, 0.0 ], [ 18.9558489, 72.8251181, 0.0 ], [ 18.9559592, 72.8251689, 0.0 ], [ 18.9559715, 72.8251746, 0.0 ], [ 18.9561384, 72.8252487, 0.0 ], [ 18.9563141, 72.8253257, 0.0 ], [ 18.9565069, 72.8254122, 0.0 ], [ 18.9567033, 72.8255006, 0.0 ], [ 18.9567522, 72.8255232, 0.0 ], [ 18.9567647, 72.8255282, 0.0 ], [ 18.9567761, 72.8255318, 0.0 ], [ 18.9567817, 72.8255336, 0.0 ], [ 18.956819, 72.8255449, 0.0 ], [ 18.9568191, 72.825545, 0.0 ], [ 18.9568467, 72.8255535, 0.0 ], [ 18.9568626, 72.8255582, 0.0 ], [ 18.9569414, 72.8255949, 0.0 ], [ 18.957062, 72.8256623, 0.0 ], [ 18.9571236, 72.8256967, 0.0 ], [ 18.9572301, 72.8257426, 0.0 ], [ 18.9573684, 72.8258074, 0.0 ], [ 18.9575314, 72.8258843, 0.0 ], [ 18.9576153, 72.8259221, 0.0 ], [ 18.9576936, 72.8259574, 0.0 ], [ 18.957803, 72.8260056, 0.0 ], [ 18.9578946, 72.8260398, 0.0 ], [ 18.9580005, 72.8260834, 0.0 ], [ 18.9580393, 72.8260993, 0.0 ], [ 18.9581313, 72.8261423, 0.0 ], [ 18.9581707, 72.8261587, 0.0 ], [ 18.9582265, 72.8261602, 0.0 ], [ 18.9582812, 72.8261618, 0.0 ], [ 18.9582918, 72.8261621, 0.0 ], [ 18.9584302, 72.8261654, 0.0 ], [ 18.9585117, 72.8261674, 0.0 ], [ 18.9586006, 72.8261696, 0.0 ], [ 18.958615, 72.8261699, 0.0 ], [ 18.9590438, 72.82618, 0.0 ], [ 18.9594925, 72.826189, 0.0 ], [ 18.9596932, 72.826193, 0.0 ], [ 18.960043, 72.8262037, 0.0 ], [ 18.960094, 72.8262053, 0.0 ], [ 18.9602373, 72.8262089, 0.0 ], [ 18.9603185, 72.8262116, 0.0 ], [ 18.9604985, 72.8262156, 0.0 ], [ 18.9606121, 72.8262197, 0.0 ], [ 18.9606972, 72.8262221, 0.0 ], [ 18.9607385, 72.8262233, 0.0 ], [ 18.9608313, 72.8262273, 0.0 ], [ 18.9608824, 72.8262295, 0.0 ], [ 18.9609142, 72.8262298, 0.0 ], [ 18.9609946, 72.8262304, 0.0 ], [ 18.9610938, 72.8262323, 0.0 ], [ 18.961235, 72.8262355, 0.0 ], [ 18.9613065, 72.8262378, 0.0 ], [ 18.9614134, 72.8262413, 0.0 ], [ 18.9615551, 72.8262442, 0.0 ], [ 18.9616758, 72.8262468, 0.0 ], [ 18.961688, 72.8262471, 0.0 ], [ 18.9616877, 72.8262629, 0.0 ], [ 18.9616824, 72.826578, 0.0 ], [ 18.9616746, 72.8270395, 0.0 ], [ 18.9616738, 72.8270863, 0.0 ], [ 18.9616732, 72.8271251, 0.0 ], [ 18.9616717, 72.8272147, 0.0 ], [ 18.9616711, 72.8272461, 0.0 ], [ 18.9616965, 72.8279205, 0.0 ], [ 18.9616999, 72.8280109, 0.0 ], [ 18.9617115, 72.8284689, 0.0 ], [ 18.9617204, 72.8288207, 0.0 ], [ 18.9617276, 72.8289864, 0.0 ], [ 18.9617356, 72.8291089, 0.0 ], [ 18.9617449, 72.829312, 0.0 ], [ 18.9617488, 72.8293868, 0.0 ], [ 18.9617568, 72.8295284, 0.0 ], [ 18.961762, 72.8296263, 0.0 ], [ 18.9617634, 72.8296539, 0.0 ], [ 18.9617727, 72.8298218, 0.0 ], [ 18.9617732, 72.8298281, 0.0 ], [ 18.9617801, 72.8299154, 0.0 ], [ 18.9617828, 72.8299933, 0.0 ], [ 18.9617847, 72.8300438, 0.0 ], [ 18.9617889, 72.8301206, 0.0 ], [ 18.9617933, 72.8301996, 0.0 ], [ 18.9617937, 72.8302102, 0.0 ], [ 18.9617972, 72.8302899, 0.0 ], [ 18.9618008, 72.8303511, 0.0 ], [ 18.9618086, 72.8304851, 0.0 ], [ 18.9618148, 72.8306258, 0.0 ], [ 18.9618154, 72.8306529, 0.0 ], [ 18.9618293, 72.8309476, 0.0 ], [ 18.9618373, 72.8310971, 0.0 ], [ 18.9618449, 72.8312929, 0.0 ], [ 18.9618465, 72.8313332, 0.0 ], [ 18.9618538, 72.8315244, 0.0 ], [ 18.9618541, 72.8315317, 0.0 ], [ 18.9618623, 72.8317054, 0.0 ], [ 18.9618669, 72.831826, 0.0 ], [ 18.9618695, 72.8319509, 0.0 ], [ 18.9618729, 72.8319897, 0.0 ], [ 18.9617989, 72.8319805, 0.0 ], [ 18.9617446, 72.8319769, 0.0 ] ] ] } },
{ "type": "Feature", "id": 22, "properties": { "Name": "\n    D\n   ", "tessellate": 1, "extrude": 0, "visibility": -1, "NAME2": "D\n", "OBJECTID": 23, "Shape__Area": 8302030.1558800004, "Shape__Length": 16127.0863455 }, "geometry": { "type": "Polygon", "coordinates": [ [ [ 18.9428744, 72.795347, 0.0 ], [ 18.9427802, 72.7953339, 0.0 ], [ 18.9426119, 72.7953143, 0.0 ], [ 18.94249, 72.7952968, 0.0 ], [ 18.9423676, 72.7952979, 0.0 ], [ 18.9422671, 72.7952955, 0.0 ], [ 18.9420243, 72.7952523, 0.0 ], [ 18.9419381, 72.7952278, 0.0 ], [ 18.9419293, 72.7952213, 0.0 ], [ 18.9417987, 72.7951826, 0.0 ], [ 18.9417512, 72.7951675, 0.0 ], [ 18.941732, 72.7951603, 0.0 ], [ 18.9417243, 72.7951596, 0.0 ], [ 18.9417175, 72.7951677, 0.0 ], [ 18.9417121, 72.7951741, 0.0 ], [ 18.9417034, 72.7951781, 0.0 ], [ 18.9417034, 72.7951828, 0.0 ], [ 18.9417035, 72.7951936, 0.0 ], [ 18.9417009, 72.7951953, 0.0 ], [ 18.9416945, 72.7951971, 0.0 ], [ 18.9416343, 72.7951654, 0.0 ], [ 18.941587, 72.7951395, 0.0 ], [ 18.9415153, 72.7950986, 0.0 ], [ 18.9414782, 72.795078, 0.0 ], [ 18.9414689, 72.7950714, 0.0 ], [ 18.941467, 72.7950674, 0.0 ], [ 18.9414691, 72.7950576, 0.0 ], [ 18.9414745, 72.7950445, 0.0 ], [ 18.9414751, 72.7950407, 0.0 ], [ 18.9414456, 72.7950244, 0.0 ], [ 18.9413533, 72.7949698, 0.0 ], [ 18.9412561, 72.7949141, 0.0 ], [ 18.9411809, 72.7948716, 0.0 ], [ 18.9411036, 72.7948299, 0.0 ], [ 18.9410389, 72.7948149, 0.0 ], [ 18.940965, 72.7947977, 0.0 ], [ 18.9409642, 72.7948047, 0.0 ], [ 18.9409457, 72.7948057, 0.0 ], [ 18.9409141, 72.7948182, 0.0 ], [ 18.9409055, 72.7948179, 0.0 ], [ 18.9408316, 72.7948099, 0.0 ], [ 18.9405406, 72.7947001, 0.0 ], [ 18.9402416, 72.7945721, 0.0 ], [ 18.9401951, 72.7945675, 0.0 ], [ 18.940162, 72.7945539, 0.0 ], [ 18.9400444, 72.7944547, 0.0 ], [ 18.9399796, 72.7944405, 0.0 ], [ 18.9397946, 72.7944088, 0.0 ], [ 18.9397313, 72.7943908, 0.0 ], [ 18.9397225, 72.7943712, 0.0 ], [ 18.9397234, 72.7943582, 0.0 ], [ 18.9397257, 72.794302, 0.0 ], [ 18.939708, 72.7942562, 0.0 ], [ 18.9396586, 72.7942212, 0.0 ], [ 18.9396328, 72.7942417, 0.0 ], [ 18.9396544, 72.7943005, 0.0 ], [ 18.9396598, 72.7945547, 0.0 ], [ 18.9397135, 72.7947759, 0.0 ], [ 18.9396965, 72.794776, 0.0 ], [ 18.9396492, 72.7945733, 0.0 ], [ 18.9396427, 72.7945295, 0.0 ], [ 18.9396387, 72.794297, 0.0 ], [ 18.9395875, 72.7941976, 0.0 ], [ 18.9394241, 72.7939736, 0.0 ], [ 18.9393824, 72.7939037, 0.0 ], [ 18.9393742, 72.7938463, 0.0 ], [ 18.939354, 72.7938097, 0.0 ], [ 18.9393415, 72.7937985, 0.0 ], [ 18.9393275, 72.7937898, 0.0 ], [ 18.9392825, 72.7936373, 0.0 ], [ 18.9392825, 72.793613, 0.0 ], [ 18.9392854, 72.793602, 0.0 ], [ 18.9392865, 72.7935694, 0.0 ], [ 18.9392701, 72.7935298, 0.0 ], [ 18.9392741, 72.7934559, 0.0 ], [ 18.9392609, 72.7934048, 0.0 ], [ 18.9392564, 72.793399, 0.0 ], [ 18.9392426, 72.793375, 0.0 ], [ 18.9392121, 72.7933015, 0.0 ], [ 18.9392133, 72.7932462, 0.0 ], [ 18.9392187, 72.7932346, 0.0 ], [ 18.9392419, 72.7931556, 0.0 ], [ 18.9394155, 72.7929301, 0.0 ], [ 18.9394211, 72.7929285, 0.0 ], [ 18.9394299, 72.7929291, 0.0 ], [ 18.9394551, 72.7929509, 0.0 ], [ 18.9394636, 72.7929562, 0.0 ], [ 18.9394724, 72.7929573, 0.0 ], [ 18.9395318, 72.7928839, 0.0 ], [ 18.9394851, 72.7928282, 0.0 ], [ 18.9395096, 72.7927752, 0.0 ], [ 18.939584, 72.7926659, 0.0 ], [ 18.9396538, 72.7925969, 0.0 ], [ 18.9397497, 72.7925572, 0.0 ], [ 18.9397602, 72.7925556, 0.0 ], [ 18.939768, 72.7925571, 0.0 ], [ 18.9397985, 72.792609, 0.0 ], [ 18.9398086, 72.7926192, 0.0 ], [ 18.9398156, 72.7926216, 0.0 ], [ 18.9398446, 72.792621, 0.0 ], [ 18.9398602, 72.7926127, 0.0 ], [ 18.9400305, 72.7924637, 0.0 ], [ 18.940049, 72.7924422, 0.0 ], [ 18.9400659, 72.792441, 0.0 ], [ 18.9400807, 72.7924572, 0.0 ], [ 18.9402268, 72.7925416, 0.0 ], [ 18.9403148, 72.7925792, 0.0 ], [ 18.9404547, 72.7927045, 0.0 ], [ 18.9405172, 72.7927254, 0.0 ], [ 18.9405659, 72.792719, 0.0 ], [ 18.9405825, 72.7927337, 0.0 ], [ 18.940634, 72.7927805, 0.0 ], [ 18.9406612, 72.7927908, 0.0 ], [ 18.9406945, 72.7927972, 0.0 ], [ 18.9407269, 72.7927994, 0.0 ], [ 18.9407531, 72.7927965, 0.0 ], [ 18.9407703, 72.7927961, 0.0 ], [ 18.9407908, 72.7928139, 0.0 ], [ 18.9408175, 72.7928444, 0.0 ], [ 18.9408305, 72.7928683, 0.0 ], [ 18.9409113, 72.7929179, 0.0 ], [ 18.9410587, 72.7930026, 0.0 ], [ 18.9411846, 72.7930613, 0.0 ], [ 18.941246, 72.7930827, 0.0 ], [ 18.9413638, 72.7931388, 0.0 ], [ 18.9416981, 72.7932984, 0.0 ], [ 18.9417731, 72.7933092, 0.0 ], [ 18.9419454, 72.793385, 0.0 ], [ 18.9427386, 72.7932453, 0.0 ], [ 18.9430941, 72.7933747, 0.0 ], [ 18.9434744, 72.7934902, 0.0 ], [ 18.9435716, 72.7935197, 0.0 ], [ 18.9436464, 72.7935453, 0.0 ], [ 18.943623, 72.7935682, 0.0 ], [ 18.9437559, 72.7936244, 0.0 ], [ 18.9438018, 72.7936417, 0.0 ], [ 18.9438073, 72.7936118, 0.0 ], [ 18.9438123, 72.7936135, 0.0 ], [ 18.9438233, 72.7936077, 0.0 ], [ 18.9438302, 72.7936085, 0.0 ], [ 18.9438673, 72.7934322, 0.0 ], [ 18.9438703, 72.7934181, 0.0 ], [ 18.9438964, 72.7934279, 0.0 ], [ 18.9438979, 72.7934277, 0.0 ], [ 18.9439179, 72.7934346, 0.0 ], [ 18.9439173, 72.7934389, 0.0 ], [ 18.9440453, 72.793484, 0.0 ], [ 18.9440591, 72.793405, 0.0 ], [ 18.94408, 72.793401, 0.0 ], [ 18.9440838, 72.7934002, 0.0 ], [ 18.9440853, 72.7934, 0.0 ], [ 18.9440892, 72.7933995, 0.0 ], [ 18.9442489, 72.7933652, 0.0 ], [ 18.9445445, 72.7931548, 0.0 ], [ 18.944773, 72.7930023, 0.0 ], [ 18.9450349, 72.7928138, 0.0 ], [ 18.9451555, 72.7926983, 0.0 ], [ 18.9454549, 72.7922458, 0.0 ], [ 18.9457017, 72.7920473, 0.0 ], [ 18.9463761, 72.7919666, 0.0 ], [ 18.9468946, 72.7918989, 0.0 ], [ 18.9473856, 72.7918458, 0.0 ], [ 18.9482357, 72.7917538, 0.0 ], [ 18.9482226, 72.7916652, 0.0 ], [ 18.9488462, 72.791565, 0.0 ], [ 18.9488822, 72.7915568, 0.0 ], [ 18.9489058, 72.7916972, 0.0 ], [ 18.9489081, 72.79189, 0.0 ], [ 18.9489449, 72.7918911, 0.0 ], [ 18.9493242, 72.7919012, 0.0 ], [ 18.9493409, 72.7919018, 0.0 ], [ 18.9502199, 72.7922657, 0.0 ], [ 18.9517359, 72.7929782, 0.0 ], [ 18.9523885, 72.7932849, 0.0 ], [ 18.9524161, 72.7933125, 0.0 ], [ 18.953304, 72.7937482, 0.0 ], [ 18.9544666, 72.7944077, 0.0 ], [ 18.9544806, 72.7944166, 0.0 ], [ 18.9561703, 72.7954938, 0.0 ], [ 18.9578118, 72.7964575, 0.0 ], [ 18.958087, 72.7966138, 0.0 ], [ 18.9592845, 72.7972939, 0.0 ], [ 18.9599023, 72.7976894, 0.0 ], [ 18.9613558, 72.7986688, 0.0 ], [ 18.9617426, 72.7989543, 0.0 ], [ 18.9618595, 72.7990406, 0.0 ], [ 18.9620132, 72.7991266, 0.0 ], [ 18.9621134, 72.7991916, 0.0 ], [ 18.9622338, 72.7992598, 0.0 ], [ 18.9623558, 72.7993264, 0.0 ], [ 18.9625104, 72.7994058, 0.0 ], [ 18.9626661, 72.7994687, 0.0 ], [ 18.9629429, 72.799572, 0.0 ], [ 18.9631366, 72.7996388, 0.0 ], [ 18.9632327, 72.799672, 0.0 ], [ 18.9634863, 72.7997589, 0.0 ], [ 18.9637082, 72.7998296, 0.0 ], [ 18.9640107, 72.799905, 0.0 ], [ 18.9642362, 72.7999655, 0.0 ], [ 18.9642844, 72.7999784, 0.0 ], [ 18.9645811, 72.8000562, 0.0 ], [ 18.9649037, 72.8001401, 0.0 ], [ 18.9652901, 72.8002302, 0.0 ], [ 18.9656082, 72.8002974, 0.0 ], [ 18.9659026, 72.8003477, 0.0 ], [ 18.9667647, 72.800509, 0.0 ], [ 18.9675432, 72.8006514, 0.0 ], [ 18.9676182, 72.8006652, 0.0 ], [ 18.9682743, 72.8007871, 0.0 ], [ 18.9689955, 72.8009176, 0.0 ], [ 18.9697738, 72.8010409, 0.0 ], [ 18.9706079, 72.8011982, 0.0 ], [ 18.970741, 72.8012224, 0.0 ], [ 18.9709832, 72.8012674, 0.0 ], [ 18.9712396, 72.8013275, 0.0 ], [ 18.9712963, 72.8013472, 0.0 ], [ 18.9725315, 72.8017756, 0.0 ], [ 18.9725352, 72.8017768, 0.0 ], [ 18.9725405, 72.8017788, 0.0 ], [ 18.9730858, 72.8019925, 0.0 ], [ 18.9730917, 72.8019949, 0.0 ], [ 18.9734426, 72.8021463, 0.0 ], [ 18.97345, 72.8021497, 0.0 ], [ 18.9739742, 72.8024033, 0.0 ], [ 18.9739789, 72.8024057, 0.0 ], [ 18.9739791, 72.8024058, 0.0 ], [ 18.9741323, 72.8024875, 0.0 ], [ 18.9743194, 72.8025835, 0.0 ], [ 18.9746116, 72.8027607, 0.0 ], [ 18.9749875, 72.8030196, 0.0 ], [ 18.9754536, 72.803307, 0.0 ], [ 18.9754607, 72.8033115, 0.0 ], [ 18.9759124, 72.8036181, 0.0 ], [ 18.9764444, 72.8039737, 0.0 ], [ 18.9771254, 72.804417, 0.0 ], [ 18.9792887, 72.8058256, 0.0 ], [ 18.9790987, 72.80617, 0.0 ], [ 18.9789037, 72.806554, 0.0 ], [ 18.9786283, 72.8070583, 0.0 ], [ 18.9784662, 72.8073866, 0.0 ], [ 18.9783084, 72.8077755, 0.0 ], [ 18.9782606, 72.8080075, 0.0 ], [ 18.9782066, 72.808323, 0.0 ], [ 18.9781982, 72.808528, 0.0 ], [ 18.9782507, 72.808711, 0.0 ], [ 18.9783268, 72.8087835, 0.0 ], [ 18.9784448, 72.8088456, 0.0 ], [ 18.9785057, 72.8088805, 0.0 ], [ 18.9785708, 72.8089512, 0.0 ], [ 18.9786054, 72.8089985, 0.0 ], [ 18.9786059, 72.8090422, 0.0 ], [ 18.9786862, 72.8091167, 0.0 ], [ 18.9787584, 72.8091868, 0.0 ], [ 18.9787589, 72.8091873, 0.0 ], [ 18.9788231, 72.8092424, 0.0 ], [ 18.9788253, 72.8092541, 0.0 ], [ 18.9788257, 72.8092563, 0.0 ], [ 18.9788191, 72.8092769, 0.0 ], [ 18.978808, 72.809294, 0.0 ], [ 18.9787935, 72.8092963, 0.0 ], [ 18.9787567, 72.8092996, 0.0 ], [ 18.9787027, 72.8092955, 0.0 ], [ 18.9786569, 72.809287, 0.0 ], [ 18.9786391, 72.8092804, 0.0 ], [ 18.9786053, 72.8092889, 0.0 ], [ 18.9786036, 72.8092988, 0.0 ], [ 18.9786004, 72.8093139, 0.0 ], [ 18.9785888, 72.8093201, 0.0 ], [ 18.9785455, 72.8093073, 0.0 ], [ 18.9785256, 72.8093028, 0.0 ], [ 18.9785044, 72.8093147, 0.0 ], [ 18.9784786, 72.8093397, 0.0 ], [ 18.9784467, 72.8093768, 0.0 ], [ 18.9784184, 72.8094213, 0.0 ], [ 18.9783744, 72.8094972, 0.0 ], [ 18.9783513, 72.8095512, 0.0 ], [ 18.9783426, 72.8095781, 0.0 ], [ 18.9783307, 72.8095917, 0.0 ], [ 18.9783091, 72.8095946, 0.0 ], [ 18.9782803, 72.8095924, 0.0 ], [ 18.9782744, 72.8096083, 0.0 ], [ 18.9782727, 72.8096923, 0.0 ], [ 18.9782718, 72.8097489, 0.0 ], [ 18.9782709, 72.8098018, 0.0 ], [ 18.9782681, 72.8099189, 0.0 ], [ 18.9782661, 72.8101727, 0.0 ], [ 18.9782661, 72.8101798, 0.0 ], [ 18.978266, 72.810306, 0.0 ], [ 18.9782645, 72.810371, 0.0 ], [ 18.9782637, 72.8104095, 0.0 ], [ 18.9782599, 72.8106042, 0.0 ], [ 18.9782593, 72.8107009, 0.0 ], [ 18.978259, 72.810745, 0.0 ], [ 18.9782562, 72.8108594, 0.0 ], [ 18.9782194, 72.8109774, 0.0 ], [ 18.9782086, 72.8110112, 0.0 ], [ 18.9781876, 72.8111622, 0.0 ], [ 18.9781864, 72.8112331, 0.0 ], [ 18.9782017, 72.8112675, 0.0 ], [ 18.9781577, 72.811315, 0.0 ], [ 18.978119, 72.8113803, 0.0 ], [ 18.9780771, 72.811451, 0.0 ], [ 18.9780709, 72.8114615, 0.0 ], [ 18.9780537, 72.8116032, 0.0 ], [ 18.9780577, 72.8116643, 0.0 ], [ 18.9780611, 72.8117149, 0.0 ], [ 18.9785041, 72.8139573, 0.0 ], [ 18.978564, 72.8142555, 0.0 ], [ 18.9788905, 72.8158808, 0.0 ], [ 18.9790282, 72.8165664, 0.0 ], [ 18.9790286, 72.8165681, 0.0 ], [ 18.9790969, 72.8169227, 0.0 ], [ 18.9794491, 72.8187499, 0.0 ], [ 18.9794851, 72.8189368, 0.0 ], [ 18.9795136, 72.8190796, 0.0 ], [ 18.9795306, 72.8191647, 0.0 ], [ 18.9795501, 72.8192609, 0.0 ], [ 18.9795641, 72.8193299, 0.0 ], [ 18.9795728, 72.8193728, 0.0 ], [ 18.9795831, 72.8194262, 0.0 ], [ 18.9796021, 72.8195248, 0.0 ], [ 18.9796284, 72.8196526, 0.0 ], [ 18.9797087, 72.8200418, 0.0 ], [ 18.9797117, 72.8200565, 0.0 ], [ 18.9797682, 72.8203266, 0.0 ], [ 18.9798009, 72.8204833, 0.0 ], [ 18.9798133, 72.8205428, 0.0 ], [ 18.9799537, 72.8212147, 0.0 ], [ 18.9799944, 72.8214092, 0.0 ], [ 18.9800293, 72.8215765, 0.0 ], [ 18.9800494, 72.8216725, 0.0 ], [ 18.9800595, 72.8217209, 0.0 ], [ 18.9801366, 72.8220896, 0.0 ], [ 18.9801546, 72.8221761, 0.0 ], [ 18.9803721, 72.8231903, 0.0 ], [ 18.9804892, 72.8237362, 0.0 ], [ 18.980448, 72.8237146, 0.0 ], [ 18.9803352, 72.8236839, 0.0 ], [ 18.9803315, 72.8236828, 0.0 ], [ 18.979975, 72.8235271, 0.0 ], [ 18.9797654, 72.8234355, 0.0 ], [ 18.979748, 72.8234279, 0.0 ], [ 18.9796698, 72.8233937, 0.0 ], [ 18.9793601, 72.8232585, 0.0 ], [ 18.9793598, 72.8232583, 0.0 ], [ 18.9774827, 72.8224344, 0.0 ], [ 18.9773077, 72.8223576, 0.0 ], [ 18.9771908, 72.8223063, 0.0 ], [ 18.9771861, 72.8223182, 0.0 ], [ 18.9768278, 72.822159, 0.0 ], [ 18.9767359, 72.8221182, 0.0 ], [ 18.9763471, 72.8219454, 0.0 ], [ 18.9759862, 72.8217878, 0.0 ], [ 18.9754262, 72.8215433, 0.0 ], [ 18.975262, 72.8214717, 0.0 ], [ 18.9752001, 72.8214446, 0.0 ], [ 18.9751338, 72.8214157, 0.0 ], [ 18.9751116, 72.821406, 0.0 ], [ 18.9750844, 72.8213941, 0.0 ], [ 18.9748949, 72.8213114, 0.0 ], [ 18.9746849, 72.8212197, 0.0 ], [ 18.9746524, 72.8212055, 0.0 ], [ 18.9746217, 72.8211921, 0.0 ], [ 18.9745619, 72.821166, 0.0 ], [ 18.9744863, 72.821133, 0.0 ], [ 18.9741019, 72.8209651, 0.0 ], [ 18.9740031, 72.820922, 0.0 ], [ 18.9733734, 72.820647, 0.0 ], [ 18.9727597, 72.8203764, 0.0 ], [ 18.9724455, 72.8202378, 0.0 ], [ 18.9724041, 72.8202195, 0.0 ], [ 18.972361, 72.8202005, 0.0 ], [ 18.9722759, 72.820163, 0.0 ], [ 18.9719627, 72.8200248, 0.0 ], [ 18.9715713, 72.8198522, 0.0 ], [ 18.9710421, 72.8196163, 0.0 ], [ 18.9708542, 72.8195311, 0.0 ], [ 18.9707342, 72.8194767, 0.0 ], [ 18.970037, 72.8191701, 0.0 ], [ 18.970032, 72.8191679, 0.0 ], [ 18.9698875, 72.8191043, 0.0 ], [ 18.9698189, 72.819072, 0.0 ], [ 18.9695977, 72.8189777, 0.0 ], [ 18.9694745, 72.8189233, 0.0 ], [ 18.9694534, 72.8189139, 0.0 ], [ 18.9693157, 72.8188531, 0.0 ], [ 18.9693155, 72.8188531, 0.0 ], [ 18.9692595, 72.8188283, 0.0 ], [ 18.9692356, 72.8188178, 0.0 ], [ 18.9690554, 72.8187457, 0.0 ], [ 18.9690551, 72.8187456, 0.0 ], [ 18.9690273, 72.8187345, 0.0 ], [ 18.9690271, 72.8187344, 0.0 ], [ 18.9690149, 72.8187295, 0.0 ], [ 18.9690056, 72.8187258, 0.0 ], [ 18.9690012, 72.818781, 0.0 ], [ 18.968982, 72.8190242, 0.0 ], [ 18.9689695, 72.8191817, 0.0 ], [ 18.9689447, 72.8194941, 0.0 ], [ 18.9689251, 72.8196873, 0.0 ], [ 18.9688744, 72.8201881, 0.0 ], [ 18.9687, 72.8219102, 0.0 ], [ 18.9686227, 72.8225809, 0.0 ], [ 18.9680755, 72.824709, 0.0 ], [ 18.9679595, 72.8251653, 0.0 ], [ 18.9679363, 72.8252033, 0.0 ], [ 18.9679047, 72.8252205, 0.0 ], [ 18.9678977, 72.8252214, 0.0 ], [ 18.9678757, 72.825224, 0.0 ], [ 18.9678061, 72.8252147, 0.0 ], [ 18.9677873, 72.8252122, 0.0 ], [ 18.9673009, 72.8251536, 0.0 ], [ 18.9671434, 72.8251304, 0.0 ], [ 18.9669838, 72.8251069, 0.0 ], [ 18.9669107, 72.8250961, 0.0 ], [ 18.9667737, 72.8250759, 0.0 ], [ 18.9666037, 72.8250575, 0.0 ], [ 18.9663802, 72.8250333, 0.0 ], [ 18.9663248, 72.8250273, 0.0 ], [ 18.9661294, 72.8250062, 0.0 ], [ 18.9660069, 72.824993, 0.0 ], [ 18.9658801, 72.8249771, 0.0 ], [ 18.9655051, 72.8249302, 0.0 ], [ 18.9650091, 72.8248682, 0.0 ], [ 18.9648424, 72.8248474, 0.0 ], [ 18.9644542, 72.8247989, 0.0 ], [ 18.9643753, 72.8247734, 0.0 ], [ 18.9642457, 72.8247555, 0.0 ], [ 18.9641882, 72.8247476, 0.0 ], [ 18.9638753, 72.8247043, 0.0 ], [ 18.9638591, 72.8247021, 0.0 ], [ 18.963799, 72.8247037, 0.0 ], [ 18.9637581, 72.8247048, 0.0 ], [ 18.9637468, 72.8247051, 0.0 ], [ 18.96365, 72.8246962, 0.0 ], [ 18.9636098, 72.8246925, 0.0 ], [ 18.9632309, 72.824629, 0.0 ], [ 18.9631845, 72.8246212, 0.0 ], [ 18.9630888, 72.8246043, 0.0 ], [ 18.9630049, 72.8245895, 0.0 ], [ 18.9629265, 72.8245757, 0.0 ], [ 18.9628316, 72.824559, 0.0 ], [ 18.9627342, 72.8245418, 0.0 ], [ 18.9627338, 72.8245418, 0.0 ], [ 18.9626748, 72.8245314, 0.0 ], [ 18.9626389, 72.824525, 0.0 ], [ 18.9626254, 72.8245227, 0.0 ], [ 18.9625971, 72.8245212, 0.0 ], [ 18.9624779, 72.8245153, 0.0 ], [ 18.9624132, 72.8245121, 0.0 ], [ 18.9619252, 72.8244945, 0.0 ], [ 18.9619, 72.8244936, 0.0 ], [ 18.96176, 72.824489, 0.0 ], [ 18.9617191, 72.8254887, 0.0 ], [ 18.961688, 72.8262471, 0.0 ], [ 18.9616758, 72.8262468, 0.0 ], [ 18.9615551, 72.8262442, 0.0 ], [ 18.9614134, 72.8262413, 0.0 ], [ 18.9613065, 72.8262378, 0.0 ], [ 18.961235, 72.8262355, 0.0 ], [ 18.9610938, 72.8262323, 0.0 ], [ 18.9609946, 72.8262304, 0.0 ], [ 18.9609142, 72.8262298, 0.0 ], [ 18.9608824, 72.8262295, 0.0 ], [ 18.9608313, 72.8262273, 0.0 ], [ 18.9607385, 72.8262233, 0.0 ], [ 18.9606972, 72.8262221, 0.0 ], [ 18.9606121, 72.8262197, 0.0 ], [ 18.9604985, 72.8262156, 0.0 ], [ 18.9603185, 72.8262116, 0.0 ], [ 18.9602373, 72.8262089, 0.0 ], [ 18.960094, 72.8262053, 0.0 ], [ 18.960043, 72.8262037, 0.0 ], [ 18.9596932, 72.826193, 0.0 ], [ 18.9594925, 72.826189, 0.0 ], [ 18.9590438, 72.82618, 0.0 ], [ 18.958615, 72.8261699, 0.0 ], [ 18.9586006, 72.8261696, 0.0 ], [ 18.9585117, 72.8261674, 0.0 ], [ 18.9584302, 72.8261654, 0.0 ], [ 18.9582918, 72.8261621, 0.0 ], [ 18.9582812, 72.8261618, 0.0 ], [ 18.9582265, 72.8261602, 0.0 ], [ 18.9581707, 72.8261587, 0.0 ], [ 18.9581313, 72.8261423, 0.0 ], [ 18.9580393, 72.8260993, 0.0 ], [ 18.9580005, 72.8260834, 0.0 ], [ 18.9578946, 72.8260398, 0.0 ], [ 18.957803, 72.8260056, 0.0 ], [ 18.9576936, 72.8259574, 0.0 ], [ 18.9576153, 72.8259221, 0.0 ], [ 18.9575314, 72.8258843, 0.0 ], [ 18.9573684, 72.8258074, 0.0 ], [ 18.9572301, 72.8257426, 0.0 ], [ 18.9571236, 72.8256967, 0.0 ], [ 18.957062, 72.8256623, 0.0 ], [ 18.9569414, 72.8255949, 0.0 ], [ 18.9568626, 72.8255582, 0.0 ], [ 18.9568467, 72.8255535, 0.0 ], [ 18.9568191, 72.825545, 0.0 ], [ 18.956819, 72.8255449, 0.0 ], [ 18.9567817, 72.8255336, 0.0 ], [ 18.9567761, 72.8255318, 0.0 ], [ 18.9567647, 72.8255282, 0.0 ], [ 18.9567522, 72.8255232, 0.0 ], [ 18.9567033, 72.8255006, 0.0 ], [ 18.9565069, 72.8254122, 0.0 ], [ 18.9563141, 72.8253257, 0.0 ], [ 18.9561384, 72.8252487, 0.0 ], [ 18.9559715, 72.8251746, 0.0 ], [ 18.9559592, 72.8251689, 0.0 ], [ 18.9558489, 72.8251181, 0.0 ], [ 18.9558004, 72.8250957, 0.0 ], [ 18.9557195, 72.8250592, 0.0 ], [ 18.9557108, 72.8250552, 0.0 ], [ 18.9556589, 72.8250317, 0.0 ], [ 18.9556478, 72.8250422, 0.0 ], [ 18.9555676, 72.8251178, 0.0 ], [ 18.9554708, 72.8252102, 0.0 ], [ 18.9553716, 72.8253041, 0.0 ], [ 18.9553278, 72.8253436, 0.0 ], [ 18.9552263, 72.8254398, 0.0 ], [ 18.9551501, 72.8255083, 0.0 ], [ 18.955039, 72.825612, 0.0 ], [ 18.9550266, 72.8256238, 0.0 ], [ 18.9549414, 72.8255189, 0.0 ], [ 18.9548032, 72.8253486, 0.0 ], [ 18.9547574, 72.8253053, 0.0 ], [ 18.9546009, 72.8251572, 0.0 ], [ 18.9545449, 72.8251181, 0.0 ], [ 18.9545021, 72.8251042, 0.0 ], [ 18.9545009, 72.8251038, 0.0 ], [ 18.9544582, 72.8250969, 0.0 ], [ 18.9544239, 72.8250961, 0.0 ], [ 18.9543791, 72.8251066, 0.0 ], [ 18.9543315, 72.8251256, 0.0 ], [ 18.9543234, 72.8251285, 0.0 ], [ 18.9541288, 72.8251995, 0.0 ], [ 18.9540545, 72.8252266, 0.0 ], [ 18.9539096, 72.8252578, 0.0 ], [ 18.9538926, 72.8252627, 0.0 ], [ 18.9538365, 72.8252787, 0.0 ], [ 18.953752, 72.8252916, 0.0 ], [ 18.9535849, 72.8253172, 0.0 ], [ 18.9534898, 72.8253318, 0.0 ], [ 18.953431, 72.8253408, 0.0 ], [ 18.9534061, 72.8253472, 0.0 ], [ 18.9533666, 72.8253709, 0.0 ], [ 18.9533647, 72.825372, 0.0 ], [ 18.9531408, 72.8254154, 0.0 ], [ 18.9531351, 72.8253963, 0.0 ], [ 18.9531319, 72.825386, 0.0 ], [ 18.9531131, 72.8253294, 0.0 ], [ 18.9531057, 72.8253073, 0.0 ], [ 18.9530121, 72.8251251, 0.0 ], [ 18.9530109, 72.8251227, 0.0 ], [ 18.9529316, 72.8249709, 0.0 ], [ 18.9528927, 72.8249012, 0.0 ], [ 18.9528603, 72.8248468, 0.0 ], [ 18.9528442, 72.824816, 0.0 ], [ 18.9528264, 72.8247869, 0.0 ], [ 18.9527945, 72.8247214, 0.0 ], [ 18.9527386, 72.8246175, 0.0 ], [ 18.9526739, 72.8244735, 0.0 ], [ 18.9526363, 72.8243822, 0.0 ], [ 18.9525919, 72.8242899, 0.0 ], [ 18.9525424, 72.824181, 0.0 ], [ 18.9524807, 72.8240441, 0.0 ], [ 18.9524312, 72.8239332, 0.0 ], [ 18.9523819, 72.8238103, 0.0 ], [ 18.9523071, 72.8236394, 0.0 ], [ 18.9522551, 72.8235322, 0.0 ], [ 18.9522191, 72.8234491, 0.0 ], [ 18.9521331, 72.8233139, 0.0 ], [ 18.9520587, 72.8231983, 0.0 ], [ 18.9519925, 72.8230928, 0.0 ], [ 18.9519039, 72.8229685, 0.0 ], [ 18.9518948, 72.8229557, 0.0 ], [ 18.9518809, 72.8229362, 0.0 ], [ 18.9518768, 72.8229305, 0.0 ], [ 18.9518077, 72.8228429, 0.0 ], [ 18.9517916, 72.8228211, 0.0 ], [ 18.9517852, 72.8228124, 0.0 ], [ 18.9517809, 72.8227991, 0.0 ], [ 18.9517817, 72.822779, 0.0 ], [ 18.9517828, 72.8227669, 0.0 ], [ 18.9517828, 72.8227524, 0.0 ], [ 18.9517827, 72.8227489, 0.0 ], [ 18.9517825, 72.8227352, 0.0 ], [ 18.9517777, 72.8227162, 0.0 ], [ 18.9517745, 72.8226849, 0.0 ], [ 18.9517586, 72.8226556, 0.0 ], [ 18.951717, 72.8225788, 0.0 ], [ 18.9516186, 72.8223966, 0.0 ], [ 18.9515388, 72.8222516, 0.0 ], [ 18.9515297, 72.8222343, 0.0 ], [ 18.9514355, 72.8220562, 0.0 ], [ 18.9513603, 72.8219247, 0.0 ], [ 18.9513585, 72.8219216, 0.0 ], [ 18.9513343, 72.8218557, 0.0 ], [ 18.9512575, 72.8217192, 0.0 ], [ 18.9511537, 72.8215165, 0.0 ], [ 18.9511132, 72.8214494, 0.0 ], [ 18.9510878, 72.8214166, 0.0 ], [ 18.9510621, 72.8213844, 0.0 ], [ 18.9510291, 72.8213408, 0.0 ], [ 18.9510172, 72.8213189, 0.0 ], [ 18.951012, 72.821309, 0.0 ], [ 18.9509499, 72.8211914, 0.0 ], [ 18.9509294, 72.8211548, 0.0 ], [ 18.9509167, 72.821094, 0.0 ], [ 18.9509025, 72.8210488, 0.0 ], [ 18.9508453, 72.8208674, 0.0 ], [ 18.9507747, 72.820654, 0.0 ], [ 18.950685, 72.8203664, 0.0 ], [ 18.9506813, 72.820355, 0.0 ], [ 18.9506508, 72.8202607, 0.0 ], [ 18.9505834, 72.8201928, 0.0 ], [ 18.9505266, 72.8201356, 0.0 ], [ 18.9505193, 72.8201283, 0.0 ], [ 18.9505074, 72.8201166, 0.0 ], [ 18.9504017, 72.8199973, 0.0 ], [ 18.9504011, 72.8199966, 0.0 ], [ 18.950367, 72.8199582, 0.0 ], [ 18.9503159, 72.8199004, 0.0 ], [ 18.9502364, 72.8198061, 0.0 ], [ 18.9502185, 72.8197861, 0.0 ], [ 18.9500821, 72.8196334, 0.0 ], [ 18.9500441, 72.8195951, 0.0 ], [ 18.9499799, 72.8195238, 0.0 ], [ 18.9499423, 72.8194896, 0.0 ], [ 18.9498695, 72.8194091, 0.0 ], [ 18.9497413, 72.8192698, 0.0 ], [ 18.9497117, 72.8192374, 0.0 ], [ 18.9497111, 72.8192368, 0.0 ], [ 18.9496661, 72.8191875, 0.0 ], [ 18.9496279, 72.8191418, 0.0 ], [ 18.9494744, 72.8189501, 0.0 ], [ 18.9494564, 72.8189246, 0.0 ], [ 18.9497011, 72.8187246, 0.0 ], [ 18.9508324, 72.8177044, 0.0 ], [ 18.9508216, 72.8176884, 0.0 ], [ 18.9508918, 72.8175593, 0.0 ], [ 18.9510799, 72.817238, 0.0 ], [ 18.9511644, 72.817165, 0.0 ], [ 18.9521764, 72.8155204, 0.0 ], [ 18.9539175, 72.8119266, 0.0 ], [ 18.954549, 72.8102205, 0.0 ], [ 18.9549329, 72.8091339, 0.0 ], [ 18.9549277, 72.8086982, 0.0 ], [ 18.9549571, 72.8080818, 0.0 ], [ 18.9547842, 72.8078854, 0.0 ], [ 18.9546629, 72.807827, 0.0 ], [ 18.9546759, 72.8078026, 0.0 ], [ 18.9546893, 72.8077775, 0.0 ], [ 18.9547207, 72.8077186, 0.0 ], [ 18.954707, 72.807701, 0.0 ], [ 18.9546724, 72.8076565, 0.0 ], [ 18.9546278, 72.8076368, 0.0 ], [ 18.954577, 72.8076165, 0.0 ], [ 18.9545308, 72.8075975, 0.0 ], [ 18.9545135, 72.8075905, 0.0 ], [ 18.9545109, 72.8075894, 0.0 ], [ 18.9544478, 72.8075648, 0.0 ], [ 18.9543779, 72.8075369, 0.0 ], [ 18.9543057, 72.8075081, 0.0 ], [ 18.9542362, 72.8074781, 0.0 ], [ 18.9541234, 72.8074333, 0.0 ], [ 18.9540839, 72.8074172, 0.0 ], [ 18.9540702, 72.8074108, 0.0 ], [ 18.9540585, 72.8074045, 0.0 ], [ 18.9540442, 72.8073956, 0.0 ], [ 18.9540309, 72.8073876, 0.0 ], [ 18.9540177, 72.8073788, 0.0 ], [ 18.9540048, 72.807368, 0.0 ], [ 18.9539711, 72.8073317, 0.0 ], [ 18.9539266, 72.8072801, 0.0 ], [ 18.9537804, 72.8071565, 0.0 ], [ 18.9535741, 72.8069372, 0.0 ], [ 18.9535685, 72.8069361, 0.0 ], [ 18.9535532, 72.8069386, 0.0 ], [ 18.9535427, 72.8069399, 0.0 ], [ 18.9535322, 72.8069406, 0.0 ], [ 18.9535229, 72.8069396, 0.0 ], [ 18.9535161, 72.8069378, 0.0 ], [ 18.9535049, 72.8069335, 0.0 ], [ 18.9535036, 72.8069327, 0.0 ], [ 18.9534812, 72.8069166, 0.0 ], [ 18.9534652, 72.8068748, 0.0 ], [ 18.9534669, 72.8068281, 0.0 ], [ 18.9534331, 72.8067865, 0.0 ], [ 18.9533836, 72.8067069, 0.0 ], [ 18.9533815, 72.8067046, 0.0 ], [ 18.9533796, 72.8067025, 0.0 ], [ 18.9533369, 72.8071625, 0.0 ], [ 18.9533103, 72.8074168, 0.0 ], [ 18.9532324, 72.8074299, 0.0 ], [ 18.9526611, 72.8067256, 0.0 ], [ 18.9527081, 72.8062671, 0.0 ], [ 18.9525553, 72.8062191, 0.0 ], [ 18.9524628, 72.8061234, 0.0 ], [ 18.9524333, 72.8060892, 0.0 ], [ 18.9522988, 72.805977, 0.0 ], [ 18.9522756, 72.8059526, 0.0 ], [ 18.9522244, 72.8057195, 0.0 ], [ 18.9522207, 72.8056859, 0.0 ], [ 18.9522228, 72.8055273, 0.0 ], [ 18.9521914, 72.8055311, 0.0 ], [ 18.9521248, 72.805546, 0.0 ], [ 18.9521094, 72.8055457, 0.0 ], [ 18.952003, 72.8055298, 0.0 ], [ 18.9519808, 72.8055202, 0.0 ], [ 18.9519712, 72.8055142, 0.0 ], [ 18.9519649, 72.8055064, 0.0 ], [ 18.9519298, 72.8054663, 0.0 ], [ 18.9518213, 72.8052702, 0.0 ], [ 18.9518168, 72.8052317, 0.0 ], [ 18.9518117, 72.8051525, 0.0 ], [ 18.9518116, 72.8051051, 0.0 ], [ 18.9518171, 72.8050537, 0.0 ], [ 18.9515925, 72.8050782, 0.0 ], [ 18.9514959, 72.804949, 0.0 ], [ 18.951367, 72.8048887, 0.0 ], [ 18.9512257, 72.8047131, 0.0 ], [ 18.951295, 72.8046478, 0.0 ], [ 18.9513374, 72.8045315, 0.0 ], [ 18.9513665, 72.804519, 0.0 ], [ 18.9514552, 72.8044474, 0.0 ], [ 18.951368, 72.8043778, 0.0 ], [ 18.951368, 72.8043777, 0.0 ], [ 18.9511802, 72.8042939, 0.0 ], [ 18.9511369, 72.8042545, 0.0 ], [ 18.9509903, 72.804004, 0.0 ], [ 18.9507455, 72.8041756, 0.0 ], [ 18.9505435, 72.8039808, 0.0 ], [ 18.9505023, 72.8039439, 0.0 ], [ 18.9503934, 72.8036717, 0.0 ], [ 18.9503945, 72.8036415, 0.0 ], [ 18.9503986, 72.8036245, 0.0 ], [ 18.9502616, 72.8035587, 0.0 ], [ 18.9500231, 72.8032147, 0.0 ], [ 18.950036, 72.8030915, 0.0 ], [ 18.9497554, 72.8029306, 0.0 ], [ 18.9496164, 72.802786, 0.0 ], [ 18.9495082, 72.802789, 0.0 ], [ 18.9493248, 72.8026647, 0.0 ], [ 18.9489058, 72.8022855, 0.0 ], [ 18.9488804, 72.8022588, 0.0 ], [ 18.948856, 72.8022107, 0.0 ], [ 18.9488535, 72.8021887, 0.0 ], [ 18.9488572, 72.8021664, 0.0 ], [ 18.9488621, 72.8021503, 0.0 ], [ 18.9488233, 72.8020922, 0.0 ], [ 18.9485841, 72.8017206, 0.0 ], [ 18.9485404, 72.8016546, 0.0 ], [ 18.9485245, 72.8016329, 0.0 ], [ 18.948506, 72.8016211, 0.0 ], [ 18.9484828, 72.8016148, 0.0 ], [ 18.9484594, 72.8016046, 0.0 ], [ 18.9484403, 72.8015849, 0.0 ], [ 18.9484271, 72.8015699, 0.0 ], [ 18.9484014, 72.8015393, 0.0 ], [ 18.9483831, 72.8015059, 0.0 ], [ 18.9483523, 72.8014384, 0.0 ], [ 18.9483324, 72.8013791, 0.0 ], [ 18.9482849, 72.8012617, 0.0 ], [ 18.9482747, 72.8012103, 0.0 ], [ 18.9482541, 72.8010739, 0.0 ], [ 18.9482499, 72.8010121, 0.0 ], [ 18.9482439, 72.8009622, 0.0 ], [ 18.9482238, 72.8009421, 0.0 ], [ 18.9482123, 72.8009244, 0.0 ], [ 18.9481975, 72.800896, 0.0 ], [ 18.9481867, 72.8008566, 0.0 ], [ 18.9481739, 72.8008168, 0.0 ], [ 18.9481512, 72.8007352, 0.0 ], [ 18.9481432, 72.8007061, 0.0 ], [ 18.9481423, 72.8006857, 0.0 ], [ 18.9481298, 72.800592, 0.0 ], [ 18.9481383, 72.8005557, 0.0 ], [ 18.9483278, 72.8004116, 0.0 ], [ 18.9483036, 72.8003402, 0.0 ], [ 18.9482892, 72.8003524, 0.0 ], [ 18.9482752, 72.8003583, 0.0 ], [ 18.9482379, 72.8003203, 0.0 ], [ 18.9481932, 72.8002814, 0.0 ], [ 18.9481727, 72.8002722, 0.0 ], [ 18.9481479, 72.8002582, 0.0 ], [ 18.9480664, 72.8001678, 0.0 ], [ 18.9480422, 72.8001302, 0.0 ], [ 18.9480089, 72.8000934, 0.0 ], [ 18.9479623, 72.8000415, 0.0 ], [ 18.9479551, 72.8000254, 0.0 ], [ 18.9479503, 72.8000153, 0.0 ], [ 18.9479451, 72.7999955, 0.0 ], [ 18.947943, 72.7999699, 0.0 ], [ 18.9479511, 72.7998889, 0.0 ], [ 18.9479299, 72.7998446, 0.0 ], [ 18.9479319, 72.7998286, 0.0 ], [ 18.9479031, 72.7997423, 0.0 ], [ 18.9479014, 72.7997011, 0.0 ], [ 18.9478974, 72.79964, 0.0 ], [ 18.9478967, 72.79963, 0.0 ], [ 18.9478751, 72.7995588, 0.0 ], [ 18.9478402, 72.7994143, 0.0 ], [ 18.9477655, 72.7993911, 0.0 ], [ 18.9477084, 72.7993455, 0.0 ], [ 18.9476781, 72.79933, 0.0 ], [ 18.9476254, 72.7993018, 0.0 ], [ 18.9476076, 72.7992812, 0.0 ], [ 18.9475835, 72.7992641, 0.0 ], [ 18.9475431, 72.7992366, 0.0 ], [ 18.9474038, 72.7991345, 0.0 ], [ 18.9474069, 72.799068, 0.0 ], [ 18.94741, 72.7989585, 0.0 ], [ 18.9474127, 72.7988469, 0.0 ], [ 18.947408, 72.7988182, 0.0 ], [ 18.9473973, 72.7987581, 0.0 ], [ 18.9473906, 72.798697, 0.0 ], [ 18.9473893, 72.7986848, 0.0 ], [ 18.9473829, 72.7986547, 0.0 ], [ 18.947381, 72.7986331, 0.0 ], [ 18.9473774, 72.7985928, 0.0 ], [ 18.9473752, 72.7985629, 0.0 ], [ 18.9473742, 72.79855, 0.0 ], [ 18.9474585, 72.7983508, 0.0 ], [ 18.9475355, 72.7982225, 0.0 ], [ 18.9475525, 72.7981942, 0.0 ], [ 18.9474861, 72.798108, 0.0 ], [ 18.9474642, 72.7980843, 0.0 ], [ 18.9474252, 72.7980465, 0.0 ], [ 18.947357, 72.7979829, 0.0 ], [ 18.947315, 72.7979431, 0.0 ], [ 18.9472958, 72.7979387, 0.0 ], [ 18.9472845, 72.7979361, 0.0 ], [ 18.94724, 72.7979219, 0.0 ], [ 18.9471626, 72.7979058, 0.0 ], [ 18.9470883, 72.7978853, 0.0 ], [ 18.9469469, 72.7978506, 0.0 ], [ 18.9468811, 72.7978342, 0.0 ], [ 18.9468579, 72.7978265, 0.0 ], [ 18.9468098, 72.7978104, 0.0 ], [ 18.9467915, 72.7978065, 0.0 ], [ 18.9467726, 72.7977969, 0.0 ], [ 18.9467409, 72.7977776, 0.0 ], [ 18.9467023, 72.7977509, 0.0 ], [ 18.9466549, 72.7977591, 0.0 ], [ 18.9466426, 72.7977767, 0.0 ], [ 18.9466265, 72.7977939, 0.0 ], [ 18.9466072, 72.7978081, 0.0 ], [ 18.9465719, 72.7978394, 0.0 ], [ 18.9465592, 72.7978469, 0.0 ], [ 18.946535, 72.7978506, 0.0 ], [ 18.9464442, 72.7978303, 0.0 ], [ 18.9463385, 72.7978073, 0.0 ], [ 18.9461463, 72.7976731, 0.0 ], [ 18.9461269, 72.7976817, 0.0 ], [ 18.9460784, 72.7976283, 0.0 ], [ 18.9460056, 72.797548, 0.0 ], [ 18.9458745, 72.7973708, 0.0 ], [ 18.9457584, 72.7972334, 0.0 ], [ 18.9456536, 72.7971195, 0.0 ], [ 18.9455595, 72.7969905, 0.0 ], [ 18.9454846, 72.7968881, 0.0 ], [ 18.9454798, 72.7968824, 0.0 ], [ 18.945449, 72.7968656, 0.0 ], [ 18.9454282, 72.7968516, 0.0 ], [ 18.9454206, 72.7968465, 0.0 ], [ 18.9454007, 72.796835, 0.0 ], [ 18.9453825, 72.7968274, 0.0 ], [ 18.945356, 72.7968191, 0.0 ], [ 18.9452708, 72.7967981, 0.0 ], [ 18.9450843, 72.7967154, 0.0 ], [ 18.9433999, 72.795455, 0.0 ], [ 18.9428744, 72.795347, 0.0 ] ] ] } },
{ "type": "Feature", "id": 23, "properties": { "Name": "\n    F/S\n   ", "tessellate": 1, "extrude": 0, "visibility": -1, "NAME2": "F/S\n", "OBJECTID": 24, "Shape__Area": 9872439.8858599998, "Shape__Length": 15732.769788699999 }, "geometry": { "type": "Polygon", "coordinates": [ [ [ 19.0105868, 72.8562542, 0.0 ], [ 19.0105306, 72.8563045, 0.0 ], [ 19.0107277, 72.8565051, 0.0 ], [ 19.0133569, 72.8604185, 0.0 ], [ 19.0135288, 72.8606647, 0.0 ], [ 19.0149437, 72.8626912, 0.0 ], [ 19.0152187, 72.8630851, 0.0 ], [ 19.0152675, 72.863155, 0.0 ], [ 19.0152931, 72.8631917, 0.0 ], [ 19.014925, 72.8630993, 0.0 ], [ 19.0149255, 72.8631006, 0.0 ], [ 19.0149511, 72.8631682, 0.0 ], [ 19.0149913, 72.8632741, 0.0 ], [ 19.0150937, 72.8635974, 0.0 ], [ 19.0150935, 72.8635976, 0.0 ], [ 19.0151558, 72.863791, 0.0 ], [ 19.0150429, 72.863783, 0.0 ], [ 19.0149668, 72.8637717, 0.0 ], [ 19.014913, 72.8637666, 0.0 ], [ 19.0148775, 72.8637602, 0.0 ], [ 19.0148327, 72.8638274, 0.0 ], [ 19.0148292, 72.8638485, 0.0 ], [ 19.0148395, 72.8639015, 0.0 ], [ 19.0148389, 72.8639406, 0.0 ], [ 19.0148322, 72.8639595, 0.0 ], [ 19.0148178, 72.8639789, 0.0 ], [ 19.0147978, 72.8639959, 0.0 ], [ 19.0147727, 72.8640033, 0.0 ], [ 19.0147247, 72.8640021, 0.0 ], [ 19.0146455, 72.8639846, 0.0 ], [ 19.0146, 72.8639808, 0.0 ], [ 19.0145815, 72.863981, 0.0 ], [ 19.0145656, 72.8639856, 0.0 ], [ 19.0145373, 72.8640063, 0.0 ], [ 19.0145106, 72.8640314, 0.0 ], [ 19.0144596, 72.864124, 0.0 ], [ 19.0144093, 72.8642113, 0.0 ], [ 19.014391, 72.8642336, 0.0 ], [ 19.0143661, 72.8642543, 0.0 ], [ 19.0143343, 72.864275, 0.0 ], [ 19.0142767, 72.8643067, 0.0 ], [ 19.0141495, 72.8643587, 0.0 ], [ 19.0141093, 72.8643716, 0.0 ], [ 19.0140709, 72.8644013, 0.0 ], [ 19.0139719, 72.8644901, 0.0 ], [ 19.0138835, 72.864554, 0.0 ], [ 19.0134913, 72.8648171, 0.0 ], [ 19.0133856, 72.8649086, 0.0 ], [ 19.0133037, 72.8650246, 0.0 ], [ 19.0132663, 72.8650631, 0.0 ], [ 19.0131643, 72.8651201, 0.0 ], [ 19.0130617, 72.8651904, 0.0 ], [ 19.0129277, 72.8653097, 0.0 ], [ 19.0128197, 72.8654269, 0.0 ], [ 19.0127659, 72.865493, 0.0 ], [ 19.0127014, 72.8655893, 0.0 ], [ 19.0126702, 72.8656551, 0.0 ], [ 19.0126607, 72.8657092, 0.0 ], [ 19.0126474, 72.8657951, 0.0 ], [ 19.0126584, 72.8660186, 0.0 ], [ 19.0126563, 72.8660549, 0.0 ], [ 19.0126401, 72.8661117, 0.0 ], [ 19.012627, 72.8661384, 0.0 ], [ 19.0125889, 72.8661928, 0.0 ], [ 19.0125032, 72.8662646, 0.0 ], [ 19.0123653, 72.8663442, 0.0 ], [ 19.0121599, 72.8664661, 0.0 ], [ 19.0119309, 72.8665928, 0.0 ], [ 19.0118176, 72.8666845, 0.0 ], [ 19.0117894, 72.866714, 0.0 ], [ 19.0117611, 72.8667444, 0.0 ], [ 19.0116961, 72.866869, 0.0 ], [ 19.0116095, 72.8670832, 0.0 ], [ 19.0115533, 72.8671661, 0.0 ], [ 19.0114984, 72.8672234, 0.0 ], [ 19.0113116, 72.8673531, 0.0 ], [ 19.0112456, 72.8673964, 0.0 ], [ 19.0112124, 72.8674295, 0.0 ], [ 19.0110998, 72.8675803, 0.0 ], [ 19.0110347, 72.8676996, 0.0 ], [ 19.0109916, 72.8677568, 0.0 ], [ 19.0109517, 72.8677909, 0.0 ], [ 19.0109142, 72.8678214, 0.0 ], [ 19.0108757, 72.8678378, 0.0 ], [ 19.0108254, 72.8678535, 0.0 ], [ 19.0106643, 72.8678838, 0.0 ], [ 19.0106072, 72.8678872, 0.0 ], [ 19.0105401, 72.8679031, 0.0 ], [ 19.0104872, 72.8679153, 0.0 ], [ 19.0104546, 72.8679281, 0.0 ], [ 19.0104237, 72.8679497, 0.0 ], [ 19.0104013, 72.8679747, 0.0 ], [ 19.0103857, 72.8680103, 0.0 ], [ 19.0103655, 72.8680751, 0.0 ], [ 19.0103684, 72.8682527, 0.0 ], [ 19.0103575, 72.8683289, 0.0 ], [ 19.0103438, 72.8683812, 0.0 ], [ 19.0102892, 72.8684615, 0.0 ], [ 19.0102277, 72.8685277, 0.0 ], [ 19.0101204, 72.8686272, 0.0 ], [ 19.0099847, 72.8687439, 0.0 ], [ 19.0098571, 72.8688321, 0.0 ], [ 19.0097669, 72.8688881, 0.0 ], [ 19.0096641, 72.8689416, 0.0 ], [ 19.0095963, 72.8689681, 0.0 ], [ 19.0095074, 72.8689878, 0.0 ], [ 19.0091392, 72.8689986, 0.0 ], [ 19.009082, 72.8689967, 0.0 ], [ 19.008857, 72.8689598, 0.0 ], [ 19.0088066, 72.8689587, 0.0 ], [ 19.0087595, 72.8689646, 0.0 ], [ 19.0085285, 72.869021, 0.0 ], [ 19.0086104, 72.8692503, 0.0 ], [ 19.0086701, 72.8693691, 0.0 ], [ 19.0086701, 72.8693698, 0.0 ], [ 19.0086721, 72.8693939, 0.0 ], [ 19.0086742, 72.8694192, 0.0 ], [ 19.0082191, 72.8695884, 0.0 ], [ 19.0076641, 72.8697947, 0.0 ], [ 19.0073764, 72.8699016, 0.0 ], [ 19.0044506, 72.870989, 0.0 ], [ 19.0044492, 72.8709882, 0.0 ], [ 19.0044466, 72.8707684, 0.0 ], [ 19.0046215, 72.8703893, 0.0 ], [ 19.0048827, 72.8697264, 0.0 ], [ 19.0046635, 72.8688498, 0.0 ], [ 19.003966, 72.8679479, 0.0 ], [ 19.0036579, 72.8671353, 0.0 ], [ 19.0041872, 72.8664062, 0.0 ], [ 19.0043024, 72.8660278, 0.0 ], [ 19.0039709, 72.8657808, 0.0 ], [ 19.0034923, 72.8657241, 0.0 ], [ 19.0027667, 72.8649796, 0.0 ], [ 19.0021588, 72.8640765, 0.0 ], [ 19.0018784, 72.8630751, 0.0 ], [ 19.0019162, 72.8626187, 0.0 ], [ 19.0019282, 72.8624732, 0.0 ], [ 19.0019393, 72.8623393, 0.0 ], [ 19.0019394, 72.8623387, 0.0 ], [ 19.0019539, 72.8622217, 0.0 ], [ 19.0019587, 72.8621852, 0.0 ], [ 19.0019789, 72.8620348, 0.0 ], [ 19.0019788, 72.8620348, 0.0 ], [ 19.0019783, 72.8620347, 0.0 ], [ 19.0019784, 72.8620337, 0.0 ], [ 19.0019785, 72.8620335, 0.0 ], [ 19.001972, 72.8620324, 0.0 ], [ 19.0019619, 72.8620307, 0.0 ], [ 19.001962, 72.8620304, 0.0 ], [ 19.0019819, 72.8619302, 0.0 ], [ 19.002019, 72.8617535, 0.0 ], [ 19.0020391, 72.8617573, 0.0 ], [ 19.0020383, 72.8617561, 0.0 ], [ 19.0020372, 72.8617546, 0.0 ], [ 19.002038, 72.8617547, 0.0 ], [ 19.0020427, 72.8617553, 0.0 ], [ 19.0020472, 72.8617515, 0.0 ], [ 19.0020454, 72.8617448, 0.0 ], [ 19.0020454, 72.8617344, 0.0 ], [ 19.0021659, 72.861028, 0.0 ], [ 19.0005384, 72.860806, 0.0 ], [ 19.0005683, 72.8606313, 0.0 ], [ 19.0005675, 72.8606312, 0.0 ], [ 19.0005714, 72.8606101, 0.0 ], [ 19.0005712, 72.8606101, 0.0 ], [ 19.0004419, 72.860587, 0.0 ], [ 19.000367, 72.8605736, 0.0 ], [ 19.0003379, 72.8605684, 0.0 ], [ 19.0003187, 72.860565, 0.0 ], [ 19.0001339, 72.8605302, 0.0 ], [ 19.000086, 72.8605218, 0.0 ], [ 18.9999865, 72.8605027, 0.0 ], [ 18.9999229, 72.860491, 0.0 ], [ 18.9998922, 72.8604817, 0.0 ], [ 18.9998059, 72.8604501, 0.0 ], [ 18.9997857, 72.8604411, 0.0 ], [ 18.9997447, 72.8604259, 0.0 ], [ 18.9997252, 72.8604162, 0.0 ], [ 18.9997027, 72.8604076, 0.0 ], [ 18.9996915, 72.8604041, 0.0 ], [ 18.9996804, 72.8604007, 0.0 ], [ 18.9996685, 72.8603978, 0.0 ], [ 18.9996559, 72.8603956, 0.0 ], [ 18.9996217, 72.8603931, 0.0 ], [ 18.9995749, 72.8603888, 0.0 ], [ 18.9995574, 72.8603844, 0.0 ], [ 18.9995437, 72.8603798, 0.0 ], [ 18.9995311, 72.8603733, 0.0 ], [ 18.9995188, 72.8603654, 0.0 ], [ 18.9994706, 72.8603222, 0.0 ], [ 18.9994094, 72.8602677, 0.0 ], [ 18.9993804, 72.8602392, 0.0 ], [ 18.9993621, 72.8602216, 0.0 ], [ 18.9993438, 72.860204, 0.0 ], [ 18.9993339, 72.8601946, 0.0 ], [ 18.9993253, 72.8601892, 0.0 ], [ 18.9992781, 72.8601662, 0.0 ], [ 18.9992344, 72.860146, 0.0 ], [ 18.9992241, 72.860141, 0.0 ], [ 18.9992197, 72.860137, 0.0 ], [ 18.9992102, 72.8601247, 0.0 ], [ 18.9991921, 72.860093, 0.0 ], [ 18.9991682, 72.8600564, 0.0 ], [ 18.9991573, 72.860043, 0.0 ], [ 18.9991467, 72.860038, 0.0 ], [ 18.9991214, 72.8600365, 0.0 ], [ 18.9990995, 72.8600358, 0.0 ], [ 18.9990786, 72.8600405, 0.0 ], [ 18.999043, 72.8600574, 0.0 ], [ 18.9990153, 72.8600696, 0.0 ], [ 18.999008, 72.8600715, 0.0 ], [ 18.9990057, 72.8600721, 0.0 ], [ 18.9989999, 72.8600732, 0.0 ], [ 18.9989819, 72.8600735, 0.0 ], [ 18.9989572, 72.8600721, 0.0 ], [ 18.9989354, 72.8600677, 0.0 ], [ 18.9989272, 72.8600684, 0.0 ], [ 18.9989152, 72.8600728, 0.0 ], [ 18.9988765, 72.8600893, 0.0 ], [ 18.9988622, 72.8600958, 0.0 ], [ 18.9988536, 72.8600972, 0.0 ], [ 18.9988345, 72.8600968, 0.0 ], [ 18.9988215, 72.8600954, 0.0 ], [ 18.9988122, 72.8600903, 0.0 ], [ 18.9988027, 72.8600839, 0.0 ], [ 18.9987477, 72.8601074, 0.0 ], [ 18.998631, 72.8601585, 0.0 ], [ 18.9986201, 72.8601632, 0.0 ], [ 18.9985082, 72.8602116, 0.0 ], [ 18.9984531, 72.8600697, 0.0 ], [ 18.9984063, 72.859951, 0.0 ], [ 18.9984013, 72.8599389, 0.0 ], [ 18.9984013, 72.859939, 0.0 ], [ 18.9983538, 72.859958, 0.0 ], [ 18.9981796, 72.8600319, 0.0 ], [ 18.9979697, 72.8601181, 0.0 ], [ 18.9978413, 72.8601714, 0.0 ], [ 18.9976995, 72.8602308, 0.0 ], [ 18.9975477, 72.8602955, 0.0 ], [ 18.9973798, 72.8603653, 0.0 ], [ 18.9972868, 72.8603934, 0.0 ], [ 18.9971096, 72.8604687, 0.0 ], [ 18.9968984, 72.8605582, 0.0 ], [ 18.9967471, 72.8606228, 0.0 ], [ 18.9965978, 72.8606856, 0.0 ], [ 18.9964368, 72.8607526, 0.0 ], [ 18.9962616, 72.8608256, 0.0 ], [ 18.9960987, 72.8608941, 0.0 ], [ 18.9959925, 72.8609374, 0.0 ], [ 18.9957493, 72.8614796, 0.0 ], [ 18.9954986, 72.8620388, 0.0 ], [ 18.9954813, 72.8620774, 0.0 ], [ 18.9952847, 72.8619892, 0.0 ], [ 18.9957, 72.8610547, 0.0 ], [ 18.9958686, 72.8606754, 0.0 ], [ 18.9957377, 72.8604636, 0.0 ], [ 18.9956268, 72.8601713, 0.0 ], [ 18.9955182, 72.8598802, 0.0 ], [ 18.9954656, 72.8597375, 0.0 ], [ 18.9953787, 72.8595018, 0.0 ], [ 18.9950944, 72.8587237, 0.0 ], [ 18.9942339, 72.8563692, 0.0 ], [ 18.9941335, 72.8560946, 0.0 ], [ 18.9941318, 72.85609, 0.0 ], [ 18.9941301, 72.8560853, 0.0 ], [ 18.9941041, 72.8560962, 0.0 ], [ 18.9940861, 72.8561039, 0.0 ], [ 18.9940119, 72.8561344, 0.0 ], [ 18.9938601, 72.8561996, 0.0 ], [ 18.9937193, 72.8562588, 0.0 ], [ 18.993553, 72.8563284, 0.0 ], [ 18.9934846, 72.8563585, 0.0 ], [ 18.9934523, 72.8563717, 0.0 ], [ 18.9934297, 72.8563809, 0.0 ], [ 18.9933407, 72.8564172, 0.0 ], [ 18.9931851, 72.8564812, 0.0 ], [ 18.9930716, 72.8565286, 0.0 ], [ 18.9930662, 72.8565308, 0.0 ], [ 18.9929967, 72.8565591, 0.0 ], [ 18.9929701, 72.8565699, 0.0 ], [ 18.9929415, 72.8565769, 0.0 ], [ 18.9929205, 72.8565807, 0.0 ], [ 18.9929026, 72.8565826, 0.0 ], [ 18.9928919, 72.8565821, 0.0 ], [ 18.9928785, 72.8565797, 0.0 ], [ 18.9928598, 72.8565757, 0.0 ], [ 18.9928369, 72.8565669, 0.0 ], [ 18.9928082, 72.8565499, 0.0 ], [ 18.9927792, 72.856522, 0.0 ], [ 18.9927633, 72.8565005, 0.0 ], [ 18.9927538, 72.8564788, 0.0 ], [ 18.9925571, 72.8565672, 0.0 ], [ 18.9924778, 72.8565996, 0.0 ], [ 18.9923938, 72.8566346, 0.0 ], [ 18.9922186, 72.8567083, 0.0 ], [ 18.9920854, 72.8567643, 0.0 ], [ 18.9919574, 72.8568178, 0.0 ], [ 18.9918573, 72.8568595, 0.0 ], [ 18.991823, 72.856873, 0.0 ], [ 18.9917687, 72.8568968, 0.0 ], [ 18.9917307, 72.8569134, 0.0 ], [ 18.9914927, 72.8570132, 0.0 ], [ 18.991377, 72.8570625, 0.0 ], [ 18.9912153, 72.8571299, 0.0 ], [ 18.9911535, 72.8571567, 0.0 ], [ 18.9909647, 72.857238, 0.0 ], [ 18.9909225, 72.8572554, 0.0 ], [ 18.9908854, 72.8572706, 0.0 ], [ 18.9908494, 72.8572856, 0.0 ], [ 18.9907324, 72.8573343, 0.0 ], [ 18.9905212, 72.8574254, 0.0 ], [ 18.9903836, 72.8574844, 0.0 ], [ 18.990129, 72.8575919, 0.0 ], [ 18.9900324, 72.8576335, 0.0 ], [ 18.9897119, 72.8577701, 0.0 ], [ 18.9894655, 72.8578749, 0.0 ], [ 18.9890941, 72.858031, 0.0 ], [ 18.9888916, 72.8581168, 0.0 ], [ 18.9886378, 72.85822, 0.0 ], [ 18.9884036, 72.8583204, 0.0 ], [ 18.9880782, 72.858458, 0.0 ], [ 18.9878804, 72.8585422, 0.0 ], [ 18.9877802, 72.8585878, 0.0 ], [ 18.987693, 72.8586275, 0.0 ], [ 18.987642, 72.8586479, 0.0 ], [ 18.9875007, 72.8587067, 0.0 ], [ 18.9873516, 72.8587701, 0.0 ], [ 18.987249, 72.8588136, 0.0 ], [ 18.9870012, 72.8589187, 0.0 ], [ 18.98687, 72.8589714, 0.0 ], [ 18.9866615, 72.8590596, 0.0 ], [ 18.9865803, 72.8590928, 0.0 ], [ 18.9865803, 72.8590929, 0.0 ], [ 18.9865692, 72.8590974, 0.0 ], [ 18.9856551, 72.8594716, 0.0 ], [ 18.9853519, 72.859608, 0.0 ], [ 18.9853489, 72.8596094, 0.0 ], [ 18.9853488, 72.8596094, 0.0 ], [ 18.9853146, 72.8596248, 0.0 ], [ 18.9847966, 72.8598416, 0.0 ], [ 18.9847915, 72.859843, 0.0 ], [ 18.9843529, 72.8600308, 0.0 ], [ 18.9841838, 72.8601051, 0.0 ], [ 18.983941, 72.8602068, 0.0 ], [ 18.9837425, 72.8602898, 0.0 ], [ 18.9835104, 72.8603884, 0.0 ], [ 18.9831875, 72.8605243, 0.0 ], [ 18.98284, 72.8606725, 0.0 ], [ 18.9826442, 72.8607557, 0.0 ], [ 18.9823697, 72.8608732, 0.0 ], [ 18.9820962, 72.8609901, 0.0 ], [ 18.9817936, 72.8611201, 0.0 ], [ 18.9816935, 72.8611616, 0.0 ], [ 18.9816378, 72.8611853, 0.0 ], [ 18.98163, 72.8611867, 0.0 ], [ 18.9816263, 72.8611867, 0.0 ], [ 18.9816231, 72.8611843, 0.0 ], [ 18.9814757, 72.8610254, 0.0 ], [ 18.9813236, 72.8608624, 0.0 ], [ 18.9812051, 72.8607345, 0.0 ], [ 18.9811155, 72.8606401, 0.0 ], [ 18.9809084, 72.8604178, 0.0 ], [ 18.9807563, 72.8602558, 0.0 ], [ 18.9805965, 72.8600835, 0.0 ], [ 18.9804411, 72.859915, 0.0 ], [ 18.9803703, 72.8598435, 0.0 ], [ 18.9801697, 72.8596299, 0.0 ], [ 18.9800845, 72.8595381, 0.0 ], [ 18.9800047, 72.8594484, 0.0 ], [ 18.9798582, 72.8592906, 0.0 ], [ 18.9797685, 72.8591931, 0.0 ], [ 18.9796257, 72.8590376, 0.0 ], [ 18.9795664, 72.8589743, 0.0 ], [ 18.9794435, 72.8588387, 0.0 ], [ 18.9793397, 72.8587269, 0.0 ], [ 18.9791291, 72.8584989, 0.0 ], [ 18.9790751, 72.8584409, 0.0 ], [ 18.9790212, 72.8583829, 0.0 ], [ 18.9788482, 72.858192, 0.0 ], [ 18.9788223, 72.8581655, 0.0 ], [ 18.9787964, 72.858139, 0.0 ], [ 18.9786329, 72.8579611, 0.0 ], [ 18.9784794, 72.8577982, 0.0 ], [ 18.9783788, 72.8576907, 0.0 ], [ 18.9783709, 72.8576829, 0.0 ], [ 18.9783689, 72.8576772, 0.0 ], [ 18.978369, 72.8576764, 0.0 ], [ 18.978369, 72.8576762, 0.0 ], [ 18.9783692, 72.8576734, 0.0 ], [ 18.9783694, 72.857672, 0.0 ], [ 18.9783841, 72.8576022, 0.0 ], [ 18.9784196, 72.8574334, 0.0 ], [ 18.978519, 72.8569674, 0.0 ], [ 18.9788082, 72.855718, 0.0 ], [ 18.9788427, 72.8555689, 0.0 ], [ 18.9790384, 72.8547234, 0.0 ], [ 18.979055, 72.8546511, 0.0 ], [ 18.9794572, 72.8528977, 0.0 ], [ 18.9798871, 72.8510237, 0.0 ], [ 18.9799929, 72.8505626, 0.0 ], [ 18.9800879, 72.850158, 0.0 ], [ 18.9800156, 72.8500253, 0.0 ], [ 18.980053, 72.8499181, 0.0 ], [ 18.9800882, 72.8498007, 0.0 ], [ 18.9800999, 72.8497589, 0.0 ], [ 18.9801314, 72.849677, 0.0 ], [ 18.9801856, 72.8495326, 0.0 ], [ 18.9802598, 72.8493631, 0.0 ], [ 18.9803715, 72.8490853, 0.0 ], [ 18.9803946, 72.8490245, 0.0 ], [ 18.9804074, 72.8489944, 0.0 ], [ 18.9804409, 72.8489156, 0.0 ], [ 18.9804592, 72.8488724, 0.0 ], [ 18.9804725, 72.848841, 0.0 ], [ 18.9805715, 72.8486085, 0.0 ], [ 18.9806551, 72.848408, 0.0 ], [ 18.9807305, 72.8482251, 0.0 ], [ 18.9807388, 72.8482059, 0.0 ], [ 18.9807436, 72.8481943, 0.0 ], [ 18.9807944, 72.8480727, 0.0 ], [ 18.9808544, 72.8479174, 0.0 ], [ 18.9808602, 72.8479025, 0.0 ], [ 18.9813704, 72.8467143, 0.0 ], [ 18.9814004, 72.8466446, 0.0 ], [ 18.9814012, 72.8466427, 0.0 ], [ 18.9814288, 72.8465784, 0.0 ], [ 18.9818342, 72.8467722, 0.0 ], [ 18.9818427, 72.8467528, 0.0 ], [ 18.9818554, 72.8467238, 0.0 ], [ 18.9818868, 72.8466522, 0.0 ], [ 18.9820137, 72.8463486, 0.0 ], [ 18.9820565, 72.8462462, 0.0 ], [ 18.9821209, 72.8460918, 0.0 ], [ 18.9821325, 72.846064, 0.0 ], [ 18.9824408, 72.8453655, 0.0 ], [ 18.9826874, 72.8447779, 0.0 ], [ 18.9828316, 72.8444352, 0.0 ], [ 18.9829496, 72.8441328, 0.0 ], [ 18.9829516, 72.8440775, 0.0 ], [ 18.9830297, 72.8435766, 0.0 ], [ 18.98307, 72.8433181, 0.0 ], [ 18.9830982, 72.843135, 0.0 ], [ 18.983105, 72.8430912, 0.0 ], [ 18.9831394, 72.8428687, 0.0 ], [ 18.9831412, 72.842857, 0.0 ], [ 18.9831437, 72.8428404, 0.0 ], [ 18.9831543, 72.8427721, 0.0 ], [ 18.9831622, 72.8427207, 0.0 ], [ 18.9831798, 72.8426068, 0.0 ], [ 18.9832252, 72.8425954, 0.0 ], [ 18.9832437, 72.8425907, 0.0 ], [ 18.9832549, 72.8426063, 0.0 ], [ 18.9832952, 72.8425961, 0.0 ], [ 18.9833162, 72.8425908, 0.0 ], [ 18.9833195, 72.84259, 0.0 ], [ 18.9834721, 72.8425513, 0.0 ], [ 18.9838064, 72.8424652, 0.0 ], [ 18.9841251, 72.8423859, 0.0 ], [ 18.9844731, 72.8423041, 0.0 ], [ 18.9847377, 72.8422365, 0.0 ], [ 18.9847918, 72.8422226, 0.0 ], [ 18.9851492, 72.8421341, 0.0 ], [ 18.9852806, 72.8420928, 0.0 ], [ 18.9855905, 72.8420153, 0.0 ], [ 18.9862171, 72.8418526, 0.0 ], [ 18.9867725, 72.8417084, 0.0 ], [ 18.987384, 72.8415477, 0.0 ], [ 18.9874029, 72.8415392, 0.0 ], [ 18.987482, 72.8415189, 0.0 ], [ 18.9876638, 72.8415206, 0.0 ], [ 18.9877255, 72.841505, 0.0 ], [ 18.9877992, 72.8414861, 0.0 ], [ 18.9880489, 72.8414347, 0.0 ], [ 18.9880805, 72.8414282, 0.0 ], [ 18.988082, 72.8414275, 0.0 ], [ 18.9880851, 72.8414261, 0.0 ], [ 18.9880891, 72.8414241, 0.0 ], [ 18.9880942, 72.8414211, 0.0 ], [ 18.9880973, 72.8414191, 0.0 ], [ 18.9881016, 72.841416, 0.0 ], [ 18.988105, 72.8414131, 0.0 ], [ 18.9881088, 72.8414097, 0.0 ], [ 18.9881112, 72.8414073, 0.0 ], [ 18.9881132, 72.8414052, 0.0 ], [ 18.9881164, 72.8414015, 0.0 ], [ 18.9881203, 72.8413965, 0.0 ], [ 18.9881233, 72.841392, 0.0 ], [ 18.9881259, 72.8413876, 0.0 ], [ 18.9881278, 72.8413842, 0.0 ], [ 18.9881304, 72.8413788, 0.0 ], [ 18.9881315, 72.8413761, 0.0 ], [ 18.988133, 72.8413723, 0.0 ], [ 18.9881341, 72.841369, 0.0 ], [ 18.9881351, 72.8413658, 0.0 ], [ 18.9881357, 72.8413634, 0.0 ], [ 18.9881369, 72.8413584, 0.0 ], [ 18.9881379, 72.8413526, 0.0 ], [ 18.9881382, 72.8413498, 0.0 ], [ 18.9881397, 72.8412417, 0.0 ], [ 18.9881488, 72.8407537, 0.0 ], [ 18.9881841, 72.8402951, 0.0 ], [ 18.9882028, 72.8401474, 0.0 ], [ 18.9882182, 72.8399038, 0.0 ], [ 18.9882466, 72.8394428, 0.0 ], [ 18.9882686, 72.839067, 0.0 ], [ 18.988296, 72.8386293, 0.0 ], [ 18.988328, 72.8381368, 0.0 ], [ 18.9883391, 72.8379454, 0.0 ], [ 18.9883412, 72.8379092, 0.0 ], [ 18.9883539, 72.8376902, 0.0 ], [ 18.9883591, 72.8376005, 0.0 ], [ 18.9883896, 72.8370554, 0.0 ], [ 18.9884112, 72.8367712, 0.0 ], [ 18.9884344, 72.8364987, 0.0 ], [ 18.9884598, 72.8362038, 0.0 ], [ 18.9884875, 72.8358027, 0.0 ], [ 18.9884981, 72.8356909, 0.0 ], [ 18.9884984, 72.8352935, 0.0 ], [ 18.9884867, 72.835226, 0.0 ], [ 18.9884299, 72.8348893, 0.0 ], [ 18.9884184, 72.8348208, 0.0 ], [ 18.9883458, 72.834448, 0.0 ], [ 18.9882887, 72.8340941, 0.0 ], [ 18.9882691, 72.833973, 0.0 ], [ 18.9881806, 72.8334607, 0.0 ], [ 18.9881721, 72.8334133, 0.0 ], [ 18.9881285, 72.8331705, 0.0 ], [ 18.9881218, 72.8331335, 0.0 ], [ 18.9894902, 72.8330203, 0.0 ], [ 18.9894982, 72.8330203, 0.0 ], [ 18.9894984, 72.833023, 0.0 ], [ 18.9894986, 72.8330255, 0.0 ], [ 18.9894987, 72.8330268, 0.0 ], [ 18.9896364, 72.833027, 0.0 ], [ 18.9899246, 72.8330306, 0.0 ], [ 18.991135, 72.8330411, 0.0 ], [ 18.9925926, 72.8330268, 0.0 ], [ 18.9948617, 72.8330774, 0.0 ], [ 18.9950883, 72.8330684, 0.0 ], [ 18.9964019, 72.8330219, 0.0 ], [ 18.9983404, 72.8331046, 0.0 ], [ 18.9999038, 72.8333414, 0.0 ], [ 19.0008469, 72.833558, 0.0 ], [ 19.001, 72.8335902, 0.0 ], [ 19.0010676, 72.8336056, 0.0 ], [ 19.0012603, 72.8336464, 0.0 ], [ 19.0022201, 72.8339786, 0.0 ], [ 19.0025776, 72.83409, 0.0 ], [ 19.0029051, 72.8341963, 0.0 ], [ 19.0033087, 72.8343455, 0.0 ], [ 19.0037473, 72.8345046, 0.0 ], [ 19.0042345, 72.8347008, 0.0 ], [ 19.0043246, 72.8347379, 0.0 ], [ 19.0046491, 72.8348715, 0.0 ], [ 19.0051032, 72.8350746, 0.0 ], [ 19.0051504, 72.8350971, 0.0 ], [ 19.0056065, 72.8353141, 0.0 ], [ 19.0059863, 72.835503, 0.0 ], [ 19.0061859, 72.8356129, 0.0 ], [ 19.0064759, 72.8357805, 0.0 ], [ 19.0067581, 72.8359522, 0.0 ], [ 19.0070735, 72.8361493, 0.0 ], [ 19.0071834, 72.8362209, 0.0 ], [ 19.0072891, 72.8362898, 0.0 ], [ 19.0072894, 72.83629, 0.0 ], [ 19.0073951, 72.8363588, 0.0 ], [ 19.007687, 72.8365745, 0.0 ], [ 19.0079963, 72.8367759, 0.0 ], [ 19.0080648, 72.8368214, 0.0 ], [ 19.0082301, 72.8369311, 0.0 ], [ 19.0085083, 72.8371158, 0.0 ], [ 19.0089396, 72.8374017, 0.0 ], [ 19.009112, 72.837516, 0.0 ], [ 19.0092456, 72.8376003, 0.0 ], [ 19.0094902, 72.837762, 0.0 ], [ 19.0096122, 72.8378493, 0.0 ], [ 19.0097029, 72.8379141, 0.0 ], [ 19.0101344, 72.8381996, 0.0 ], [ 19.0105256, 72.8384601, 0.0 ], [ 19.0109537, 72.8387429, 0.0 ], [ 19.0114378, 72.8390764, 0.0 ], [ 19.0116291, 72.8392054, 0.0 ], [ 19.0117772, 72.8393052, 0.0 ], [ 19.011922, 72.8394066, 0.0 ], [ 19.0130088, 72.840154, 0.0 ], [ 19.0131955, 72.8402819, 0.0 ], [ 19.0134577, 72.8404641, 0.0 ], [ 19.0137446, 72.840662, 0.0 ], [ 19.0140756, 72.8408844, 0.0 ], [ 19.0144405, 72.8411262, 0.0 ], [ 19.0148202, 72.8413734, 0.0 ], [ 19.0150705, 72.8415299, 0.0 ], [ 19.0153473, 72.8417149, 0.0 ], [ 19.0160158, 72.8421524, 0.0 ], [ 19.0161609, 72.8422562, 0.0 ], [ 19.0163892, 72.8424221, 0.0 ], [ 19.0169661, 72.8428405, 0.0 ], [ 19.01681, 72.8430025, 0.0 ], [ 19.01681, 72.8430026, 0.0 ], [ 19.0166254, 72.8432052, 0.0 ], [ 19.0163642, 72.8434918, 0.0 ], [ 19.016315, 72.8435448, 0.0 ], [ 19.0159289, 72.8439952, 0.0 ], [ 19.0158435, 72.8440959, 0.0 ], [ 19.0156614, 72.8443008, 0.0 ], [ 19.0155293, 72.8444501, 0.0 ], [ 19.0155049, 72.8444812, 0.0 ], [ 19.0153206, 72.8447161, 0.0 ], [ 19.0151739, 72.844905, 0.0 ], [ 19.0149569, 72.8451628, 0.0 ], [ 19.0148667, 72.8452788, 0.0 ], [ 19.0148348, 72.8453199, 0.0 ], [ 19.0146824, 72.8455092, 0.0 ], [ 19.0146025, 72.8456245, 0.0 ], [ 19.0143597, 72.8459835, 0.0 ], [ 19.0141734, 72.8463104, 0.0 ], [ 19.0140824, 72.8464493, 0.0 ], [ 19.0139948, 72.8465956, 0.0 ], [ 19.0139378, 72.8466837, 0.0 ], [ 19.0137808, 72.8468078, 0.0 ], [ 19.0137259, 72.8468516, 0.0 ], [ 19.0136981, 72.8468807, 0.0 ], [ 19.0136745, 72.8469051, 0.0 ], [ 19.0135746, 72.8470199, 0.0 ], [ 19.0133742, 72.8472521, 0.0 ], [ 19.0132799, 72.8473503, 0.0 ], [ 19.0132323, 72.8474042, 0.0 ], [ 19.0131926, 72.8474512, 0.0 ], [ 19.0131768, 72.8474826, 0.0 ], [ 19.0131505, 72.8475627, 0.0 ], [ 19.0130927, 72.8477629, 0.0 ], [ 19.0130155, 72.8480238, 0.0 ], [ 19.0128779, 72.8484943, 0.0 ], [ 19.0128471, 72.8485971, 0.0 ], [ 19.0128337, 72.8486582, 0.0 ], [ 19.012816, 72.8487449, 0.0 ], [ 19.0127751, 72.8489444, 0.0 ], [ 19.0127463, 72.8491026, 0.0 ], [ 19.0127403, 72.8491458, 0.0 ], [ 19.0126751, 72.8492169, 0.0 ], [ 19.0126364, 72.8492013, 0.0 ], [ 19.012609, 72.8492903, 0.0 ], [ 19.0125438, 72.8495078, 0.0 ], [ 19.0124405, 72.8498837, 0.0 ], [ 19.0124333, 72.8499084, 0.0 ], [ 19.0124215, 72.8499803, 0.0 ], [ 19.0124149, 72.8500089, 0.0 ], [ 19.0124029, 72.8500496, 0.0 ], [ 19.0123928, 72.850081, 0.0 ], [ 19.0123284, 72.850331, 0.0 ], [ 19.0119199, 72.8519359, 0.0 ], [ 19.0118356, 72.8522672, 0.0 ], [ 19.011598, 72.8532021, 0.0 ], [ 19.0115748, 72.8532984, 0.0 ], [ 19.0115719, 72.8533106, 0.0 ], [ 19.0114969, 72.8536056, 0.0 ], [ 19.0114008, 72.8539876, 0.0 ], [ 19.0113837, 72.8540553, 0.0 ], [ 19.0113718, 72.8541022, 0.0 ], [ 19.0113567, 72.8541613, 0.0 ], [ 19.0113038, 72.8543762, 0.0 ], [ 19.011263, 72.8545223, 0.0 ], [ 19.0112255, 72.8546812, 0.0 ], [ 19.0111792, 72.8548397, 0.0 ], [ 19.0111162, 72.8548318, 0.0 ], [ 19.0110145, 72.8548168, 0.0 ], [ 19.0109811, 72.8548118, 0.0 ], [ 19.0109495, 72.8549525, 0.0 ], [ 19.0108949, 72.8552141, 0.0 ], [ 19.0108378, 72.8554883, 0.0 ], [ 19.0107879, 72.8557113, 0.0 ], [ 19.0107847, 72.8557255, 0.0 ], [ 19.0107688, 72.8558151, 0.0 ], [ 19.0107676, 72.8558223, 0.0 ], [ 19.0107639, 72.8558404, 0.0 ], [ 19.0107537, 72.8558909, 0.0 ], [ 19.0107519, 72.8558999, 0.0 ], [ 19.0107318, 72.8559926, 0.0 ], [ 19.0106704, 72.8562762, 0.0 ], [ 19.0105868, 72.8562542, 0.0 ] ] ] } }
]
}
